ISO-10303-21;
HEADER;
FILE_DESCRIPTION(('KiCad electronic assembly'),'2;1');
FILE_NAME('modeeel.step','2026-06-01T08:58:07',('Pcbnew'),('Kicad'),
  'Open CASCADE STEP processor 7.9','KiCad to STEP converter','Unknown'
  );
FILE_SCHEMA(('AUTOMOTIVE_DESIGN { 1 0 10303 214 1 1 1 1 }'));
ENDSEC;
DATA;
#1 = APPLICATION_PROTOCOL_DEFINITION('international standard',
  'automotive_design',2000,#2);
#2 = APPLICATION_CONTEXT(
  'core data for automotive mechanical design processes');
#3 = SHAPE_DEFINITION_REPRESENTATION(#4,#10);
#4 = PRODUCT_DEFINITION_SHAPE('','',#5);
#5 = PRODUCT_DEFINITION('design','',#6,#9);
#6 = PRODUCT_DEFINITION_FORMATION('','',#7);
#7 = PRODUCT('modeeel 1','modeeel 1','',(#8));
#8 = PRODUCT_CONTEXT('',#2,'mechanical');
#9 = PRODUCT_DEFINITION_CONTEXT('part definition',#2,'design');
#10 = SHAPE_REPRESENTATION('',(#11,#15,#19,#23,#27,#31,#35,#39,#43,#47,
    #51,#55,#59,#63,#67,#71,#75,#79,#83),#87);
#11 = AXIS2_PLACEMENT_3D('',#12,#13,#14);
#12 = CARTESIAN_POINT('',(0.,0.,0.));
#13 = DIRECTION('',(0.,0.,1.));
#14 = DIRECTION('',(1.,0.,-0.));
#15 = AXIS2_PLACEMENT_3D('',#16,#17,#18);
#16 = CARTESIAN_POINT('',(153.85,-97.75,1.595));
#17 = DIRECTION('',(-0.,0.,1.));
#18 = DIRECTION('',(1.110223024625E-16,-1.,0.));
#19 = AXIS2_PLACEMENT_3D('',#20,#21,#22);
#20 = CARTESIAN_POINT('',(159.13,-131.5,1.595));
#21 = DIRECTION('',(0.,0.,1.));
#22 = DIRECTION('',(1.,0.,0.));
#23 = AXIS2_PLACEMENT_3D('',#24,#25,#26);
#24 = CARTESIAN_POINT('',(167.38,-120.8,1.595));
#25 = DIRECTION('',(0.,0.,1.));
#26 = DIRECTION('',(1.,0.,0.));
#27 = AXIS2_PLACEMENT_3D('',#28,#29,#30);
#28 = CARTESIAN_POINT('',(154.21,-120.145,1.595));
#29 = DIRECTION('',(-0.,0.,1.));
#30 = DIRECTION('',(1.110223024625E-16,-1.,0.));
#31 = AXIS2_PLACEMENT_3D('',#32,#33,#34);
#32 = CARTESIAN_POINT('',(132.73,-128.6,1.595));
#33 = DIRECTION('',(0.,0.,1.));
#34 = DIRECTION('',(1.,0.,0.));
#35 = AXIS2_PLACEMENT_3D('',#36,#37,#38);
#36 = CARTESIAN_POINT('',(138.385,-117.895,1.595));
#37 = DIRECTION('',(0.,0.,1.));
#38 = DIRECTION('',(1.,0.,0.));
#39 = AXIS2_PLACEMENT_3D('',#40,#41,#42);
#40 = CARTESIAN_POINT('',(149.8,-97.75,1.595));
#41 = DIRECTION('',(-0.,0.,1.));
#42 = DIRECTION('',(1.110223024625E-16,-1.,0.));
#43 = AXIS2_PLACEMENT_3D('',#44,#45,#46);
#44 = CARTESIAN_POINT('',(145.75,-97.75,1.595));
#45 = DIRECTION('',(-0.,0.,1.));
#46 = DIRECTION('',(1.110223024625E-16,-1.,0.));
#47 = AXIS2_PLACEMENT_3D('',#48,#49,#50);
#48 = CARTESIAN_POINT('',(145.31,-134.35,1.595));
#49 = DIRECTION('',(0.,0.,1.));
#50 = DIRECTION('',(1.,0.,0.));
#51 = AXIS2_PLACEMENT_3D('',#52,#53,#54);
#52 = CARTESIAN_POINT('',(133.795,-117.895,1.595));
#53 = DIRECTION('',(0.,0.,1.));
#54 = DIRECTION('',(1.,0.,0.));
#55 = AXIS2_PLACEMENT_3D('',#56,#57,#58);
#56 = CARTESIAN_POINT('',(126.83,-117.95,1.595));
#57 = DIRECTION('',(0.,0.,1.));
#58 = DIRECTION('',(1.,0.,0.));
#59 = AXIS2_PLACEMENT_3D('',#60,#61,#62);
#60 = CARTESIAN_POINT('',(147.98,-92.7,1.595));
#61 = DIRECTION('',(0.,0.,1.));
#62 = DIRECTION('',(1.,0.,0.));
#63 = AXIS2_PLACEMENT_3D('',#64,#65,#66);
#64 = CARTESIAN_POINT('',(134.194888,-110.65,1.595));
#65 = DIRECTION('',(0.,0.,1.));
#66 = DIRECTION('',(1.,0.,0.));
#67 = AXIS2_PLACEMENT_3D('',#68,#69,#70);
#68 = CARTESIAN_POINT('',(129.71,-104.5,1.595));
#69 = DIRECTION('',(0.,0.,1.));
#70 = DIRECTION('',(1.,0.,0.));
#71 = AXIS2_PLACEMENT_3D('',#72,#73,#74);
#72 = CARTESIAN_POINT('',(168.38,-107.7,1.595));
#73 = DIRECTION('',(0.,0.,1.));
#74 = DIRECTION('',(1.,0.,0.));
#75 = AXIS2_PLACEMENT_3D('',#76,#77,#78);
#76 = CARTESIAN_POINT('',(160.48,-97.7,1.595));
#77 = DIRECTION('',(0.,0.,1.));
#78 = DIRECTION('',(1.,0.,0.));
#79 = AXIS2_PLACEMENT_3D('',#80,#81,#82);
#80 = CARTESIAN_POINT('',(136.68,-96.3,1.595));
#81 = DIRECTION('',(0.,0.,1.));
#82 = DIRECTION('',(1.,0.,0.));
#83 = AXIS2_PLACEMENT_3D('',#84,#85,#86);
#84 = CARTESIAN_POINT('',(0.,0.,0.));
#85 = DIRECTION('',(0.,0.,1.));
#86 = DIRECTION('',(1.,0.,-0.));
#87 = ( GEOMETRIC_REPRESENTATION_CONTEXT(3) 
GLOBAL_UNCERTAINTY_ASSIGNED_CONTEXT((#91)) GLOBAL_UNIT_ASSIGNED_CONTEXT(
(#88,#89,#90)) REPRESENTATION_CONTEXT('Context #1',
  '3D Context with UNIT and UNCERTAINTY') );
#88 = ( LENGTH_UNIT() NAMED_UNIT(*) SI_UNIT(.MILLI.,.METRE.) );
#89 = ( NAMED_UNIT(*) PLANE_ANGLE_UNIT() SI_UNIT($,.RADIAN.) );
#90 = ( NAMED_UNIT(*) SI_UNIT($,.STERADIAN.) SOLID_ANGLE_UNIT() );
#91 = UNCERTAINTY_MEASURE_WITH_UNIT(LENGTH_MEASURE(5.E-07),#88,
  'distance_accuracy_value','confusion accuracy');
#92 = PRODUCT_RELATED_PRODUCT_CATEGORY('part',$,(#7));
#93 = SHAPE_DEFINITION_REPRESENTATION(#94,#100);
#94 = PRODUCT_DEFINITION_SHAPE('','',#95);
#95 = PRODUCT_DEFINITION('design','',#96,#99);
#96 = PRODUCT_DEFINITION_FORMATION('','',#97);
#97 = PRODUCT('R_Axial_DIN0207_L6.3mm_D2.5mm_P7.62mm_Horizontal',
  'R_Axial_DIN0207_L6.3mm_D2.5mm_P7.62mm_Horizontal','',(#98));
#98 = PRODUCT_CONTEXT('',#2,'mechanical');
#99 = PRODUCT_DEFINITION_CONTEXT('part definition',#2,'design');
#100 = ADVANCED_BREP_SHAPE_REPRESENTATION('',(#11,#101),#764);
#101 = MANIFOLD_SOLID_BREP('',#102);
#102 = CLOSED_SHELL('',(#103,#136,#162,#182,#365,#390,#416,#436,#461,
    #486,#495,#521,#704,#730,#755));
#103 = ADVANCED_FACE('',(#104),#131,.T.);
#104 = FACE_BOUND('',#105,.T.);
#105 = EDGE_LOOP('',(#106,#115,#123,#130));
#106 = ORIENTED_EDGE('',*,*,#107,.T.);
#107 = EDGE_CURVE('',#108,#108,#110,.T.);
#108 = VERTEX_POINT('',#109);
#109 = CARTESIAN_POINT('',(1.285,1.25,1.25));
#110 = CIRCLE('',#111,1.25);
#111 = AXIS2_PLACEMENT_3D('',#112,#113,#114);
#112 = CARTESIAN_POINT('',(1.285,0.,1.25));
#113 = DIRECTION('',(1.,0.,0.));
#114 = DIRECTION('',(-0.,1.,0.));
#115 = ORIENTED_EDGE('',*,*,#116,.T.);
#116 = EDGE_CURVE('',#108,#117,#119,.T.);
#117 = VERTEX_POINT('',#118);
#118 = CARTESIAN_POINT('',(2.235,1.25,1.25));
#119 = LINE('',#120,#121);
#120 = CARTESIAN_POINT('',(0.66,1.25,1.25));
#121 = VECTOR('',#122,1.);
#122 = DIRECTION('',(1.,0.,0.));
#123 = ORIENTED_EDGE('',*,*,#124,.F.);
#124 = EDGE_CURVE('',#117,#117,#125,.T.);
#125 = CIRCLE('',#126,1.25);
#126 = AXIS2_PLACEMENT_3D('',#127,#128,#129);
#127 = CARTESIAN_POINT('',(2.235,0.,1.25));
#128 = DIRECTION('',(1.,0.,0.));
#129 = DIRECTION('',(-0.,1.,0.));
#130 = ORIENTED_EDGE('',*,*,#116,.F.);
#131 = CYLINDRICAL_SURFACE('',#132,1.25);
#132 = AXIS2_PLACEMENT_3D('',#133,#134,#135);
#133 = CARTESIAN_POINT('',(0.66,0.,1.25));
#134 = DIRECTION('',(-1.,-0.,-0.));
#135 = DIRECTION('',(0.,1.,0.));
#136 = ADVANCED_FACE('',(#137),#157,.T.);
#137 = FACE_BOUND('',#138,.T.);
#138 = EDGE_LOOP('',(#139,#148,#155,#156));
#139 = ORIENTED_EDGE('',*,*,#140,.T.);
#140 = EDGE_CURVE('',#141,#141,#143,.T.);
#141 = VERTEX_POINT('',#142);
#142 = CARTESIAN_POINT('',(0.66,0.625,1.25));
#143 = CIRCLE('',#144,0.625);
#144 = AXIS2_PLACEMENT_3D('',#145,#146,#147);
#145 = CARTESIAN_POINT('',(0.66,0.,1.25));
#146 = DIRECTION('',(1.,0.,0.));
#147 = DIRECTION('',(-0.,1.,0.));
#148 = ORIENTED_EDGE('',*,*,#149,.F.);
#149 = EDGE_CURVE('',#108,#141,#150,.T.);
#150 = CIRCLE('',#151,0.625);
#151 = AXIS2_PLACEMENT_3D('',#152,#153,#154);
#152 = CARTESIAN_POINT('',(1.285,0.625,1.25));
#153 = DIRECTION('',(0.,-0.,1.));
#154 = DIRECTION('',(0.,1.,0.));
#155 = ORIENTED_EDGE('',*,*,#107,.F.);
#156 = ORIENTED_EDGE('',*,*,#149,.T.);
#157 = TOROIDAL_SURFACE('',#158,0.625,0.625);
#158 = AXIS2_PLACEMENT_3D('',#159,#160,#161);
#159 = CARTESIAN_POINT('',(1.285,0.,1.25));
#160 = DIRECTION('',(-1.,0.,0.));
#161 = DIRECTION('',(0.,1.,0.));
#162 = ADVANCED_FACE('',(#163,#166),#177,.F.);
#163 = FACE_BOUND('',#164,.F.);
#164 = EDGE_LOOP('',(#165));
#165 = ORIENTED_EDGE('',*,*,#124,.F.);
#166 = FACE_BOUND('',#167,.F.);
#167 = EDGE_LOOP('',(#168));
#168 = ORIENTED_EDGE('',*,*,#169,.F.);
#169 = EDGE_CURVE('',#170,#170,#172,.T.);
#170 = VERTEX_POINT('',#171);
#171 = CARTESIAN_POINT('',(2.235,1.125,1.25));
#172 = CIRCLE('',#173,1.125);
#173 = AXIS2_PLACEMENT_3D('',#174,#175,#176);
#174 = CARTESIAN_POINT('',(2.235,0.,1.25));
#175 = DIRECTION('',(-1.,0.,0.));
#176 = DIRECTION('',(0.,1.,0.));
#177 = PLANE('',#178);
#178 = AXIS2_PLACEMENT_3D('',#179,#180,#181);
#179 = CARTESIAN_POINT('',(2.235,1.25,1.25));
#180 = DIRECTION('',(-1.,0.,0.));
#181 = DIRECTION('',(0.,0.,-1.));
#182 = ADVANCED_FACE('',(#183,#186),#360,.T.);
#183 = FACE_BOUND('',#184,.T.);
#184 = EDGE_LOOP('',(#185));
#185 = ORIENTED_EDGE('',*,*,#140,.F.);
#186 = FACE_BOUND('',#187,.T.);
#187 = EDGE_LOOP('',(#188));
#188 = ORIENTED_EDGE('',*,*,#189,.F.);
#189 = EDGE_CURVE('',#190,#190,#192,.T.);
#190 = VERTEX_POINT('',#191);
#191 = CARTESIAN_POINT('',(0.66,1.102182119233E-16,0.899909083395));
#192 = B_SPLINE_CURVE_WITH_KNOTS('',6,(#193,#194,#195,#196,#197,#198,
    #199,#200,#201,#202,#203,#204,#205,#206,#207,#208,#209,#210,#211,
    #212,#213,#214,#215,#216,#217,#218,#219,#220,#221,#222,#223,#224,
    #225,#226,#227,#228,#229,#230,#231,#232,#233,#234,#235,#236,#237,
    #238,#239,#240,#241,#242,#243,#244,#245,#246,#247,#248,#249,#250,
    #251,#252,#253,#254,#255,#256,#257,#258,#259,#260,#261,#262,#263,
    #264,#265,#266,#267,#268,#269,#270,#271,#272,#273,#274,#275,#276,
    #277,#278,#279,#280,#281,#282,#283,#284,#285,#286,#287,#288,#289,
    #290,#291,#292,#293,#294,#295,#296,#297,#298,#299,#300,#301,#302,
    #303,#304,#305,#306,#307,#308,#309,#310,#311,#312,#313,#314,#315,
    #316,#317,#318,#319,#320,#321,#322,#323,#324,#325,#326,#327,#328,
    #329,#330,#331,#332,#333,#334,#335,#336,#337,#338,#339,#340,#341,
    #342,#343,#344,#345,#346,#347,#348,#349,#350,#351,#352,#353,#354,
    #355,#356,#357,#358,#359),.UNSPECIFIED.,.T.,.F.,(1,6,5,5,5,5,5,5,5,5
    ,5,5,5,5,5,5,5,5,5,5,5,5,5,5,5,5,5,5,5,5,5,5,5,5,6,1),(
    -3.7441643477E-02,0.,2.521870323933E-02,5.431496394384E-02,
    8.648919549843E-02,0.120700162351,0.155854554579,0.191019956077,
    0.22552099352,0.258944151729,0.291091798271,0.321919308947,
    0.351475044446,0.379851974729,0.407153625953,0.43347490921,
    0.458900868731,0.483545347382,0.505902822615,0.530283950565,
    0.555351989471,0.581274789002,0.608140584187,0.636038742308,
    0.665070462617,0.695336577837,0.72690990423,0.759792997252,
    0.79386262098,0.828806470397,0.864066503475,0.898816439436,
    0.932013287381,0.962558356523,1.,1.025218703239),.UNSPECIFIED.);
#193 = CARTESIAN_POINT('',(0.66,0.,0.899909083395));
#194 = CARTESIAN_POINT('',(0.66,-9.861963323296E-03,0.899909084471));
#195 = CARTESIAN_POINT('',(0.66,-1.960383099012E-02,0.900333558971));
#196 = CARTESIAN_POINT('',(0.66,-2.90667633729E-02,0.901163095205));
#197 = CARTESIAN_POINT('',(0.66,-3.818473840012E-02,0.902336888075));
#198 = CARTESIAN_POINT('',(0.66,-4.697555886318E-02,0.903805406252));
#199 = CARTESIAN_POINT('',(0.66,-6.541217845247E-02,0.907588617289));
#200 = CARTESIAN_POINT('',(0.66,-7.491989955217E-02,0.909985996381));
#201 = CARTESIAN_POINT('',(0.66,-8.408858685729E-02,0.912709602459));
#202 = CARTESIAN_POINT('',(0.66,-9.29431150905E-02,0.915726339128));
#203 = CARTESIAN_POINT('',(0.66,-0.101504886237,0.919011492948));
#204 = CARTESIAN_POINT('',(0.66,-0.118958160976,0.926453793498));
#205 = CARTESIAN_POINT('',(0.66,-0.127787740677,0.930666021227));
#206 = CARTESIAN_POINT('',(0.66,-0.136306213845,0.935155972835));
#207 = CARTESIAN_POINT('',(0.66,-0.144532125259,0.939904061777));
#208 = CARTESIAN_POINT('',(0.66,-0.152479834979,0.944895594586));
#209 = CARTESIAN_POINT('',(0.66,-0.168328675181,0.955672717204));
#210 = CARTESIAN_POINT('',(0.66,-0.176194628708,0.961488338811));
#211 = CARTESIAN_POINT('',(0.66,-0.183772627725,0.967551590964));
#212 = CARTESIAN_POINT('',(0.66,-0.191071921446,0.973851630909));
#213 = CARTESIAN_POINT('',(0.66,-0.19809849539,0.980379998969));
#214 = CARTESIAN_POINT('',(0.66,-0.211800252103,0.99406561399));
#215 = CARTESIAN_POINT('',(0.66,-0.218460183619,1.001235038361));
#216 = CARTESIAN_POINT('',(0.66,-0.224839916669,1.008630424477));
#217 = CARTESIAN_POINT('',(0.66,-0.230940302033,1.016245317007));
#218 = CARTESIAN_POINT('',(0.66,-0.236759778797,1.024074009311));
#219 = CARTESIAN_POINT('',(0.66,-0.247832030244,1.040150827903));
#220 = CARTESIAN_POINT('',(0.66,-0.253084597548,1.048398894868));
#221 = CARTESIAN_POINT('',(0.66,-0.258049056373,1.056850063306));
#222 = CARTESIAN_POINT('',(0.66,-0.262719990238,1.065498702059));
#223 = CARTESIAN_POINT('',(0.66,-0.267090249501,1.07433884651));
#224 = CARTESIAN_POINT('',(0.66,-0.275134936213,1.092219038761));
#225 = CARTESIAN_POINT('',(0.66,-0.278821023102,1.101251941956));
#226 = CARTESIAN_POINT('',(0.66,-0.282200792082,1.110456832947));
#227 = CARTESIAN_POINT('',(0.66,-0.285264705632,1.119826546568));
#228 = CARTESIAN_POINT('',(0.66,-0.288002108658,1.129352827713));
#229 = CARTESIAN_POINT('',(0.66,-0.29272539517,1.148397615962));
#230 = CARTESIAN_POINT('',(0.66,-0.29473218058,1.157906910826));
#231 = CARTESIAN_POINT('',(0.66,-0.296410836061,1.167545600214));
#232 = CARTESIAN_POINT('',(0.66,-0.297750151594,1.177303530334));
#233 = CARTESIAN_POINT('',(0.66,-0.298738455802,1.187169009313));
#234 = CARTESIAN_POINT('',(0.66,-0.299964918417,1.206708514181));
#235 = CARTESIAN_POINT('',(0.66,-0.300230384291,1.216375379318));
#236 = CARTESIAN_POINT('',(0.66,-0.300149186912,1.226117491764));
#237 = CARTESIAN_POINT('',(0.66,-0.299710710819,1.235921272022));
#238 = CARTESIAN_POINT('',(0.66,-0.298904551758,1.245771471938));
#239 = CARTESIAN_POINT('',(0.66,-0.296585103724,1.265125169703));
#240 = CARTESIAN_POINT('',(0.66,-0.295102339165,1.274626258325));
#241 = CARTESIAN_POINT('',(0.66,-0.293263240337,1.284139377081));
#242 = CARTESIAN_POINT('',(0.66,-0.291059628806,1.293647957516));
#243 = CARTESIAN_POINT('',(0.66,-0.288484130363,1.303133926208));
#244 = CARTESIAN_POINT('',(0.66,-0.282698083788,1.321631884472));
#245 = CARTESIAN_POINT('',(0.66,-0.279518227914,1.330647303479));
#246 = CARTESIAN_POINT('',(0.66,-0.275984860345,1.33960658093));
#247 = CARTESIAN_POINT('',(0.66,-0.272093455342,1.348491200819));
#248 = CARTESIAN_POINT('',(0.66,-0.267840708483,1.357281511993));
#249 = CARTESIAN_POINT('',(0.66,-0.258792476906,1.374285940745));
#250 = CARTESIAN_POINT('',(0.66,-0.254025481533,1.382509111114));
#251 = CARTESIAN_POINT('',(0.66,-0.248921768643,1.390607755283));
#252 = CARTESIAN_POINT('',(0.66,-0.243480982245,1.398562700734));
#253 = CARTESIAN_POINT('',(0.66,-0.237704192262,1.406354086406));
#254 = CARTESIAN_POINT('',(0.66,-0.22571513259,1.421280378602));
#255 = CARTESIAN_POINT('',(0.66,-0.219527706492,1.428429037341));
#256 = CARTESIAN_POINT('',(0.66,-0.213033892817,1.435388992124));
#257 = CARTESIAN_POINT('',(0.66,-0.206237433156,1.442141613477));
#258 = CARTESIAN_POINT('',(0.66,-0.199143534101,1.448667989237));
#259 = CARTESIAN_POINT('',(0.66,-0.184639374507,1.46100431938));
#260 = CARTESIAN_POINT('',(0.66,-0.177249666015,1.466831638372));
#261 = CARTESIAN_POINT('',(0.66,-0.169595736209,1.472413656662));
#262 = CARTESIAN_POINT('',(0.66,-0.161685054894,1.477733175901));
#263 = CARTESIAN_POINT('',(0.66,-0.153526567249,1.482773024258));
#264 = CARTESIAN_POINT('',(0.66,-0.137020407721,1.492097753386));
#265 = CARTESIAN_POINT('',(0.66,-0.128688747003,1.496402530856));
#266 = CARTESIAN_POINT('',(0.66,-0.12014499879,1.500414878928));
#267 = CARTESIAN_POINT('',(0.66,-0.111400259626,1.504119593216));
#268 = CARTESIAN_POINT('',(0.66,-0.102467435485,1.507501774849));
#269 = CARTESIAN_POINT('',(0.66,-8.453493192811E-02,1.513498294635));
#270 = CARTESIAN_POINT('',(0.66,-7.554639694304E-02,1.516132890753));
#271 = CARTESIAN_POINT('',(0.66,-6.64085144705E-02,1.518437847791));
#272 = CARTESIAN_POINT('',(0.66,-5.713783351899E-02,1.520400106432));
#273 = CARTESIAN_POINT('',(0.66,-4.775488525608E-02,1.522007764907));
#274 = CARTESIAN_POINT('',(0.66,-2.969295309097E-02,1.524379864025));
#275 = CARTESIAN_POINT('',(0.66,-2.102888075484E-02,1.525208782901));
#276 = CARTESIAN_POINT('',(0.66,-1.231401679426E-02,1.525730893697));
#277 = CARTESIAN_POINT('',(0.66,-3.572675622322E-03,1.525941364018));
#278 = CARTESIAN_POINT('',(0.66,5.168222805428E-03,1.525838983228));
#279 = CARTESIAN_POINT('',(0.66,2.337847467049E-02,1.524978205181));
#280 = CARTESIAN_POINT('',(0.66,3.284375814827E-02,1.524161190409));
#281 = CARTESIAN_POINT('',(0.66,4.224166817951E-02,1.522980309203));
#282 = CARTESIAN_POINT('',(0.66,5.154498116248E-02,1.52144453626));
#283 = CARTESIAN_POINT('',(0.66,6.073223707979E-02,1.519565307122));
#284 = CARTESIAN_POINT('',(0.66,7.909772773064E-02,1.515080653378));
#285 = CARTESIAN_POINT('',(0.66,8.826753248322E-02,1.512456350085));
#286 = CARTESIAN_POINT('',(0.66,9.727917108862E-02,1.509494369221));
#287 = CARTESIAN_POINT('',(0.66,0.106117308319,1.506208374239));
#288 = CARTESIAN_POINT('',(0.66,0.114768939441,1.502612541932));
#289 = CARTESIAN_POINT('',(0.66,0.131966117695,1.494697909774));
#290 = CARTESIAN_POINT('',(0.66,0.140497702999,1.490358571609));
#291 = CARTESIAN_POINT('',(0.66,0.148806061897,1.485719660214));
#292 = CARTESIAN_POINT('',(0.66,0.156880650792,1.480797427009));
#293 = CARTESIAN_POINT('',(0.66,0.164712466725,1.47560826256));
#294 = CARTESIAN_POINT('',(0.66,0.180151423764,1.464531255078));
#295 = CARTESIAN_POINT('',(0.66,0.187739958872,1.458624810593));
#296 = CARTESIAN_POINT('',(0.66,0.195051326582,1.452467732556));
#297 = CARTESIAN_POINT('',(0.66,0.202078661493,1.446078253645));
#298 = CARTESIAN_POINT('',(0.66,0.208816558921,1.439474469779));
#299 = CARTESIAN_POINT('',(0.66,0.221953232148,1.425612904145));
#300 = CARTESIAN_POINT('',(0.66,0.228328983313,1.41833967682));
#301 = CARTESIAN_POINT('',(0.66,0.234383958936,1.410874731309));
#302 = CARTESIAN_POINT('',(0.66,0.240115246881,1.403237638329));
#303 = CARTESIAN_POINT('',(0.66,0.245521392347,1.395447466144));
#304 = CARTESIAN_POINT('',(0.66,0.255889855564,1.379276097975));
#305 = CARTESIAN_POINT('',(0.66,0.260825146013,1.370883681886));
#306 = CARTESIAN_POINT('',(0.66,0.265408341569,1.362366377835));
#307 = CARTESIAN_POINT('',(0.66,0.269640849736,1.353744088225));
#308 = CARTESIAN_POINT('',(0.66,0.273525413156,1.345035772328));
#309 = CARTESIAN_POINT('',(0.66,0.280757352367,1.327109961101));
#310 = CARTESIAN_POINT('',(0.66,0.284074759274,1.317886517643));
#311 = CARTESIAN_POINT('',(0.66,0.287023012024,1.308609403309));
#312 = CARTESIAN_POINT('',(0.66,0.289607802772,1.299297542852));
#313 = CARTESIAN_POINT('',(0.66,0.291835834134,1.289968498384));
#314 = CARTESIAN_POINT('',(0.66,0.295674958709,1.270905470981));
#315 = CARTESIAN_POINT('',(0.66,0.297255116553,1.261171411794));
#316 = CARTESIAN_POINT('',(0.66,0.298464074992,1.251454521799));
#317 = CARTESIAN_POINT('',(0.66,0.299311100714,1.241771401083));
#318 = CARTESIAN_POINT('',(0.66,0.299805944827,1.232137019844));
#319 = CARTESIAN_POINT('',(0.66,0.30011808361,1.212595326012));
#320 = CARTESIAN_POINT('',(0.66,0.299906283631,1.202693348802));
#321 = CARTESIAN_POINT('',(0.66,0.299334987113,1.192873693594));
#322 = CARTESIAN_POINT('',(0.66,0.298415571185,1.183149633751));
#323 = CARTESIAN_POINT('',(0.66,0.297159245916,1.173532809156));
#324 = CARTESIAN_POINT('',(0.66,0.293937772017,1.154190866917));
#325 = CARTESIAN_POINT('',(0.66,0.291948568133,1.144474505513));
#326 = CARTESIAN_POINT('',(0.66,0.289621677512,1.134895129825));
#327 = CARTESIAN_POINT('',(0.66,0.286968496105,1.125462405282));
#328 = CARTESIAN_POINT('',(0.66,0.283999580964,1.116184674916));
#329 = CARTESIAN_POINT('',(0.66,0.277365684897,1.097719334783));
#330 = CARTESIAN_POINT('',(0.66,0.273684712853,1.08854034335));
#331 = CARTESIAN_POINT('',(0.66,0.269692176119,1.079539433524));
#332 = CARTESIAN_POINT('',(0.66,0.265397048483,1.07072335418));
#333 = CARTESIAN_POINT('',(0.66,0.260806835513,1.062098154612));
#334 = CARTESIAN_POINT('',(0.66,0.251004164416,1.045163946312));
#335 = CARTESIAN_POINT('',(0.66,0.245786379559,1.036858764173));
#336 = CARTESIAN_POINT('',(0.66,0.240280407048,1.028758964174));
#337 = CARTESIAN_POINT('',(0.66,0.234490342534,1.020870115558));
#338 = CARTESIAN_POINT('',(0.66,0.228418190257,1.013198030747));
#339 = CARTESIAN_POINT('',(0.66,0.215801462132,0.998407266407));
#340 = CARTESIAN_POINT('',(0.66,0.209265037039,0.991282398269));
#341 = CARTESIAN_POINT('',(0.66,0.202454011648,0.98438004474));
#342 = CARTESIAN_POINT('',(0.66,0.195365844133,0.977707070031));
#343 = CARTESIAN_POINT('',(0.66,0.187995125017,0.971271927442));
#344 = CARTESIAN_POINT('',(0.66,0.173012685338,0.959175110633));
#345 = CARTESIAN_POINT('',(0.66,0.165426730288,0.953491920673));
#346 = CARTESIAN_POINT('',(0.66,0.157566473117,0.948044968651));
#347 = CARTESIAN_POINT('',(0.66,0.149421191466,0.9428457983));
#348 = CARTESIAN_POINT('',(0.66,0.140976348171,0.937909629891));
#349 = CARTESIAN_POINT('',(0.66,0.124148062588,0.928975570166));
#350 = CARTESIAN_POINT('',(0.66,0.115814079383,0.924934455913));
#351 = CARTESIAN_POINT('',(0.66,0.107194119667,0.921149233675));
#352 = CARTESIAN_POINT('',(0.66,9.826941158436E-02,0.91763978502));
#353 = CARTESIAN_POINT('',(0.66,8.901687105598E-02,0.914432779149));
#354 = CARTESIAN_POINT('',(0.66,6.762842160337E-02,0.908048369916));
#355 = CARTESIAN_POINT('',(0.66,5.540310162877E-02,0.905067930004));
#356 = CARTESIAN_POINT('',(0.66,4.253150709481E-02,0.902628405907));
#357 = CARTESIAN_POINT('',(0.66,2.893757304003E-02,0.900850137762));
#358 = CARTESIAN_POINT('',(0.66,1.468319780375E-02,0.899909084997));
#359 = CARTESIAN_POINT('',(0.66,0.,0.899909083395));
#360 = PLANE('',#361);
#361 = AXIS2_PLACEMENT_3D('',#362,#363,#364);
#362 = CARTESIAN_POINT('',(0.66,1.25,1.25));
#363 = DIRECTION('',(-1.,0.,0.));
#364 = DIRECTION('',(0.,0.,-1.));
#365 = ADVANCED_FACE('',(#366),#385,.T.);
#366 = FACE_BOUND('',#367,.T.);
#367 = EDGE_LOOP('',(#368,#377,#383,#384));
#368 = ORIENTED_EDGE('',*,*,#369,.T.);
#369 = EDGE_CURVE('',#370,#370,#372,.T.);
#370 = VERTEX_POINT('',#371);
#371 = CARTESIAN_POINT('',(5.385,1.125,1.25));
#372 = CIRCLE('',#373,1.125);
#373 = AXIS2_PLACEMENT_3D('',#374,#375,#376);
#374 = CARTESIAN_POINT('',(5.385,0.,1.25));
#375 = DIRECTION('',(-1.,0.,0.));
#376 = DIRECTION('',(0.,1.,0.));
#377 = ORIENTED_EDGE('',*,*,#378,.F.);
#378 = EDGE_CURVE('',#170,#370,#379,.T.);
#379 = LINE('',#380,#381);
#380 = CARTESIAN_POINT('',(0.66,1.125,1.25));
#381 = VECTOR('',#382,1.);
#382 = DIRECTION('',(1.,0.,0.));
#383 = ORIENTED_EDGE('',*,*,#169,.F.);
#384 = ORIENTED_EDGE('',*,*,#378,.T.);
#385 = CYLINDRICAL_SURFACE('',#386,1.125);
#386 = AXIS2_PLACEMENT_3D('',#387,#388,#389);
#387 = CARTESIAN_POINT('',(0.66,0.,1.25));
#388 = DIRECTION('',(-1.,-0.,-0.));
#389 = DIRECTION('',(0.,1.,0.));
#390 = ADVANCED_FACE('',(#391),#411,.T.);
#391 = FACE_BOUND('',#392,.T.);
#392 = EDGE_LOOP('',(#393,#402,#409,#410));
#393 = ORIENTED_EDGE('',*,*,#394,.T.);
#394 = EDGE_CURVE('',#395,#395,#397,.T.);
#395 = VERTEX_POINT('',#396);
#396 = CARTESIAN_POINT('',(0.3,0.,0.35));
#397 = CIRCLE('',#398,0.3);
#398 = AXIS2_PLACEMENT_3D('',#399,#400,#401);
#399 = CARTESIAN_POINT('',(0.,0.,0.35));
#400 = DIRECTION('',(0.,0.,1.));
#401 = DIRECTION('',(1.,0.,-0.));
#402 = ORIENTED_EDGE('',*,*,#403,.T.);
#403 = EDGE_CURVE('',#395,#190,#404,.T.);
#404 = CIRCLE('',#405,0.6);
#405 = AXIS2_PLACEMENT_3D('',#406,#407,#408);
#406 = CARTESIAN_POINT('',(0.9,1.102182119233E-16,0.35));
#407 = DIRECTION('',(0.,1.,-0.));
#408 = DIRECTION('',(-1.,0.,4.93432455389E-16));
#409 = ORIENTED_EDGE('',*,*,#189,.T.);
#410 = ORIENTED_EDGE('',*,*,#403,.F.);
#411 = TOROIDAL_SURFACE('',#412,0.9,0.3);
#412 = AXIS2_PLACEMENT_3D('',#413,#414,#415);
#413 = CARTESIAN_POINT('',(0.9,0.,0.35));
#414 = DIRECTION('',(0.,1.,0.));
#415 = DIRECTION('',(-1.,0.,4.93432455389E-16));
#416 = ADVANCED_FACE('',(#417,#428),#431,.T.);
#417 = FACE_BOUND('',#418,.T.);
#418 = EDGE_LOOP('',(#419));
#419 = ORIENTED_EDGE('',*,*,#420,.F.);
#420 = EDGE_CURVE('',#421,#421,#423,.T.);
#421 = VERTEX_POINT('',#422);
#422 = CARTESIAN_POINT('',(5.385,1.25,1.25));
#423 = CIRCLE('',#424,1.25);
#424 = AXIS2_PLACEMENT_3D('',#425,#426,#427);
#425 = CARTESIAN_POINT('',(5.385,0.,1.25));
#426 = DIRECTION('',(1.,0.,0.));
#427 = DIRECTION('',(-0.,1.,0.));
#428 = FACE_BOUND('',#429,.T.);
#429 = EDGE_LOOP('',(#430));
#430 = ORIENTED_EDGE('',*,*,#369,.F.);
#431 = PLANE('',#432);
#432 = AXIS2_PLACEMENT_3D('',#433,#434,#435);
#433 = CARTESIAN_POINT('',(5.385,1.25,1.25));
#434 = DIRECTION('',(-1.,0.,0.));
#435 = DIRECTION('',(0.,0.,-1.));
#436 = ADVANCED_FACE('',(#437),#456,.T.);
#437 = FACE_BOUND('',#438,.T.);
#438 = EDGE_LOOP('',(#439,#447,#448,#449));
#439 = ORIENTED_EDGE('',*,*,#440,.T.);
#440 = EDGE_CURVE('',#441,#395,#443,.T.);
#441 = VERTEX_POINT('',#442);
#442 = CARTESIAN_POINT('',(0.3,-7.347880794884E-17,-3.));
#443 = LINE('',#444,#445);
#444 = CARTESIAN_POINT('',(0.3,0.,-3.));
#445 = VECTOR('',#446,1.);
#446 = DIRECTION('',(0.,0.,1.));
#447 = ORIENTED_EDGE('',*,*,#394,.F.);
#448 = ORIENTED_EDGE('',*,*,#440,.F.);
#449 = ORIENTED_EDGE('',*,*,#450,.T.);
#450 = EDGE_CURVE('',#441,#441,#451,.T.);
#451 = CIRCLE('',#452,0.3);
#452 = AXIS2_PLACEMENT_3D('',#453,#454,#455);
#453 = CARTESIAN_POINT('',(0.,0.,-3.));
#454 = DIRECTION('',(0.,0.,1.));
#455 = DIRECTION('',(1.,0.,-0.));
#456 = CYLINDRICAL_SURFACE('',#457,0.3);
#457 = AXIS2_PLACEMENT_3D('',#458,#459,#460);
#458 = CARTESIAN_POINT('',(0.,0.,-3.));
#459 = DIRECTION('',(0.,0.,1.));
#460 = DIRECTION('',(1.,0.,-0.));
#461 = ADVANCED_FACE('',(#462),#481,.T.);
#462 = FACE_BOUND('',#463,.T.);
#463 = EDGE_LOOP('',(#464,#465,#473,#480));
#464 = ORIENTED_EDGE('',*,*,#420,.T.);
#465 = ORIENTED_EDGE('',*,*,#466,.T.);
#466 = EDGE_CURVE('',#421,#467,#469,.T.);
#467 = VERTEX_POINT('',#468);
#468 = CARTESIAN_POINT('',(6.335,1.25,1.25));
#469 = LINE('',#470,#471);
#470 = CARTESIAN_POINT('',(5.385,1.25,1.25));
#471 = VECTOR('',#472,1.);
#472 = DIRECTION('',(1.,0.,0.));
#473 = ORIENTED_EDGE('',*,*,#474,.F.);
#474 = EDGE_CURVE('',#467,#467,#475,.T.);
#475 = CIRCLE('',#476,1.25);
#476 = AXIS2_PLACEMENT_3D('',#477,#478,#479);
#477 = CARTESIAN_POINT('',(6.335,0.,1.25));
#478 = DIRECTION('',(1.,0.,0.));
#479 = DIRECTION('',(-0.,1.,0.));
#480 = ORIENTED_EDGE('',*,*,#466,.F.);
#481 = CYLINDRICAL_SURFACE('',#482,1.25);
#482 = AXIS2_PLACEMENT_3D('',#483,#484,#485);
#483 = CARTESIAN_POINT('',(5.385,0.,1.25));
#484 = DIRECTION('',(-1.,-0.,-0.));
#485 = DIRECTION('',(0.,1.,0.));
#486 = ADVANCED_FACE('',(#487),#490,.T.);
#487 = FACE_BOUND('',#488,.F.);
#488 = EDGE_LOOP('',(#489));
#489 = ORIENTED_EDGE('',*,*,#450,.T.);
#490 = PLANE('',#491);
#491 = AXIS2_PLACEMENT_3D('',#492,#493,#494);
#492 = CARTESIAN_POINT('',(0.3,0.,-3.));
#493 = DIRECTION('',(0.,0.,-1.));
#494 = DIRECTION('',(-1.,0.,0.));
#495 = ADVANCED_FACE('',(#496),#516,.T.);
#496 = FACE_BOUND('',#497,.T.);
#497 = EDGE_LOOP('',(#498,#507,#508,#509));
#498 = ORIENTED_EDGE('',*,*,#499,.F.);
#499 = EDGE_CURVE('',#467,#500,#502,.T.);
#500 = VERTEX_POINT('',#501);
#501 = CARTESIAN_POINT('',(6.96,0.625,1.25));
#502 = CIRCLE('',#503,0.625);
#503 = AXIS2_PLACEMENT_3D('',#504,#505,#506);
#504 = CARTESIAN_POINT('',(6.335,0.625,1.25));
#505 = DIRECTION('',(0.,0.,-1.));
#506 = DIRECTION('',(0.,1.,0.));
#507 = ORIENTED_EDGE('',*,*,#474,.T.);
#508 = ORIENTED_EDGE('',*,*,#499,.T.);
#509 = ORIENTED_EDGE('',*,*,#510,.F.);
#510 = EDGE_CURVE('',#500,#500,#511,.T.);
#511 = CIRCLE('',#512,0.625);
#512 = AXIS2_PLACEMENT_3D('',#513,#514,#515);
#513 = CARTESIAN_POINT('',(6.96,0.,1.25));
#514 = DIRECTION('',(1.,0.,0.));
#515 = DIRECTION('',(-0.,1.,0.));
#516 = TOROIDAL_SURFACE('',#517,0.625,0.625);
#517 = AXIS2_PLACEMENT_3D('',#518,#519,#520);
#518 = CARTESIAN_POINT('',(6.335,0.,1.25));
#519 = DIRECTION('',(1.,0.,0.));
#520 = DIRECTION('',(-0.,1.,0.));
#521 = ADVANCED_FACE('',(#522,#525),#699,.F.);
#522 = FACE_BOUND('',#523,.F.);
#523 = EDGE_LOOP('',(#524));
#524 = ORIENTED_EDGE('',*,*,#510,.F.);
#525 = FACE_BOUND('',#526,.F.);
#526 = EDGE_LOOP('',(#527));
#527 = ORIENTED_EDGE('',*,*,#528,.F.);
#528 = EDGE_CURVE('',#529,#529,#531,.T.);
#529 = VERTEX_POINT('',#530);
#530 = CARTESIAN_POINT('',(6.96,1.102182119233E-16,0.899909083395));
#531 = B_SPLINE_CURVE_WITH_KNOTS('',6,(#532,#533,#534,#535,#536,#537,
    #538,#539,#540,#541,#542,#543,#544,#545,#546,#547,#548,#549,#550,
    #551,#552,#553,#554,#555,#556,#557,#558,#559,#560,#561,#562,#563,
    #564,#565,#566,#567,#568,#569,#570,#571,#572,#573,#574,#575,#576,
    #577,#578,#579,#580,#581,#582,#583,#584,#585,#586,#587,#588,#589,
    #590,#591,#592,#593,#594,#595,#596,#597,#598,#599,#600,#601,#602,
    #603,#604,#605,#606,#607,#608,#609,#610,#611,#612,#613,#614,#615,
    #616,#617,#618,#619,#620,#621,#622,#623,#624,#625,#626,#627,#628,
    #629,#630,#631,#632,#633,#634,#635,#636,#637,#638,#639,#640,#641,
    #642,#643,#644,#645,#646,#647,#648,#649,#650,#651,#652,#653,#654,
    #655,#656,#657,#658,#659,#660,#661,#662,#663,#664,#665,#666,#667,
    #668,#669,#670,#671,#672,#673,#674,#675,#676,#677,#678,#679,#680,
    #681,#682,#683,#684,#685,#686,#687,#688,#689,#690,#691,#692,#693,
    #694,#695,#696,#697,#698),.UNSPECIFIED.,.T.,.F.,(1,6,5,5,5,5,5,5,5,5
    ,5,5,5,5,5,5,5,5,5,5,5,5,5,5,5,5,5,5,5,5,5,5,5,5,6,1),(
    -3.7454922963E-02,0.,2.522151735631E-02,5.431626764274E-02,
    8.648932873413E-02,0.120698905604,0.15585219498,0.191016701755,
    0.225517033144,0.258939642143,0.291086884381,0.32191412294,
    0.351469698498,0.379846555914,0.407148198058,0.433469525493,
    0.458895614127,0.483540398702,0.505898369155,0.530279933853,
    0.555348100008,0.581270886766,0.608136607836,0.636034631737,
    0.665066137875,0.695331933304,0.726904811218,0.759787311372,
    0.793856187529,0.828799116201,0.864057997078,0.898806507422,
    0.932001552493,0.962545077037,1.,1.025221517356),.UNSPECIFIED.);
#532 = CARTESIAN_POINT('',(6.96,0.,0.899909083395));
#533 = CARTESIAN_POINT('',(6.96,-9.860167462582E-03,0.89990896861));
#534 = CARTESIAN_POINT('',(6.96,-1.96044152314E-02,0.900333777569));
#535 = CARTESIAN_POINT('',(6.96,-2.906856746895E-02,0.901162791225));
#536 = CARTESIAN_POINT('',(6.96,-3.818494668051E-02,0.902337445313));
#537 = CARTESIAN_POINT('',(6.96,-4.697397432956E-02,0.903804960014));
#538 = CARTESIAN_POINT('',(6.96,-6.54122858756E-02,0.907588661461));
#539 = CARTESIAN_POINT('',(6.96,-7.491985816654E-02,0.909985989386));
#540 = CARTESIAN_POINT('',(6.96,-8.408849098391E-02,0.912709553602));
#541 = CARTESIAN_POINT('',(6.96,-9.294310465939E-02,0.915726321464));
#542 = CARTESIAN_POINT('',(6.96,-0.10150496885,0.919011549987));
#543 = CARTESIAN_POINT('',(6.96,-0.118958221281,0.926453836747));
#544 = CARTESIAN_POINT('',(6.96,-0.127787715696,0.930666010737));
#545 = CARTESIAN_POINT('',(6.96,-0.136306161655,0.935155928941));
#546 = CARTESIAN_POINT('',(6.96,-0.144532121634,0.939904049757));
#547 = CARTESIAN_POINT('',(6.96,-0.152479877126,0.944895641374));
#548 = CARTESIAN_POINT('',(6.96,-0.168328600516,0.955672815412));
#549 = CARTESIAN_POINT('',(6.96,-0.176194773963,0.961488214941));
#550 = CARTESIAN_POINT('',(6.96,-0.183772608747,0.967551566344));
#551 = CARTESIAN_POINT('',(6.96,-0.191071765541,0.973851742068));
#552 = CARTESIAN_POINT('',(6.96,-0.198098606692,0.980379951052));
#553 = CARTESIAN_POINT('',(6.96,-0.211800202804,0.994065659178));
#554 = CARTESIAN_POINT('',(6.96,-0.218460270558,1.001234983766));
#555 = CARTESIAN_POINT('',(6.96,-0.224839910615,1.00863041136));
#556 = CARTESIAN_POINT('',(6.96,-0.230940211566,1.016245364777));
#557 = CARTESIAN_POINT('',(6.96,-0.236759839456,1.024073990789));
#558 = CARTESIAN_POINT('',(6.96,-0.247832003876,1.040150861324));
#559 = CARTESIAN_POINT('',(6.96,-0.253084568675,1.048398903269));
#560 = CARTESIAN_POINT('',(6.96,-0.258049049185,1.05685004652));
#561 = CARTESIAN_POINT('',(6.96,-0.2627200155,1.065498685566));
#562 = CARTESIAN_POINT('',(6.96,-0.267090290802,1.074338848812));
#563 = CARTESIAN_POINT('',(6.96,-0.275134913375,1.092219064394));
#564 = CARTESIAN_POINT('',(6.96,-0.278821000575,1.10125194666));
#565 = CARTESIAN_POINT('',(6.96,-0.282200788118,1.110456818481));
#566 = CARTESIAN_POINT('',(6.96,-0.285264726102,1.119826534893));
#567 = CARTESIAN_POINT('',(6.96,-0.288002139566,1.129352832871));
#568 = CARTESIAN_POINT('',(6.96,-0.292725370416,1.148397637921));
#569 = CARTESIAN_POINT('',(6.96,-0.29473215882,1.157906911838));
#570 = CARTESIAN_POINT('',(6.96,-0.296410834199,1.16754558505));
#571 = CARTESIAN_POINT('',(6.96,-0.297750172302,1.177303521997));
#572 = CARTESIAN_POINT('',(6.96,-0.298738484134,1.187169019587));
#573 = CARTESIAN_POINT('',(6.96,-0.29996489055,1.20670853133));
#574 = CARTESIAN_POINT('',(6.96,-0.300230362775,1.216375375657));
#575 = CARTESIAN_POINT('',(6.96,-0.300149187552,1.22611747583));
#576 = CARTESIAN_POINT('',(6.96,-0.299710732489,1.235921267953));
#577 = CARTESIAN_POINT('',(6.96,-0.298904577874,1.245771488577));
#578 = CARTESIAN_POINT('',(6.96,-0.296585075031,1.265125180201));
#579 = CARTESIAN_POINT('',(6.96,-0.295102319855,1.27462625024));
#580 = CARTESIAN_POINT('',(6.96,-0.293263243612,1.284139361954));
#581 = CARTESIAN_POINT('',(6.96,-0.29105964956,1.293647958229));
#582 = CARTESIAN_POINT('',(6.96,-0.288484151749,1.303133947704));
#583 = CARTESIAN_POINT('',(6.96,-0.282698057797,1.321631888118));
#584 = CARTESIAN_POINT('',(6.96,-0.279518212828,1.330647292743));
#585 = CARTESIAN_POINT('',(6.96,-0.275984865526,1.339606568389));
#586 = CARTESIAN_POINT('',(6.96,-0.27209347283,1.348491205415));
#587 = CARTESIAN_POINT('',(6.96,-0.26784072321,1.357281534804));
#588 = CARTESIAN_POINT('',(6.96,-0.258792456003,1.374285939199));
#589 = CARTESIAN_POINT('',(6.96,-0.254025471274,1.382509099941));
#590 = CARTESIAN_POINT('',(6.96,-0.248921774536,1.390607746147));
#591 = CARTESIAN_POINT('',(6.96,-0.24348099529,1.398562707415));
#592 = CARTESIAN_POINT('',(6.96,-0.237704200488,1.406354107177));
#593 = CARTESIAN_POINT('',(6.96,-0.225715116467,1.421280374005));
#594 = CARTESIAN_POINT('',(6.96,-0.219527700064,1.428429026844));
#595 = CARTESIAN_POINT('',(6.96,-0.213033898729,1.435388985848));
#596 = CARTESIAN_POINT('',(6.96,-0.206237442407,1.442141620875));
#597 = CARTESIAN_POINT('',(6.96,-0.199143537578,1.448668007007));
#598 = CARTESIAN_POINT('',(6.96,-0.184639358866,1.461004311837));
#599 = CARTESIAN_POINT('',(6.96,-0.177249661366,1.46683162664));
#600 = CARTESIAN_POINT('',(6.96,-0.169595743404,1.472413651413));
#601 = CARTESIAN_POINT('',(6.96,-0.161685063001,1.477733185029));
#602 = CARTESIAN_POINT('',(6.96,-0.153526567552,1.482773042789));
#603 = CARTESIAN_POINT('',(6.96,-0.137020377957,1.492097733275));
#604 = CARTESIAN_POINT('',(6.96,-0.128688741655,1.496402506097));
#605 = CARTESIAN_POINT('',(6.96,-0.120145015698,1.500414870926));
#606 = CARTESIAN_POINT('',(6.96,-0.111400273136,1.504119613979));
#607 = CARTESIAN_POINT('',(6.96,-0.102467429294,1.507501811642));
#608 = CARTESIAN_POINT('',(6.96,-8.453487359643E-02,1.513498183633));
#609 = CARTESIAN_POINT('',(6.96,-7.554644720911E-02,1.51613308184));
#610 = CARTESIAN_POINT('',(6.96,-6.640854708582E-02,1.518437839156));
#611 = CARTESIAN_POINT('',(6.96,-5.713780068804E-02,1.520399910874));
#612 = CARTESIAN_POINT('',(6.96,-4.775487845774E-02,1.522007893513));
#613 = CARTESIAN_POINT('',(6.96,-2.969292548283E-02,1.52437977876));
#614 = CARTESIAN_POINT('',(6.96,-2.102889094976E-02,1.525208924822));
#615 = CARTESIAN_POINT('',(6.96,-1.231404153143E-02,1.525730890851));
#616 = CARTESIAN_POINT('',(6.96,-3.572679276074E-03,1.525941220805));
#617 = CARTESIAN_POINT('',(6.96,5.168243033088E-03,1.52583907475));
#618 = CARTESIAN_POINT('',(6.96,2.337844678287E-02,1.524978413229));
#619 = CARTESIAN_POINT('',(6.96,3.284373024997E-02,1.524160868463));
#620 = CARTESIAN_POINT('',(6.96,4.224172239025E-02,1.522980299422));
#621 = CARTESIAN_POINT('',(6.96,5.154503802108E-02,1.521444853212));
#622 = CARTESIAN_POINT('',(6.96,6.073215666605E-02,1.519565119195));
#623 = CARTESIAN_POINT('',(6.96,7.909771199475E-02,1.515080715405));
#624 = CARTESIAN_POINT('',(6.96,8.82675531125E-02,1.512456387335));
#625 = CARTESIAN_POINT('',(6.96,9.727920151967E-02,1.509494357792));
#626 = CARTESIAN_POINT('',(6.96,0.106117302403,1.506208331254));
#627 = CARTESIAN_POINT('',(6.96,0.114768890523,1.502612503667));
#628 = CARTESIAN_POINT('',(6.96,0.1319661163,1.494697932395));
#629 = CARTESIAN_POINT('',(6.96,0.140497712216,1.490358583428));
#630 = CARTESIAN_POINT('',(6.96,0.148806071355,1.485719654426));
#631 = CARTESIAN_POINT('',(6.96,0.156880646133,1.480797412311));
#632 = CARTESIAN_POINT('',(6.96,0.164712447986,1.475608252032));
#633 = CARTESIAN_POINT('',(6.96,0.180151425777,1.46453127229));
#634 = CARTESIAN_POINT('',(6.96,0.187739967164,1.45862481836));
#635 = CARTESIAN_POINT('',(6.96,0.195051332691,1.452467727028));
#636 = CARTESIAN_POINT('',(6.96,0.20207865613,1.446078243141));
#637 = CARTESIAN_POINT('',(6.96,0.208816543867,1.439474464151));
#638 = CARTESIAN_POINT('',(6.96,0.221953238059,1.425612923524));
#639 = CARTESIAN_POINT('',(6.96,0.228328994524,1.418339683896));
#640 = CARTESIAN_POINT('',(6.96,0.234383964852,1.410874723556));
#641 = CARTESIAN_POINT('',(6.96,0.240115238483,1.403237627432));
#642 = CARTESIAN_POINT('',(6.96,0.245521373748,1.395447463058));
#643 = CARTESIAN_POINT('',(6.96,0.25588986733,1.379276120213));
#644 = CARTESIAN_POINT('',(6.96,0.260825161615,1.370883687614));
#645 = CARTESIAN_POINT('',(6.96,0.265408347201,1.362366366749));
#646 = CARTESIAN_POINT('',(6.96,0.269640836772,1.353744077057));
#647 = CARTESIAN_POINT('',(6.96,0.273525389215,1.345035773446));
#648 = CARTESIAN_POINT('',(6.96,0.280757370989,1.327109983642));
#649 = CARTESIAN_POINT('',(6.96,0.284074778857,1.317886520225));
#650 = CARTESIAN_POINT('',(6.96,0.28702301626,1.308609389122));
#651 = CARTESIAN_POINT('',(6.96,0.289607785113,1.29929753334));
#652 = CARTESIAN_POINT('',(6.96,0.291835806202,1.289968505808));
#653 = CARTESIAN_POINT('',(6.96,0.295674983107,1.270905490066));
#654 = CARTESIAN_POINT('',(6.96,0.297255138129,1.261171409814));
#655 = CARTESIAN_POINT('',(6.96,0.298464076807,1.251454505978));
#656 = CARTESIAN_POINT('',(6.96,0.299311079865,1.241771395371));
#657 = CARTESIAN_POINT('',(6.96,0.299805916194,1.232137034265));
#658 = CARTESIAN_POINT('',(6.96,0.300118111197,1.212595339038));
#659 = CARTESIAN_POINT('',(6.96,0.299906304864,1.202693342182));
#660 = CARTESIAN_POINT('',(6.96,0.299334986276,1.192873677979));
#661 = CARTESIAN_POINT('',(6.96,0.298415549391,1.183149632812));
#662 = CARTESIAN_POINT('',(6.96,0.29715921972,1.173532829284));
#663 = CARTESIAN_POINT('',(6.96,0.293937801394,1.154190874));
#664 = CARTESIAN_POINT('',(6.96,0.291948588365,1.144474495238));
#665 = CARTESIAN_POINT('',(6.96,0.28962167445,1.134895115228));
#666 = CARTESIAN_POINT('',(6.96,0.286968474246,1.125462408515));
#667 = CARTESIAN_POINT('',(6.96,0.283999557728,1.116184698885));
#668 = CARTESIAN_POINT('',(6.96,0.277365720041,1.097719338125));
#669 = CARTESIAN_POINT('',(6.96,0.273684735103,1.088540329457));
#670 = CARTESIAN_POINT('',(6.96,0.269692170683,1.079539418357));
#671 = CARTESIAN_POINT('',(6.96,0.265397023465,1.070723360764));
#672 = CARTESIAN_POINT('',(6.96,0.260806811571,1.062098183552));
#673 = CARTESIAN_POINT('',(6.96,0.251004219697,1.045163947022));
#674 = CARTESIAN_POINT('',(6.96,0.245786411547,1.036858741787));
#675 = CARTESIAN_POINT('',(6.96,0.240280395782,1.028758943151));
#676 = CARTESIAN_POINT('',(6.96,0.234490304979,1.02087012779));
#677 = CARTESIAN_POINT('',(6.96,0.22841815861,1.013198074729));
#678 = CARTESIAN_POINT('',(6.96,0.215801547815,0.998407234883));
#679 = CARTESIAN_POINT('',(6.96,0.209264913083,0.99128247471));
#680 = CARTESIAN_POINT('',(6.96,0.202454000094,0.984380026053));
#681 = CARTESIAN_POINT('',(6.96,0.195365961507,0.977706983911));
#682 = CARTESIAN_POINT('',(6.96,0.187995061392,0.971271997058));
#683 = CARTESIAN_POINT('',(6.96,0.173012837564,0.959175029375));
#684 = CARTESIAN_POINT('',(6.96,0.165426529007,0.953492099376));
#685 = CARTESIAN_POINT('',(6.96,0.157566437944,0.948044934321));
#686 = CARTESIAN_POINT('',(6.96,0.149421373308,0.942845601948));
#687 = CARTESIAN_POINT('',(6.96,0.140976264593,0.937909781461));
#688 = CARTESIAN_POINT('',(6.96,0.124148131162,0.928975627958));
#689 = CARTESIAN_POINT('',(6.96,0.115814071992,0.924934439518));
#690 = CARTESIAN_POINT('',(6.96,0.107194037794,0.921149181784));
#691 = CARTESIAN_POINT('',(6.96,9.826937450524E-02,0.917639774974));
#692 = CARTESIAN_POINT('',(6.96,8.901696421491E-02,0.914432828225));
#693 = CARTESIAN_POINT('',(6.96,6.762356037127E-02,0.908046964389));
#694 = CARTESIAN_POINT('',(6.96,5.540377745077E-02,0.905068595899));
#695 = CARTESIAN_POINT('',(6.96,4.253681255711E-02,0.902629529668));
#696 = CARTESIAN_POINT('',(6.96,2.893994360873E-02,0.900849442899));
#697 = CARTESIAN_POINT('',(6.96,1.46772221458E-02,0.899909046356));
#698 = CARTESIAN_POINT('',(6.96,0.,0.899909083395));
#699 = PLANE('',#700);
#700 = AXIS2_PLACEMENT_3D('',#701,#702,#703);
#701 = CARTESIAN_POINT('',(6.96,1.25,1.25));
#702 = DIRECTION('',(-1.,0.,0.));
#703 = DIRECTION('',(0.,0.,-1.));
#704 = ADVANCED_FACE('',(#705),#725,.T.);
#705 = FACE_BOUND('',#706,.T.);
#706 = EDGE_LOOP('',(#707,#708,#717,#724));
#707 = ORIENTED_EDGE('',*,*,#528,.F.);
#708 = ORIENTED_EDGE('',*,*,#709,.T.);
#709 = EDGE_CURVE('',#529,#710,#712,.T.);
#710 = VERTEX_POINT('',#711);
#711 = CARTESIAN_POINT('',(7.32,0.,0.35));
#712 = CIRCLE('',#713,0.6);
#713 = AXIS2_PLACEMENT_3D('',#714,#715,#716);
#714 = CARTESIAN_POINT('',(6.72,1.102182119233E-16,0.35));
#715 = DIRECTION('',(0.,1.,0.));
#716 = DIRECTION('',(0.,-0.,1.));
#717 = ORIENTED_EDGE('',*,*,#718,.T.);
#718 = EDGE_CURVE('',#710,#710,#719,.T.);
#719 = CIRCLE('',#720,0.3);
#720 = AXIS2_PLACEMENT_3D('',#721,#722,#723);
#721 = CARTESIAN_POINT('',(7.62,0.,0.35));
#722 = DIRECTION('',(3.828568698927E-16,-0.,1.));
#723 = DIRECTION('',(1.,0.,-3.828568698927E-16));
#724 = ORIENTED_EDGE('',*,*,#709,.F.);
#725 = TOROIDAL_SURFACE('',#726,0.9,0.3);
#726 = AXIS2_PLACEMENT_3D('',#727,#728,#729);
#727 = CARTESIAN_POINT('',(6.72,0.,0.35));
#728 = DIRECTION('',(0.,1.,0.));
#729 = DIRECTION('',(0.,-0.,1.));
#730 = ADVANCED_FACE('',(#731),#750,.T.);
#731 = FACE_BOUND('',#732,.T.);
#732 = EDGE_LOOP('',(#733,#741,#748,#749));
#733 = ORIENTED_EDGE('',*,*,#734,.T.);
#734 = EDGE_CURVE('',#710,#735,#737,.T.);
#735 = VERTEX_POINT('',#736);
#736 = CARTESIAN_POINT('',(7.32,-7.347880794884E-17,-3.));
#737 = LINE('',#738,#739);
#738 = CARTESIAN_POINT('',(7.32,0.,0.35));
#739 = VECTOR('',#740,1.);
#740 = DIRECTION('',(0.,0.,-1.));
#741 = ORIENTED_EDGE('',*,*,#742,.F.);
#742 = EDGE_CURVE('',#735,#735,#743,.T.);
#743 = CIRCLE('',#744,0.3);
#744 = AXIS2_PLACEMENT_3D('',#745,#746,#747);
#745 = CARTESIAN_POINT('',(7.62,0.,-3.));
#746 = DIRECTION('',(0.,0.,-1.));
#747 = DIRECTION('',(-1.,0.,0.));
#748 = ORIENTED_EDGE('',*,*,#734,.F.);
#749 = ORIENTED_EDGE('',*,*,#718,.F.);
#750 = CYLINDRICAL_SURFACE('',#751,0.3);
#751 = AXIS2_PLACEMENT_3D('',#752,#753,#754);
#752 = CARTESIAN_POINT('',(7.62,0.,0.35));
#753 = DIRECTION('',(0.,0.,-1.));
#754 = DIRECTION('',(-1.,0.,0.));
#755 = ADVANCED_FACE('',(#756),#759,.F.);
#756 = FACE_BOUND('',#757,.T.);
#757 = EDGE_LOOP('',(#758));
#758 = ORIENTED_EDGE('',*,*,#742,.T.);
#759 = PLANE('',#760);
#760 = AXIS2_PLACEMENT_3D('',#761,#762,#763);
#761 = CARTESIAN_POINT('',(7.32,0.,-3.));
#762 = DIRECTION('',(0.,0.,1.));
#763 = DIRECTION('',(1.,0.,-0.));
#764 = ( GEOMETRIC_REPRESENTATION_CONTEXT(3) 
GLOBAL_UNCERTAINTY_ASSIGNED_CONTEXT((#768)) GLOBAL_UNIT_ASSIGNED_CONTEXT
((#765,#766,#767)) REPRESENTATION_CONTEXT('Context #1',
  '3D Context with UNIT and UNCERTAINTY') );
#765 = ( LENGTH_UNIT() NAMED_UNIT(*) SI_UNIT(.MILLI.,.METRE.) );
#766 = ( NAMED_UNIT(*) PLANE_ANGLE_UNIT() SI_UNIT($,.RADIAN.) );
#767 = ( NAMED_UNIT(*) SI_UNIT($,.STERADIAN.) SOLID_ANGLE_UNIT() );
#768 = UNCERTAINTY_MEASURE_WITH_UNIT(LENGTH_MEASURE(1.E-07),#765,
  'distance_accuracy_value','confusion accuracy');
#769 = CONTEXT_DEPENDENT_SHAPE_REPRESENTATION(#770,#772);
#770 = ( REPRESENTATION_RELATIONSHIP('','',#100,#10) 
REPRESENTATION_RELATIONSHIP_WITH_TRANSFORMATION(#771) 
SHAPE_REPRESENTATION_RELATIONSHIP() );
#771 = ITEM_DEFINED_TRANSFORMATION('','',#11,#15);
#772 = PRODUCT_DEFINITION_SHAPE('Placement','Placement of an item',#773
  );
#773 = NEXT_ASSEMBLY_USAGE_OCCURRENCE('1','R1','',#5,#95,$);
#774 = PRODUCT_RELATED_PRODUCT_CATEGORY('part',$,(#97));
#775 = SHAPE_DEFINITION_REPRESENTATION(#776,#782);
#776 = PRODUCT_DEFINITION_SHAPE('','',#777);
#777 = PRODUCT_DEFINITION('design','',#778,#781);
#778 = PRODUCT_DEFINITION_FORMATION('','',#779);
#779 = PRODUCT('LED_D3.0mm','LED_D3.0mm','',(#780));
#780 = PRODUCT_CONTEXT('',#2,'mechanical');
#781 = PRODUCT_DEFINITION_CONTEXT('part definition',#2,'design');
#782 = ADVANCED_BREP_SHAPE_REPRESENTATION('',(#11,#783),#1246);
#783 = MANIFOLD_SOLID_BREP('',#784);
#784 = CLOSED_SHELL('',(#785,#812,#857,#901,#933,#952,#1030,#1061,#1085,
    #1109,#1126,#1157,#1181,#1205,#1222,#1234));
#785 = ADVANCED_FACE('',(#786),#807,.T.);
#786 = FACE_BOUND('',#787,.T.);
#787 = EDGE_LOOP('',(#788,#799,#800));
#788 = ORIENTED_EDGE('',*,*,#789,.T.);
#789 = EDGE_CURVE('',#790,#792,#794,.T.);
#790 = VERTEX_POINT('',#791);
#791 = CARTESIAN_POINT('',(2.77,-1.50990331349E-15,6.8));
#792 = VERTEX_POINT('',#793);
#793 = CARTESIAN_POINT('',(1.27,-1.842970220878E-15,8.3));
#794 = CIRCLE('',#795,1.5);
#795 = AXIS2_PLACEMENT_3D('',#796,#797,#798);
#796 = CARTESIAN_POINT('',(1.27,-1.50990331349E-15,6.8));
#797 = DIRECTION('',(0.,-1.,-2.22044604925E-16));
#798 = DIRECTION('',(1.,0.,0.));
#799 = ORIENTED_EDGE('',*,*,#789,.F.);
#800 = ORIENTED_EDGE('',*,*,#801,.F.);
#801 = EDGE_CURVE('',#790,#790,#802,.T.);
#802 = CIRCLE('',#803,1.5);
#803 = AXIS2_PLACEMENT_3D('',#804,#805,#806);
#804 = CARTESIAN_POINT('',(1.27,-1.50990331349E-15,6.8));
#805 = DIRECTION('',(0.,2.22044604925E-16,-1.));
#806 = DIRECTION('',(1.,0.,0.));
#807 = SPHERICAL_SURFACE('',#808,1.5);
#808 = AXIS2_PLACEMENT_3D('',#809,#810,#811);
#809 = CARTESIAN_POINT('',(1.27,-1.50990331349E-15,6.8));
#810 = DIRECTION('',(0.,-2.22044604925E-16,1.));
#811 = DIRECTION('',(1.,0.,0.));
#812 = ADVANCED_FACE('',(#813),#852,.T.);
#813 = FACE_BOUND('',#814,.T.);
#814 = EDGE_LOOP('',(#815,#823,#824,#825,#834,#843));
#815 = ORIENTED_EDGE('',*,*,#816,.F.);
#816 = EDGE_CURVE('',#790,#817,#819,.T.);
#817 = VERTEX_POINT('',#818);
#818 = CARTESIAN_POINT('',(2.77,-8.881784197001E-16,4.));
#819 = LINE('',#820,#821);
#820 = CARTESIAN_POINT('',(2.77,-1.50990331349E-15,6.8));
#821 = VECTOR('',#822,1.);
#822 = DIRECTION('',(0.,2.22044604925E-16,-1.));
#823 = ORIENTED_EDGE('',*,*,#801,.T.);
#824 = ORIENTED_EDGE('',*,*,#816,.T.);
#825 = ORIENTED_EDGE('',*,*,#826,.F.);
#826 = EDGE_CURVE('',#827,#817,#829,.T.);
#827 = VERTEX_POINT('',#828);
#828 = CARTESIAN_POINT('',(-0.23,-1.091049232099E-15,4.));
#829 = CIRCLE('',#830,1.5);
#830 = AXIS2_PLACEMENT_3D('',#831,#832,#833);
#831 = CARTESIAN_POINT('',(1.27,-8.881784197001E-16,4.));
#832 = DIRECTION('',(0.,2.22044604925E-16,-1.));
#833 = DIRECTION('',(1.,0.,0.));
#834 = ORIENTED_EDGE('',*,*,#835,.F.);
#835 = EDGE_CURVE('',#836,#827,#838,.T.);
#836 = VERTEX_POINT('',#837);
#837 = CARTESIAN_POINT('',(-0.23,-7.823615514024E-09,4.));
#838 = CIRCLE('',#839,1.5);
#839 = AXIS2_PLACEMENT_3D('',#840,#841,#842);
#840 = CARTESIAN_POINT('',(1.27,-8.881784197001E-16,4.));
#841 = DIRECTION('',(0.,2.22044604925E-16,-1.));
#842 = DIRECTION('',(1.,0.,0.));
#843 = ORIENTED_EDGE('',*,*,#844,.F.);
#844 = EDGE_CURVE('',#817,#845,#847,.T.);
#845 = VERTEX_POINT('',#846);
#846 = CARTESIAN_POINT('',(-0.23,-7.823615514024E-09,4.));
#847 = CIRCLE('',#848,1.5);
#848 = AXIS2_PLACEMENT_3D('',#849,#850,#851);
#849 = CARTESIAN_POINT('',(1.27,-8.881784197001E-16,4.));
#850 = DIRECTION('',(0.,2.22044604925E-16,-1.));
#851 = DIRECTION('',(1.,0.,0.));
#852 = CYLINDRICAL_SURFACE('',#853,1.5);
#853 = AXIS2_PLACEMENT_3D('',#854,#855,#856);
#854 = CARTESIAN_POINT('',(1.27,-1.50990331349E-15,6.8));
#855 = DIRECTION('',(0.,2.22044604925E-16,-1.));
#856 = DIRECTION('',(1.,0.,0.));
#857 = ADVANCED_FACE('',(#858,#891),#896,.F.);
#858 = FACE_BOUND('',#859,.F.);
#859 = EDGE_LOOP('',(#860,#871,#877,#885));
#860 = ORIENTED_EDGE('',*,*,#861,.F.);
#861 = EDGE_CURVE('',#862,#864,#866,.T.);
#862 = VERTEX_POINT('',#863);
#863 = CARTESIAN_POINT('',(-0.23,-1.16619037897,4.));
#864 = VERTEX_POINT('',#865);
#865 = CARTESIAN_POINT('',(-0.23,1.16619037897,4.));
#866 = CIRCLE('',#867,1.9);
#867 = AXIS2_PLACEMENT_3D('',#868,#869,#870);
#868 = CARTESIAN_POINT('',(1.27,0.,4.));
#869 = DIRECTION('',(0.,0.,1.));
#870 = DIRECTION('',(1.,0.,-0.));
#871 = ORIENTED_EDGE('',*,*,#872,.T.);
#872 = EDGE_CURVE('',#862,#836,#873,.T.);
#873 = LINE('',#874,#875);
#874 = CARTESIAN_POINT('',(-0.23,-1.16619037897,4.));
#875 = VECTOR('',#876,1.);
#876 = DIRECTION('',(0.,1.,0.));
#877 = ORIENTED_EDGE('',*,*,#878,.T.);
#878 = EDGE_CURVE('',#836,#879,#881,.T.);
#879 = VERTEX_POINT('',#880);
#880 = CARTESIAN_POINT('',(-0.23,-1.091049232099E-15,4.));
#881 = LINE('',#882,#883);
#882 = CARTESIAN_POINT('',(-0.23,-1.16619037897,4.));
#883 = VECTOR('',#884,1.);
#884 = DIRECTION('',(0.,1.,0.));
#885 = ORIENTED_EDGE('',*,*,#886,.T.);
#886 = EDGE_CURVE('',#879,#864,#887,.T.);
#887 = LINE('',#888,#889);
#888 = CARTESIAN_POINT('',(-0.23,-1.16619037897,4.));
#889 = VECTOR('',#890,1.);
#890 = DIRECTION('',(0.,1.,0.));
#891 = FACE_BOUND('',#892,.F.);
#892 = EDGE_LOOP('',(#893,#894,#895));
#893 = ORIENTED_EDGE('',*,*,#826,.F.);
#894 = ORIENTED_EDGE('',*,*,#835,.F.);
#895 = ORIENTED_EDGE('',*,*,#844,.F.);
#896 = PLANE('',#897);
#897 = AXIS2_PLACEMENT_3D('',#898,#899,#900);
#898 = CARTESIAN_POINT('',(-0.23,-1.166190378969,4.));
#899 = DIRECTION('',(0.,0.,-1.));
#900 = DIRECTION('',(-1.,0.,0.));
#901 = ADVANCED_FACE('',(#902),#928,.T.);
#902 = FACE_BOUND('',#903,.T.);
#903 = EDGE_LOOP('',(#904,#915,#921,#922));
#904 = ORIENTED_EDGE('',*,*,#905,.T.);
#905 = EDGE_CURVE('',#906,#908,#910,.T.);
#906 = VERTEX_POINT('',#907);
#907 = CARTESIAN_POINT('',(-0.23,-1.16619037897,3.));
#908 = VERTEX_POINT('',#909);
#909 = CARTESIAN_POINT('',(-0.23,1.16619037897,3.));
#910 = CIRCLE('',#911,1.9);
#911 = AXIS2_PLACEMENT_3D('',#912,#913,#914);
#912 = CARTESIAN_POINT('',(1.27,0.,3.));
#913 = DIRECTION('',(0.,0.,1.));
#914 = DIRECTION('',(1.,0.,-0.));
#915 = ORIENTED_EDGE('',*,*,#916,.T.);
#916 = EDGE_CURVE('',#908,#864,#917,.T.);
#917 = LINE('',#918,#919);
#918 = CARTESIAN_POINT('',(-0.23,1.16619037897,3.));
#919 = VECTOR('',#920,1.);
#920 = DIRECTION('',(0.,0.,1.));
#921 = ORIENTED_EDGE('',*,*,#861,.F.);
#922 = ORIENTED_EDGE('',*,*,#923,.F.);
#923 = EDGE_CURVE('',#906,#862,#924,.T.);
#924 = LINE('',#925,#926);
#925 = CARTESIAN_POINT('',(-0.23,-1.16619037897,3.));
#926 = VECTOR('',#927,1.);
#927 = DIRECTION('',(0.,0.,1.));
#928 = CYLINDRICAL_SURFACE('',#929,1.9);
#929 = AXIS2_PLACEMENT_3D('',#930,#931,#932);
#930 = CARTESIAN_POINT('',(1.27,0.,3.));
#931 = DIRECTION('',(-0.,-0.,-1.));
#932 = DIRECTION('',(1.,0.,0.));
#933 = ADVANCED_FACE('',(#934),#947,.T.);
#934 = FACE_BOUND('',#935,.T.);
#935 = EDGE_LOOP('',(#936,#937,#938,#939,#940,#941));
#936 = ORIENTED_EDGE('',*,*,#923,.T.);
#937 = ORIENTED_EDGE('',*,*,#872,.T.);
#938 = ORIENTED_EDGE('',*,*,#878,.T.);
#939 = ORIENTED_EDGE('',*,*,#886,.T.);
#940 = ORIENTED_EDGE('',*,*,#916,.F.);
#941 = ORIENTED_EDGE('',*,*,#942,.F.);
#942 = EDGE_CURVE('',#906,#908,#943,.T.);
#943 = LINE('',#944,#945);
#944 = CARTESIAN_POINT('',(-0.23,-1.16619037897,3.));
#945 = VECTOR('',#946,1.);
#946 = DIRECTION('',(0.,1.,0.));
#947 = PLANE('',#948);
#948 = AXIS2_PLACEMENT_3D('',#949,#950,#951);
#949 = CARTESIAN_POINT('',(-0.23,-1.16619037897,3.));
#950 = DIRECTION('',(-1.,0.,0.));
#951 = DIRECTION('',(0.,1.,0.));
#952 = ADVANCED_FACE('',(#953,#957,#991),#1025,.T.);
#953 = FACE_BOUND('',#954,.T.);
#954 = EDGE_LOOP('',(#955,#956));
#955 = ORIENTED_EDGE('',*,*,#905,.F.);
#956 = ORIENTED_EDGE('',*,*,#942,.T.);
#957 = FACE_BOUND('',#958,.T.);
#958 = EDGE_LOOP('',(#959,#969,#977,#985));
#959 = ORIENTED_EDGE('',*,*,#960,.T.);
#960 = EDGE_CURVE('',#961,#963,#965,.T.);
#961 = VERTEX_POINT('',#962);
#962 = CARTESIAN_POINT('',(0.2,-0.2,3.));
#963 = VERTEX_POINT('',#964);
#964 = CARTESIAN_POINT('',(0.2,0.2,3.));
#965 = LINE('',#966,#967);
#966 = CARTESIAN_POINT('',(0.2,-0.483095189485,3.));
#967 = VECTOR('',#968,1.);
#968 = DIRECTION('',(0.,1.,0.));
#969 = ORIENTED_EDGE('',*,*,#970,.T.);
#970 = EDGE_CURVE('',#963,#971,#973,.T.);
#971 = VERTEX_POINT('',#972);
#972 = CARTESIAN_POINT('',(-0.2,0.2,3.));
#973 = LINE('',#974,#975);
#974 = CARTESIAN_POINT('',(-0.215,0.2,3.));
#975 = VECTOR('',#976,1.);
#976 = DIRECTION('',(-1.,-0.,-0.));
#977 = ORIENTED_EDGE('',*,*,#978,.T.);
#978 = EDGE_CURVE('',#971,#979,#981,.T.);
#979 = VERTEX_POINT('',#980);
#980 = CARTESIAN_POINT('',(-0.2,-0.2,3.));
#981 = LINE('',#982,#983);
#982 = CARTESIAN_POINT('',(-0.2,-0.683095189485,3.));
#983 = VECTOR('',#984,1.);
#984 = DIRECTION('',(0.,-1.,0.));
#985 = ORIENTED_EDGE('',*,*,#986,.T.);
#986 = EDGE_CURVE('',#979,#961,#987,.T.);
#987 = LINE('',#988,#989);
#988 = CARTESIAN_POINT('',(-1.499999999986E-02,-0.2,3.));
#989 = VECTOR('',#990,1.);
#990 = DIRECTION('',(1.,0.,0.));
#991 = FACE_BOUND('',#992,.T.);
#992 = EDGE_LOOP('',(#993,#1003,#1011,#1019));
#993 = ORIENTED_EDGE('',*,*,#994,.T.);
#994 = EDGE_CURVE('',#995,#997,#999,.T.);
#995 = VERTEX_POINT('',#996);
#996 = CARTESIAN_POINT('',(2.74,0.2,3.));
#997 = VERTEX_POINT('',#998);
#998 = CARTESIAN_POINT('',(2.34,0.2,3.));
#999 = LINE('',#1000,#1001);
#1000 = CARTESIAN_POINT('',(1.055,0.2,3.));
#1001 = VECTOR('',#1002,1.);
#1002 = DIRECTION('',(-1.,-0.,-0.));
#1003 = ORIENTED_EDGE('',*,*,#1004,.T.);
#1004 = EDGE_CURVE('',#997,#1005,#1007,.T.);
#1005 = VERTEX_POINT('',#1006);
#1006 = CARTESIAN_POINT('',(2.34,-0.2,3.));
#1007 = LINE('',#1008,#1009);
#1008 = CARTESIAN_POINT('',(2.34,-0.683095189485,3.));
#1009 = VECTOR('',#1010,1.);
#1010 = DIRECTION('',(0.,-1.,0.));
#1011 = ORIENTED_EDGE('',*,*,#1012,.T.);
#1012 = EDGE_CURVE('',#1005,#1013,#1015,.T.);
#1013 = VERTEX_POINT('',#1014);
#1014 = CARTESIAN_POINT('',(2.74,-0.2,3.));
#1015 = LINE('',#1016,#1017);
#1016 = CARTESIAN_POINT('',(1.255,-0.2,3.));
#1017 = VECTOR('',#1018,1.);
#1018 = DIRECTION('',(1.,0.,0.));
#1019 = ORIENTED_EDGE('',*,*,#1020,.T.);
#1020 = EDGE_CURVE('',#1013,#995,#1021,.T.);
#1021 = LINE('',#1022,#1023);
#1022 = CARTESIAN_POINT('',(2.74,-0.483095189485,3.));
#1023 = VECTOR('',#1024,1.);
#1024 = DIRECTION('',(0.,1.,0.));
#1025 = PLANE('',#1026);
#1026 = AXIS2_PLACEMENT_3D('',#1027,#1028,#1029);
#1027 = CARTESIAN_POINT('',(-0.23,-1.166190378969,3.));
#1028 = DIRECTION('',(0.,0.,-1.));
#1029 = DIRECTION('',(-1.,0.,0.));
#1030 = ADVANCED_FACE('',(#1031),#1056,.F.);
#1031 = FACE_BOUND('',#1032,.F.);
#1032 = EDGE_LOOP('',(#1033,#1034,#1042,#1050));
#1033 = ORIENTED_EDGE('',*,*,#960,.T.);
#1034 = ORIENTED_EDGE('',*,*,#1035,.T.);
#1035 = EDGE_CURVE('',#963,#1036,#1038,.T.);
#1036 = VERTEX_POINT('',#1037);
#1037 = CARTESIAN_POINT('',(0.2,0.2,-2.5));
#1038 = LINE('',#1039,#1040);
#1039 = CARTESIAN_POINT('',(0.2,0.2,3.5));
#1040 = VECTOR('',#1041,1.);
#1041 = DIRECTION('',(-0.,-0.,-1.));
#1042 = ORIENTED_EDGE('',*,*,#1043,.T.);
#1043 = EDGE_CURVE('',#1036,#1044,#1046,.T.);
#1044 = VERTEX_POINT('',#1045);
#1045 = CARTESIAN_POINT('',(0.2,-0.2,-2.5));
#1046 = LINE('',#1047,#1048);
#1047 = CARTESIAN_POINT('',(0.2,0.2,-2.5));
#1048 = VECTOR('',#1049,1.);
#1049 = DIRECTION('',(0.,-1.,0.));
#1050 = ORIENTED_EDGE('',*,*,#1051,.F.);
#1051 = EDGE_CURVE('',#961,#1044,#1052,.T.);
#1052 = LINE('',#1053,#1054);
#1053 = CARTESIAN_POINT('',(0.2,-0.2,3.5));
#1054 = VECTOR('',#1055,1.);
#1055 = DIRECTION('',(-0.,-0.,-1.));
#1056 = PLANE('',#1057);
#1057 = AXIS2_PLACEMENT_3D('',#1058,#1059,#1060);
#1058 = CARTESIAN_POINT('',(0.2,0.2,3.5));
#1059 = DIRECTION('',(-1.,0.,0.));
#1060 = DIRECTION('',(0.,-1.,0.));
#1061 = ADVANCED_FACE('',(#1062),#1080,.F.);
#1062 = FACE_BOUND('',#1063,.F.);
#1063 = EDGE_LOOP('',(#1064,#1065,#1066,#1074));
#1064 = ORIENTED_EDGE('',*,*,#986,.T.);
#1065 = ORIENTED_EDGE('',*,*,#1051,.T.);
#1066 = ORIENTED_EDGE('',*,*,#1067,.T.);
#1067 = EDGE_CURVE('',#1044,#1068,#1070,.T.);
#1068 = VERTEX_POINT('',#1069);
#1069 = CARTESIAN_POINT('',(-0.2,-0.2,-2.5));
#1070 = LINE('',#1071,#1072);
#1071 = CARTESIAN_POINT('',(0.2,-0.2,-2.5));
#1072 = VECTOR('',#1073,1.);
#1073 = DIRECTION('',(-1.,0.,0.));
#1074 = ORIENTED_EDGE('',*,*,#1075,.F.);
#1075 = EDGE_CURVE('',#979,#1068,#1076,.T.);
#1076 = LINE('',#1077,#1078);
#1077 = CARTESIAN_POINT('',(-0.2,-0.2,3.5));
#1078 = VECTOR('',#1079,1.);
#1079 = DIRECTION('',(-0.,-0.,-1.));
#1080 = PLANE('',#1081);
#1081 = AXIS2_PLACEMENT_3D('',#1082,#1083,#1084);
#1082 = CARTESIAN_POINT('',(0.2,-0.2,3.5));
#1083 = DIRECTION('',(0.,1.,0.));
#1084 = DIRECTION('',(-1.,0.,0.));
#1085 = ADVANCED_FACE('',(#1086),#1104,.F.);
#1086 = FACE_BOUND('',#1087,.F.);
#1087 = EDGE_LOOP('',(#1088,#1089,#1090,#1098));
#1088 = ORIENTED_EDGE('',*,*,#978,.T.);
#1089 = ORIENTED_EDGE('',*,*,#1075,.T.);
#1090 = ORIENTED_EDGE('',*,*,#1091,.T.);
#1091 = EDGE_CURVE('',#1068,#1092,#1094,.T.);
#1092 = VERTEX_POINT('',#1093);
#1093 = CARTESIAN_POINT('',(-0.2,0.2,-2.5));
#1094 = LINE('',#1095,#1096);
#1095 = CARTESIAN_POINT('',(-0.2,-0.2,-2.5));
#1096 = VECTOR('',#1097,1.);
#1097 = DIRECTION('',(0.,1.,0.));
#1098 = ORIENTED_EDGE('',*,*,#1099,.F.);
#1099 = EDGE_CURVE('',#971,#1092,#1100,.T.);
#1100 = LINE('',#1101,#1102);
#1101 = CARTESIAN_POINT('',(-0.2,0.2,3.5));
#1102 = VECTOR('',#1103,1.);
#1103 = DIRECTION('',(-0.,-0.,-1.));
#1104 = PLANE('',#1105);
#1105 = AXIS2_PLACEMENT_3D('',#1106,#1107,#1108);
#1106 = CARTESIAN_POINT('',(-0.2,-0.2,3.5));
#1107 = DIRECTION('',(1.,0.,0.));
#1108 = DIRECTION('',(-0.,1.,0.));
#1109 = ADVANCED_FACE('',(#1110),#1121,.F.);
#1110 = FACE_BOUND('',#1111,.F.);
#1111 = EDGE_LOOP('',(#1112,#1113,#1114,#1120));
#1112 = ORIENTED_EDGE('',*,*,#970,.T.);
#1113 = ORIENTED_EDGE('',*,*,#1099,.T.);
#1114 = ORIENTED_EDGE('',*,*,#1115,.T.);
#1115 = EDGE_CURVE('',#1092,#1036,#1116,.T.);
#1116 = LINE('',#1117,#1118);
#1117 = CARTESIAN_POINT('',(-0.2,0.2,-2.5));
#1118 = VECTOR('',#1119,1.);
#1119 = DIRECTION('',(1.,0.,0.));
#1120 = ORIENTED_EDGE('',*,*,#1035,.F.);
#1121 = PLANE('',#1122);
#1122 = AXIS2_PLACEMENT_3D('',#1123,#1124,#1125);
#1123 = CARTESIAN_POINT('',(-0.2,0.2,3.5));
#1124 = DIRECTION('',(0.,-1.,0.));
#1125 = DIRECTION('',(1.,0.,0.));
#1126 = ADVANCED_FACE('',(#1127),#1152,.F.);
#1127 = FACE_BOUND('',#1128,.F.);
#1128 = EDGE_LOOP('',(#1129,#1130,#1138,#1146));
#1129 = ORIENTED_EDGE('',*,*,#994,.T.);
#1130 = ORIENTED_EDGE('',*,*,#1131,.T.);
#1131 = EDGE_CURVE('',#997,#1132,#1134,.T.);
#1132 = VERTEX_POINT('',#1133);
#1133 = CARTESIAN_POINT('',(2.34,0.2,-2.5));
#1134 = LINE('',#1135,#1136);
#1135 = CARTESIAN_POINT('',(2.34,0.2,3.5));
#1136 = VECTOR('',#1137,1.);
#1137 = DIRECTION('',(-0.,-0.,-1.));
#1138 = ORIENTED_EDGE('',*,*,#1139,.T.);
#1139 = EDGE_CURVE('',#1132,#1140,#1142,.T.);
#1140 = VERTEX_POINT('',#1141);
#1141 = CARTESIAN_POINT('',(2.74,0.2,-2.5));
#1142 = LINE('',#1143,#1144);
#1143 = CARTESIAN_POINT('',(2.34,0.2,-2.5));
#1144 = VECTOR('',#1145,1.);
#1145 = DIRECTION('',(1.,0.,0.));
#1146 = ORIENTED_EDGE('',*,*,#1147,.F.);
#1147 = EDGE_CURVE('',#995,#1140,#1148,.T.);
#1148 = LINE('',#1149,#1150);
#1149 = CARTESIAN_POINT('',(2.74,0.2,3.5));
#1150 = VECTOR('',#1151,1.);
#1151 = DIRECTION('',(-0.,-0.,-1.));
#1152 = PLANE('',#1153);
#1153 = AXIS2_PLACEMENT_3D('',#1154,#1155,#1156);
#1154 = CARTESIAN_POINT('',(2.34,0.2,3.5));
#1155 = DIRECTION('',(0.,-1.,0.));
#1156 = DIRECTION('',(1.,0.,0.));
#1157 = ADVANCED_FACE('',(#1158),#1176,.F.);
#1158 = FACE_BOUND('',#1159,.F.);
#1159 = EDGE_LOOP('',(#1160,#1161,#1162,#1170));
#1160 = ORIENTED_EDGE('',*,*,#1020,.T.);
#1161 = ORIENTED_EDGE('',*,*,#1147,.T.);
#1162 = ORIENTED_EDGE('',*,*,#1163,.T.);
#1163 = EDGE_CURVE('',#1140,#1164,#1166,.T.);
#1164 = VERTEX_POINT('',#1165);
#1165 = CARTESIAN_POINT('',(2.74,-0.2,-2.5));
#1166 = LINE('',#1167,#1168);
#1167 = CARTESIAN_POINT('',(2.74,0.2,-2.5));
#1168 = VECTOR('',#1169,1.);
#1169 = DIRECTION('',(0.,-1.,0.));
#1170 = ORIENTED_EDGE('',*,*,#1171,.F.);
#1171 = EDGE_CURVE('',#1013,#1164,#1172,.T.);
#1172 = LINE('',#1173,#1174);
#1173 = CARTESIAN_POINT('',(2.74,-0.2,3.5));
#1174 = VECTOR('',#1175,1.);
#1175 = DIRECTION('',(-0.,-0.,-1.));
#1176 = PLANE('',#1177);
#1177 = AXIS2_PLACEMENT_3D('',#1178,#1179,#1180);
#1178 = CARTESIAN_POINT('',(2.74,0.2,3.5));
#1179 = DIRECTION('',(-1.,0.,0.));
#1180 = DIRECTION('',(0.,-1.,0.));
#1181 = ADVANCED_FACE('',(#1182),#1200,.F.);
#1182 = FACE_BOUND('',#1183,.F.);
#1183 = EDGE_LOOP('',(#1184,#1185,#1186,#1194));
#1184 = ORIENTED_EDGE('',*,*,#1012,.T.);
#1185 = ORIENTED_EDGE('',*,*,#1171,.T.);
#1186 = ORIENTED_EDGE('',*,*,#1187,.T.);
#1187 = EDGE_CURVE('',#1164,#1188,#1190,.T.);
#1188 = VERTEX_POINT('',#1189);
#1189 = CARTESIAN_POINT('',(2.34,-0.2,-2.5));
#1190 = LINE('',#1191,#1192);
#1191 = CARTESIAN_POINT('',(2.74,-0.2,-2.5));
#1192 = VECTOR('',#1193,1.);
#1193 = DIRECTION('',(-1.,0.,0.));
#1194 = ORIENTED_EDGE('',*,*,#1195,.F.);
#1195 = EDGE_CURVE('',#1005,#1188,#1196,.T.);
#1196 = LINE('',#1197,#1198);
#1197 = CARTESIAN_POINT('',(2.34,-0.2,3.5));
#1198 = VECTOR('',#1199,1.);
#1199 = DIRECTION('',(-0.,-0.,-1.));
#1200 = PLANE('',#1201);
#1201 = AXIS2_PLACEMENT_3D('',#1202,#1203,#1204);
#1202 = CARTESIAN_POINT('',(2.74,-0.2,3.5));
#1203 = DIRECTION('',(0.,1.,0.));
#1204 = DIRECTION('',(-1.,0.,0.));
#1205 = ADVANCED_FACE('',(#1206),#1217,.F.);
#1206 = FACE_BOUND('',#1207,.F.);
#1207 = EDGE_LOOP('',(#1208,#1209,#1210,#1216));
#1208 = ORIENTED_EDGE('',*,*,#1004,.T.);
#1209 = ORIENTED_EDGE('',*,*,#1195,.T.);
#1210 = ORIENTED_EDGE('',*,*,#1211,.T.);
#1211 = EDGE_CURVE('',#1188,#1132,#1212,.T.);
#1212 = LINE('',#1213,#1214);
#1213 = CARTESIAN_POINT('',(2.34,-0.2,-2.5));
#1214 = VECTOR('',#1215,1.);
#1215 = DIRECTION('',(0.,1.,0.));
#1216 = ORIENTED_EDGE('',*,*,#1131,.F.);
#1217 = PLANE('',#1218);
#1218 = AXIS2_PLACEMENT_3D('',#1219,#1220,#1221);
#1219 = CARTESIAN_POINT('',(2.34,-0.2,3.5));
#1220 = DIRECTION('',(1.,0.,0.));
#1221 = DIRECTION('',(-0.,1.,0.));
#1222 = ADVANCED_FACE('',(#1223),#1229,.F.);
#1223 = FACE_BOUND('',#1224,.T.);
#1224 = EDGE_LOOP('',(#1225,#1226,#1227,#1228));
#1225 = ORIENTED_EDGE('',*,*,#1115,.T.);
#1226 = ORIENTED_EDGE('',*,*,#1043,.T.);
#1227 = ORIENTED_EDGE('',*,*,#1067,.T.);
#1228 = ORIENTED_EDGE('',*,*,#1091,.T.);
#1229 = PLANE('',#1230);
#1230 = AXIS2_PLACEMENT_3D('',#1231,#1232,#1233);
#1231 = CARTESIAN_POINT('',(-0.2,0.2,-2.5));
#1232 = DIRECTION('',(0.,0.,1.));
#1233 = DIRECTION('',(1.,0.,-0.));
#1234 = ADVANCED_FACE('',(#1235),#1241,.F.);
#1235 = FACE_BOUND('',#1236,.T.);
#1236 = EDGE_LOOP('',(#1237,#1238,#1239,#1240));
#1237 = ORIENTED_EDGE('',*,*,#1139,.T.);
#1238 = ORIENTED_EDGE('',*,*,#1163,.T.);
#1239 = ORIENTED_EDGE('',*,*,#1187,.T.);
#1240 = ORIENTED_EDGE('',*,*,#1211,.T.);
#1241 = PLANE('',#1242);
#1242 = AXIS2_PLACEMENT_3D('',#1243,#1244,#1245);
#1243 = CARTESIAN_POINT('',(2.34,0.2,-2.5));
#1244 = DIRECTION('',(0.,0.,1.));
#1245 = DIRECTION('',(1.,0.,-0.));
#1246 = ( GEOMETRIC_REPRESENTATION_CONTEXT(3) 
GLOBAL_UNCERTAINTY_ASSIGNED_CONTEXT((#1250)) 
GLOBAL_UNIT_ASSIGNED_CONTEXT((#1247,#1248,#1249)) REPRESENTATION_CONTEXT
('Context #1','3D Context with UNIT and UNCERTAINTY') );
#1247 = ( LENGTH_UNIT() NAMED_UNIT(*) SI_UNIT(.MILLI.,.METRE.) );
#1248 = ( NAMED_UNIT(*) PLANE_ANGLE_UNIT() SI_UNIT($,.RADIAN.) );
#1249 = ( NAMED_UNIT(*) SI_UNIT($,.STERADIAN.) SOLID_ANGLE_UNIT() );
#1250 = UNCERTAINTY_MEASURE_WITH_UNIT(LENGTH_MEASURE(1.E-07),#1247,
  'distance_accuracy_value','confusion accuracy');
#1251 = CONTEXT_DEPENDENT_SHAPE_REPRESENTATION(#1252,#1254);
#1252 = ( REPRESENTATION_RELATIONSHIP('','',#782,#10) 
REPRESENTATION_RELATIONSHIP_WITH_TRANSFORMATION(#1253) 
SHAPE_REPRESENTATION_RELATIONSHIP() );
#1253 = ITEM_DEFINED_TRANSFORMATION('','',#11,#19);
#1254 = PRODUCT_DEFINITION_SHAPE('Placement','Placement of an item',
  #1255);
#1255 = NEXT_ASSEMBLY_USAGE_OCCURRENCE('2','D9','',#5,#777,$);
#1256 = PRODUCT_RELATED_PRODUCT_CATEGORY('part',$,(#779));
#1257 = CONTEXT_DEPENDENT_SHAPE_REPRESENTATION(#1258,#1260);
#1258 = ( REPRESENTATION_RELATIONSHIP('','',#782,#10) 
REPRESENTATION_RELATIONSHIP_WITH_TRANSFORMATION(#1259) 
SHAPE_REPRESENTATION_RELATIONSHIP() );
#1259 = ITEM_DEFINED_TRANSFORMATION('','',#11,#23);
#1260 = PRODUCT_DEFINITION_SHAPE('Placement','Placement of an item',
  #1261);
#1261 = NEXT_ASSEMBLY_USAGE_OCCURRENCE('3','D8','',#5,#777,$);
#1262 = SHAPE_DEFINITION_REPRESENTATION(#1263,#1269);
#1263 = PRODUCT_DEFINITION_SHAPE('','',#1264);
#1264 = PRODUCT_DEFINITION('design','',#1265,#1268);
#1265 = PRODUCT_DEFINITION_FORMATION('','',#1266);
#1266 = PRODUCT('DIP-8_W7.62mm','DIP-8_W7.62mm','',(#1267));
#1267 = PRODUCT_CONTEXT('',#2,'mechanical');
#1268 = PRODUCT_DEFINITION_CONTEXT('part definition',#2,'design');
#1269 = ADVANCED_BREP_SHAPE_REPRESENTATION('',(#11,#1270),#6042);
#1270 = MANIFOLD_SOLID_BREP('',#1271);
#1271 = CLOSED_SHELL('',(#1272,#1312,#1405,#1428,#1515,#1532,#1562,#1592
    ,#1623,#1654,#1685,#1716,#1747,#1778,#1809,#1832,#1856,#1886,#1917,
    #1948,#1979,#2010,#2041,#2072,#2103,#2120,#2150,#2208,#2266,#2296,
    #2354,#2371,#2396,#2446,#2477,#2535,#2593,#2624,#2682,#2699,#2724,
    #2774,#2805,#2828,#2852,#2910,#2968,#2998,#3056,#3073,#3131,#3148,
    #3179,#3237,#3295,#3326,#3384,#3401,#3459,#3476,#3507,#3524,#3581,
    #3600,#3649,#3673,#3720,#3732,#3751,#3768,#3817,#3841,#3883,#3900,
    #3917,#3936,#4001,#4025,#4088,#4100,#4165,#4189,#4252,#4269,#4283,
    #4300,#4317,#4666,#4717,#4736,#4785,#4809,#4856,#4868,#4922,#4946,
    #4988,#5007,#5019,#5036,#5053,#5072,#5089,#5154,#5178,#5236,#5258,
    #5323,#5347,#5405,#5419,#5436,#5453,#5470,#5499,#5516,#5533,#5545,
    #5562,#5579,#5591,#5608,#5625,#5642,#5659,#5671,#5688,#5705,#5722,
    #5739,#5751,#5779,#5790,#5807,#5824,#5836,#5853,#5870,#5882,#5899,
    #5916,#5933,#5950,#5962,#5979,#5996,#6013,#6030));
#1272 = ADVANCED_FACE('',(#1273),#1307,.T.);
#1273 = FACE_BOUND('',#1274,.F.);
#1274 = EDGE_LOOP('',(#1275,#1285,#1293,#1301));
#1275 = ORIENTED_EDGE('',*,*,#1276,.T.);
#1276 = EDGE_CURVE('',#1277,#1279,#1281,.T.);
#1277 = VERTEX_POINT('',#1278);
#1278 = CARTESIAN_POINT('',(6.661276356577,-8.121276356577,0.38));
#1279 = VERTEX_POINT('',#1280);
#1280 = CARTESIAN_POINT('',(6.661276356577,0.501276356577,0.38));
#1281 = LINE('',#1282,#1283);
#1282 = CARTESIAN_POINT('',(6.661276356577,-8.121276356577,0.38));
#1283 = VECTOR('',#1284,1.);
#1284 = DIRECTION('',(-4.440892098501E-16,1.,0.));
#1285 = ORIENTED_EDGE('',*,*,#1286,.T.);
#1286 = EDGE_CURVE('',#1279,#1287,#1289,.T.);
#1287 = VERTEX_POINT('',#1288);
#1288 = CARTESIAN_POINT('',(0.958723643423,0.501276356577,0.38));
#1289 = LINE('',#1290,#1291);
#1290 = CARTESIAN_POINT('',(6.661276356577,0.501276356577,0.38));
#1291 = VECTOR('',#1292,1.);
#1292 = DIRECTION('',(-1.,-4.440892098501E-16,0.));
#1293 = ORIENTED_EDGE('',*,*,#1294,.T.);
#1294 = EDGE_CURVE('',#1287,#1295,#1297,.T.);
#1295 = VERTEX_POINT('',#1296);
#1296 = CARTESIAN_POINT('',(0.958723643423,-8.121276356577,0.38));
#1297 = LINE('',#1298,#1299);
#1298 = CARTESIAN_POINT('',(0.958723643423,0.501276356577,0.38));
#1299 = VECTOR('',#1300,1.);
#1300 = DIRECTION('',(4.440892098501E-16,-1.,0.));
#1301 = ORIENTED_EDGE('',*,*,#1302,.T.);
#1302 = EDGE_CURVE('',#1295,#1277,#1303,.T.);
#1303 = LINE('',#1304,#1305);
#1304 = CARTESIAN_POINT('',(0.958723643423,-8.121276356577,0.38));
#1305 = VECTOR('',#1306,1.);
#1306 = DIRECTION('',(1.,4.440892098501E-16,0.));
#1307 = PLANE('',#1308);
#1308 = AXIS2_PLACEMENT_3D('',#1309,#1310,#1311);
#1309 = CARTESIAN_POINT('',(6.661276356577,-8.121276356577,0.38));
#1310 = DIRECTION('',(-0.,0.,-1.));
#1311 = DIRECTION('',(-0.551628171486,0.834090139268,0.));
#1312 = ADVANCED_FACE('',(#1313),#1400,.T.);
#1313 = FACE_BOUND('',#1314,.T.);
#1314 = EDGE_LOOP('',(#1315,#1316,#1323,#1331,#1339,#1347,#1355,#1363,
    #1371,#1379,#1387,#1395));
#1315 = ORIENTED_EDGE('',*,*,#1276,.T.);
#1316 = ORIENTED_EDGE('',*,*,#1317,.T.);
#1317 = EDGE_CURVE('',#1279,#1318,#1320,.T.);
#1318 = VERTEX_POINT('',#1319);
#1319 = CARTESIAN_POINT('',(6.985,0.825,1.903));
#1320 = B_SPLINE_CURVE_WITH_KNOTS('',1,(#1321,#1322),.UNSPECIFIED.,.F.,
  .F.,(2,2),(0.,1.),.PIECEWISE_BEZIER_KNOTS.);
#1321 = CARTESIAN_POINT('',(6.661276356577,0.501276356577,0.38));
#1322 = CARTESIAN_POINT('',(6.985,0.825,1.903));
#1323 = ORIENTED_EDGE('',*,*,#1324,.F.);
#1324 = EDGE_CURVE('',#1325,#1318,#1327,.T.);
#1325 = VERTEX_POINT('',#1326);
#1326 = CARTESIAN_POINT('',(6.985,0.2285,1.903));
#1327 = LINE('',#1328,#1329);
#1328 = CARTESIAN_POINT('',(6.985,-8.445,1.903));
#1329 = VECTOR('',#1330,1.);
#1330 = DIRECTION('',(-4.440892098501E-16,1.,0.));
#1331 = ORIENTED_EDGE('',*,*,#1332,.F.);
#1332 = EDGE_CURVE('',#1333,#1325,#1335,.T.);
#1333 = VERTEX_POINT('',#1334);
#1334 = CARTESIAN_POINT('',(6.985,-0.762,1.903));
#1335 = LINE('',#1336,#1337);
#1336 = CARTESIAN_POINT('',(6.985,-8.445,1.903));
#1337 = VECTOR('',#1338,1.);
#1338 = DIRECTION('',(-4.440892098501E-16,1.,0.));
#1339 = ORIENTED_EDGE('',*,*,#1340,.F.);
#1340 = EDGE_CURVE('',#1341,#1333,#1343,.T.);
#1341 = VERTEX_POINT('',#1342);
#1342 = CARTESIAN_POINT('',(6.985,-1.778,1.903));
#1343 = LINE('',#1344,#1345);
#1344 = CARTESIAN_POINT('',(6.985,-8.445,1.903));
#1345 = VECTOR('',#1346,1.);
#1346 = DIRECTION('',(-4.440892098501E-16,1.,0.));
#1347 = ORIENTED_EDGE('',*,*,#1348,.F.);
#1348 = EDGE_CURVE('',#1349,#1341,#1351,.T.);
#1349 = VERTEX_POINT('',#1350);
#1350 = CARTESIAN_POINT('',(6.985,-3.302,1.903));
#1351 = LINE('',#1352,#1353);
#1352 = CARTESIAN_POINT('',(6.985,-8.445,1.903));
#1353 = VECTOR('',#1354,1.);
#1354 = DIRECTION('',(-4.440892098501E-16,1.,0.));
#1355 = ORIENTED_EDGE('',*,*,#1356,.F.);
#1356 = EDGE_CURVE('',#1357,#1349,#1359,.T.);
#1357 = VERTEX_POINT('',#1358);
#1358 = CARTESIAN_POINT('',(6.985,-4.318,1.903));
#1359 = LINE('',#1360,#1361);
#1360 = CARTESIAN_POINT('',(6.985,-8.445,1.903));
#1361 = VECTOR('',#1362,1.);
#1362 = DIRECTION('',(-4.440892098501E-16,1.,0.));
#1363 = ORIENTED_EDGE('',*,*,#1364,.F.);
#1364 = EDGE_CURVE('',#1365,#1357,#1367,.T.);
#1365 = VERTEX_POINT('',#1366);
#1366 = CARTESIAN_POINT('',(6.985,-5.842,1.903));
#1367 = LINE('',#1368,#1369);
#1368 = CARTESIAN_POINT('',(6.985,-8.445,1.903));
#1369 = VECTOR('',#1370,1.);
#1370 = DIRECTION('',(-4.440892098501E-16,1.,0.));
#1371 = ORIENTED_EDGE('',*,*,#1372,.F.);
#1372 = EDGE_CURVE('',#1373,#1365,#1375,.T.);
#1373 = VERTEX_POINT('',#1374);
#1374 = CARTESIAN_POINT('',(6.985,-6.858,1.903));
#1375 = LINE('',#1376,#1377);
#1376 = CARTESIAN_POINT('',(6.985,-8.445,1.903));
#1377 = VECTOR('',#1378,1.);
#1378 = DIRECTION('',(-4.440892098501E-16,1.,0.));
#1379 = ORIENTED_EDGE('',*,*,#1380,.F.);
#1380 = EDGE_CURVE('',#1381,#1373,#1383,.T.);
#1381 = VERTEX_POINT('',#1382);
#1382 = CARTESIAN_POINT('',(6.985,-7.8485,1.903));
#1383 = LINE('',#1384,#1385);
#1384 = CARTESIAN_POINT('',(6.985,-8.445,1.903));
#1385 = VECTOR('',#1386,1.);
#1386 = DIRECTION('',(-4.440892098501E-16,1.,0.));
#1387 = ORIENTED_EDGE('',*,*,#1388,.F.);
#1388 = EDGE_CURVE('',#1389,#1381,#1391,.T.);
#1389 = VERTEX_POINT('',#1390);
#1390 = CARTESIAN_POINT('',(6.985,-8.445,1.903));
#1391 = LINE('',#1392,#1393);
#1392 = CARTESIAN_POINT('',(6.985,-8.445,1.903));
#1393 = VECTOR('',#1394,1.);
#1394 = DIRECTION('',(-4.440892098501E-16,1.,0.));
#1395 = ORIENTED_EDGE('',*,*,#1396,.F.);
#1396 = EDGE_CURVE('',#1277,#1389,#1397,.T.);
#1397 = B_SPLINE_CURVE_WITH_KNOTS('',1,(#1398,#1399),.UNSPECIFIED.,.F.,
  .F.,(2,2),(0.,1.),.PIECEWISE_BEZIER_KNOTS.);
#1398 = CARTESIAN_POINT('',(6.661276356577,-8.121276356577,0.38));
#1399 = CARTESIAN_POINT('',(6.985,-8.445,1.903));
#1400 = B_SPLINE_SURFACE_WITH_KNOTS('',1,1,(
    (#1401,#1402)
    ,(#1403,#1404
    )),.UNSPECIFIED.,.F.,.F.,.F.,(2,2),(2,2),(0.,9.27),(0.,1.),
  .PIECEWISE_BEZIER_KNOTS.);
#1401 = CARTESIAN_POINT('',(6.661276356577,-8.121276356577,0.38));
#1402 = CARTESIAN_POINT('',(6.985,-8.445,1.903));
#1403 = CARTESIAN_POINT('',(6.661276356577,0.501276356577,0.38));
#1404 = CARTESIAN_POINT('',(6.985,0.825,1.903));
#1405 = ADVANCED_FACE('',(#1406),#1423,.T.);
#1406 = FACE_BOUND('',#1407,.T.);
#1407 = EDGE_LOOP('',(#1408,#1409,#1416,#1422));
#1408 = ORIENTED_EDGE('',*,*,#1286,.T.);
#1409 = ORIENTED_EDGE('',*,*,#1410,.T.);
#1410 = EDGE_CURVE('',#1287,#1411,#1413,.T.);
#1411 = VERTEX_POINT('',#1412);
#1412 = CARTESIAN_POINT('',(0.635,0.825,1.903));
#1413 = B_SPLINE_CURVE_WITH_KNOTS('',1,(#1414,#1415),.UNSPECIFIED.,.F.,
  .F.,(2,2),(0.,1.),.PIECEWISE_BEZIER_KNOTS.);
#1414 = CARTESIAN_POINT('',(0.958723643423,0.501276356577,0.38));
#1415 = CARTESIAN_POINT('',(0.635,0.825,1.903));
#1416 = ORIENTED_EDGE('',*,*,#1417,.F.);
#1417 = EDGE_CURVE('',#1318,#1411,#1418,.T.);
#1418 = LINE('',#1419,#1420);
#1419 = CARTESIAN_POINT('',(6.985,0.825,1.903));
#1420 = VECTOR('',#1421,1.);
#1421 = DIRECTION('',(-1.,-4.440892098501E-16,0.));
#1422 = ORIENTED_EDGE('',*,*,#1317,.F.);
#1423 = B_SPLINE_SURFACE_WITH_KNOTS('',1,1,(
    (#1424,#1425)
    ,(#1426,#1427
    )),.UNSPECIFIED.,.F.,.F.,.F.,(2,2),(2,2),(0.,6.35),(0.,1.),
  .PIECEWISE_BEZIER_KNOTS.);
#1424 = CARTESIAN_POINT('',(6.661276356577,0.501276356577,0.38));
#1425 = CARTESIAN_POINT('',(6.985,0.825,1.903));
#1426 = CARTESIAN_POINT('',(0.958723643423,0.501276356577,0.38));
#1427 = CARTESIAN_POINT('',(0.635,0.825,1.903));
#1428 = ADVANCED_FACE('',(#1429),#1510,.T.);
#1429 = FACE_BOUND('',#1430,.T.);
#1430 = EDGE_LOOP('',(#1431,#1432,#1439,#1447,#1455,#1463,#1471,#1479,
    #1487,#1495,#1503,#1509));
#1431 = ORIENTED_EDGE('',*,*,#1294,.T.);
#1432 = ORIENTED_EDGE('',*,*,#1433,.T.);
#1433 = EDGE_CURVE('',#1295,#1434,#1436,.T.);
#1434 = VERTEX_POINT('',#1435);
#1435 = CARTESIAN_POINT('',(0.635,-8.445,1.903));
#1436 = B_SPLINE_CURVE_WITH_KNOTS('',1,(#1437,#1438),.UNSPECIFIED.,.F.,
  .F.,(2,2),(0.,1.),.PIECEWISE_BEZIER_KNOTS.);
#1437 = CARTESIAN_POINT('',(0.958723643423,-8.121276356577,0.38));
#1438 = CARTESIAN_POINT('',(0.635,-8.445,1.903));
#1439 = ORIENTED_EDGE('',*,*,#1440,.F.);
#1440 = EDGE_CURVE('',#1441,#1434,#1443,.T.);
#1441 = VERTEX_POINT('',#1442);
#1442 = CARTESIAN_POINT('',(0.635,-7.8485,1.903));
#1443 = LINE('',#1444,#1445);
#1444 = CARTESIAN_POINT('',(0.635,0.825,1.903));
#1445 = VECTOR('',#1446,1.);
#1446 = DIRECTION('',(4.440892098501E-16,-1.,0.));
#1447 = ORIENTED_EDGE('',*,*,#1448,.F.);
#1448 = EDGE_CURVE('',#1449,#1441,#1451,.T.);
#1449 = VERTEX_POINT('',#1450);
#1450 = CARTESIAN_POINT('',(0.635,-6.858,1.903));
#1451 = LINE('',#1452,#1453);
#1452 = CARTESIAN_POINT('',(0.635,0.825,1.903));
#1453 = VECTOR('',#1454,1.);
#1454 = DIRECTION('',(4.440892098501E-16,-1.,0.));
#1455 = ORIENTED_EDGE('',*,*,#1456,.F.);
#1456 = EDGE_CURVE('',#1457,#1449,#1459,.T.);
#1457 = VERTEX_POINT('',#1458);
#1458 = CARTESIAN_POINT('',(0.635,-5.842,1.903));
#1459 = LINE('',#1460,#1461);
#1460 = CARTESIAN_POINT('',(0.635,0.825,1.903));
#1461 = VECTOR('',#1462,1.);
#1462 = DIRECTION('',(4.440892098501E-16,-1.,0.));
#1463 = ORIENTED_EDGE('',*,*,#1464,.F.);
#1464 = EDGE_CURVE('',#1465,#1457,#1467,.T.);
#1465 = VERTEX_POINT('',#1466);
#1466 = CARTESIAN_POINT('',(0.635,-4.318,1.903));
#1467 = LINE('',#1468,#1469);
#1468 = CARTESIAN_POINT('',(0.635,0.825,1.903));
#1469 = VECTOR('',#1470,1.);
#1470 = DIRECTION('',(4.440892098501E-16,-1.,0.));
#1471 = ORIENTED_EDGE('',*,*,#1472,.F.);
#1472 = EDGE_CURVE('',#1473,#1465,#1475,.T.);
#1473 = VERTEX_POINT('',#1474);
#1474 = CARTESIAN_POINT('',(0.635,-3.302,1.903));
#1475 = LINE('',#1476,#1477);
#1476 = CARTESIAN_POINT('',(0.635,0.825,1.903));
#1477 = VECTOR('',#1478,1.);
#1478 = DIRECTION('',(4.440892098501E-16,-1.,0.));
#1479 = ORIENTED_EDGE('',*,*,#1480,.F.);
#1480 = EDGE_CURVE('',#1481,#1473,#1483,.T.);
#1481 = VERTEX_POINT('',#1482);
#1482 = CARTESIAN_POINT('',(0.635,-1.778,1.903));
#1483 = LINE('',#1484,#1485);
#1484 = CARTESIAN_POINT('',(0.635,0.825,1.903));
#1485 = VECTOR('',#1486,1.);
#1486 = DIRECTION('',(4.440892098501E-16,-1.,0.));
#1487 = ORIENTED_EDGE('',*,*,#1488,.F.);
#1488 = EDGE_CURVE('',#1489,#1481,#1491,.T.);
#1489 = VERTEX_POINT('',#1490);
#1490 = CARTESIAN_POINT('',(0.635,-0.762,1.903));
#1491 = LINE('',#1492,#1493);
#1492 = CARTESIAN_POINT('',(0.635,0.825,1.903));
#1493 = VECTOR('',#1494,1.);
#1494 = DIRECTION('',(4.440892098501E-16,-1.,0.));
#1495 = ORIENTED_EDGE('',*,*,#1496,.F.);
#1496 = EDGE_CURVE('',#1497,#1489,#1499,.T.);
#1497 = VERTEX_POINT('',#1498);
#1498 = CARTESIAN_POINT('',(0.635,0.2285,1.903));
#1499 = LINE('',#1500,#1501);
#1500 = CARTESIAN_POINT('',(0.635,0.825,1.903));
#1501 = VECTOR('',#1502,1.);
#1502 = DIRECTION('',(4.440892098501E-16,-1.,0.));
#1503 = ORIENTED_EDGE('',*,*,#1504,.F.);
#1504 = EDGE_CURVE('',#1411,#1497,#1505,.T.);
#1505 = LINE('',#1506,#1507);
#1506 = CARTESIAN_POINT('',(0.635,0.825,1.903));
#1507 = VECTOR('',#1508,1.);
#1508 = DIRECTION('',(4.440892098501E-16,-1.,0.));
#1509 = ORIENTED_EDGE('',*,*,#1410,.F.);
#1510 = B_SPLINE_SURFACE_WITH_KNOTS('',1,1,(
    (#1511,#1512)
    ,(#1513,#1514
    )),.UNSPECIFIED.,.F.,.F.,.F.,(2,2),(2,2),(0.,9.27),(0.,1.),
  .PIECEWISE_BEZIER_KNOTS.);
#1511 = CARTESIAN_POINT('',(0.958723643423,0.501276356577,0.38));
#1512 = CARTESIAN_POINT('',(0.635,0.825,1.903));
#1513 = CARTESIAN_POINT('',(0.958723643423,-8.121276356577,0.38));
#1514 = CARTESIAN_POINT('',(0.635,-8.445,1.903));
#1515 = ADVANCED_FACE('',(#1516),#1527,.T.);
#1516 = FACE_BOUND('',#1517,.T.);
#1517 = EDGE_LOOP('',(#1518,#1519,#1520,#1526));
#1518 = ORIENTED_EDGE('',*,*,#1302,.T.);
#1519 = ORIENTED_EDGE('',*,*,#1396,.T.);
#1520 = ORIENTED_EDGE('',*,*,#1521,.F.);
#1521 = EDGE_CURVE('',#1434,#1389,#1522,.T.);
#1522 = LINE('',#1523,#1524);
#1523 = CARTESIAN_POINT('',(0.635,-8.445,1.903));
#1524 = VECTOR('',#1525,1.);
#1525 = DIRECTION('',(1.,4.440892098501E-16,0.));
#1526 = ORIENTED_EDGE('',*,*,#1433,.F.);
#1527 = B_SPLINE_SURFACE_WITH_KNOTS('',1,1,(
    (#1528,#1529)
    ,(#1530,#1531
    )),.UNSPECIFIED.,.F.,.F.,.F.,(2,2),(2,2),(0.,6.35),(0.,1.),
  .PIECEWISE_BEZIER_KNOTS.);
#1528 = CARTESIAN_POINT('',(0.958723643423,-8.121276356577,0.38));
#1529 = CARTESIAN_POINT('',(0.635,-8.445,1.903));
#1530 = CARTESIAN_POINT('',(6.661276356577,-8.121276356577,0.38));
#1531 = CARTESIAN_POINT('',(6.985,-8.445,1.903));
#1532 = ADVANCED_FACE('',(#1533),#1557,.T.);
#1533 = FACE_BOUND('',#1534,.T.);
#1534 = EDGE_LOOP('',(#1535,#1542,#1543,#1551));
#1535 = ORIENTED_EDGE('',*,*,#1536,.F.);
#1536 = EDGE_CURVE('',#1389,#1537,#1539,.T.);
#1537 = VERTEX_POINT('',#1538);
#1538 = CARTESIAN_POINT('',(6.985,-8.445,2.157));
#1539 = B_SPLINE_CURVE_WITH_KNOTS('',1,(#1540,#1541),.UNSPECIFIED.,.F.,
  .F.,(2,2),(0.,1.),.PIECEWISE_BEZIER_KNOTS.);
#1540 = CARTESIAN_POINT('',(6.985,-8.445,1.903));
#1541 = CARTESIAN_POINT('',(6.985,-8.445,2.157));
#1542 = ORIENTED_EDGE('',*,*,#1388,.T.);
#1543 = ORIENTED_EDGE('',*,*,#1544,.T.);
#1544 = EDGE_CURVE('',#1381,#1545,#1547,.T.);
#1545 = VERTEX_POINT('',#1546);
#1546 = CARTESIAN_POINT('',(6.985,-7.8485,2.157));
#1547 = LINE('',#1548,#1549);
#1548 = CARTESIAN_POINT('',(6.985,-7.8485,1.9665));
#1549 = VECTOR('',#1550,1.);
#1550 = DIRECTION('',(0.,0.,1.));
#1551 = ORIENTED_EDGE('',*,*,#1552,.F.);
#1552 = EDGE_CURVE('',#1537,#1545,#1553,.T.);
#1553 = LINE('',#1554,#1555);
#1554 = CARTESIAN_POINT('',(6.985,-8.445,2.157));
#1555 = VECTOR('',#1556,1.);
#1556 = DIRECTION('',(-4.440892098501E-16,1.,0.));
#1557 = PLANE('',#1558);
#1558 = AXIS2_PLACEMENT_3D('',#1559,#1560,#1561);
#1559 = CARTESIAN_POINT('',(6.985,-8.445,2.157));
#1560 = DIRECTION('',(1.,4.440892098501E-16,0.));
#1561 = DIRECTION('',(-4.440892098501E-16,1.,0.));
#1562 = ADVANCED_FACE('',(#1563),#1587,.T.);
#1563 = FACE_BOUND('',#1564,.T.);
#1564 = EDGE_LOOP('',(#1565,#1573,#1574,#1581));
#1565 = ORIENTED_EDGE('',*,*,#1566,.T.);
#1566 = EDGE_CURVE('',#1567,#1325,#1569,.T.);
#1567 = VERTEX_POINT('',#1568);
#1568 = CARTESIAN_POINT('',(6.985,0.2285,2.157));
#1569 = LINE('',#1570,#1571);
#1570 = CARTESIAN_POINT('',(6.985,0.2285,2.157));
#1571 = VECTOR('',#1572,1.);
#1572 = DIRECTION('',(1.035250531786E-30,-2.331176954594E-15,-1.));
#1573 = ORIENTED_EDGE('',*,*,#1324,.T.);
#1574 = ORIENTED_EDGE('',*,*,#1575,.T.);
#1575 = EDGE_CURVE('',#1318,#1576,#1578,.T.);
#1576 = VERTEX_POINT('',#1577);
#1577 = CARTESIAN_POINT('',(6.985,0.825,2.157));
#1578 = B_SPLINE_CURVE_WITH_KNOTS('',1,(#1579,#1580),.UNSPECIFIED.,.F.,
  .F.,(2,2),(0.,1.),.PIECEWISE_BEZIER_KNOTS.);
#1579 = CARTESIAN_POINT('',(6.985,0.825,1.903));
#1580 = CARTESIAN_POINT('',(6.985,0.825,2.157));
#1581 = ORIENTED_EDGE('',*,*,#1582,.F.);
#1582 = EDGE_CURVE('',#1567,#1576,#1583,.T.);
#1583 = LINE('',#1584,#1585);
#1584 = CARTESIAN_POINT('',(6.985,-8.445,2.157));
#1585 = VECTOR('',#1586,1.);
#1586 = DIRECTION('',(-4.440892098501E-16,1.,0.));
#1587 = PLANE('',#1588);
#1588 = AXIS2_PLACEMENT_3D('',#1589,#1590,#1591);
#1589 = CARTESIAN_POINT('',(6.985,-8.445,2.157));
#1590 = DIRECTION('',(1.,4.440892098501E-16,0.));
#1591 = DIRECTION('',(-4.440892098501E-16,1.,0.));
#1592 = ADVANCED_FACE('',(#1593),#1618,.F.);
#1593 = FACE_BOUND('',#1594,.F.);
#1594 = EDGE_LOOP('',(#1595,#1603,#1604,#1612));
#1595 = ORIENTED_EDGE('',*,*,#1596,.F.);
#1596 = EDGE_CURVE('',#1373,#1597,#1599,.T.);
#1597 = VERTEX_POINT('',#1598);
#1598 = CARTESIAN_POINT('',(7.366,-6.858,1.903));
#1599 = LINE('',#1600,#1601);
#1600 = CARTESIAN_POINT('',(3.81,-6.858,1.903));
#1601 = VECTOR('',#1602,1.);
#1602 = DIRECTION('',(1.,3.216245299353E-16,0.));
#1603 = ORIENTED_EDGE('',*,*,#1380,.F.);
#1604 = ORIENTED_EDGE('',*,*,#1605,.F.);
#1605 = EDGE_CURVE('',#1606,#1381,#1608,.T.);
#1606 = VERTEX_POINT('',#1607);
#1607 = CARTESIAN_POINT('',(7.366,-7.8485,1.903));
#1608 = LINE('',#1609,#1610);
#1609 = CARTESIAN_POINT('',(7.747,-7.8485,1.903));
#1610 = VECTOR('',#1611,1.);
#1611 = DIRECTION('',(-1.,-3.216245299353E-16,0.));
#1612 = ORIENTED_EDGE('',*,*,#1613,.T.);
#1613 = EDGE_CURVE('',#1606,#1597,#1614,.T.);
#1614 = LINE('',#1615,#1616);
#1615 = CARTESIAN_POINT('',(7.366,-7.8485,1.903));
#1616 = VECTOR('',#1617,1.);
#1617 = DIRECTION('',(-3.216245299353E-16,1.,0.));
#1618 = PLANE('',#1619);
#1619 = AXIS2_PLACEMENT_3D('',#1620,#1621,#1622);
#1620 = CARTESIAN_POINT('',(0.254,-6.858,1.903));
#1621 = DIRECTION('',(0.,0.,1.));
#1622 = DIRECTION('',(-4.440892098501E-16,1.,0.));
#1623 = ADVANCED_FACE('',(#1624),#1649,.F.);
#1624 = FACE_BOUND('',#1625,.F.);
#1625 = EDGE_LOOP('',(#1626,#1634,#1635,#1643));
#1626 = ORIENTED_EDGE('',*,*,#1627,.F.);
#1627 = EDGE_CURVE('',#1325,#1628,#1630,.T.);
#1628 = VERTEX_POINT('',#1629);
#1629 = CARTESIAN_POINT('',(7.366,0.2285,1.903));
#1630 = LINE('',#1631,#1632);
#1631 = CARTESIAN_POINT('',(3.81,0.2285,1.903));
#1632 = VECTOR('',#1633,1.);
#1633 = DIRECTION('',(1.,3.216245299353E-16,0.));
#1634 = ORIENTED_EDGE('',*,*,#1332,.F.);
#1635 = ORIENTED_EDGE('',*,*,#1636,.F.);
#1636 = EDGE_CURVE('',#1637,#1333,#1639,.T.);
#1637 = VERTEX_POINT('',#1638);
#1638 = CARTESIAN_POINT('',(7.366,-0.762,1.903));
#1639 = LINE('',#1640,#1641);
#1640 = CARTESIAN_POINT('',(7.747,-0.762,1.903));
#1641 = VECTOR('',#1642,1.);
#1642 = DIRECTION('',(-1.,-3.216245299353E-16,0.));
#1643 = ORIENTED_EDGE('',*,*,#1644,.F.);
#1644 = EDGE_CURVE('',#1628,#1637,#1645,.T.);
#1645 = LINE('',#1646,#1647);
#1646 = CARTESIAN_POINT('',(7.366,0.2285,1.903));
#1647 = VECTOR('',#1648,1.);
#1648 = DIRECTION('',(3.216245299353E-16,-1.,0.));
#1649 = PLANE('',#1650);
#1650 = AXIS2_PLACEMENT_3D('',#1651,#1652,#1653);
#1651 = CARTESIAN_POINT('',(0.254,0.2285,1.903));
#1652 = DIRECTION('',(0.,0.,1.));
#1653 = DIRECTION('',(-4.440892098501E-16,1.,0.));
#1654 = ADVANCED_FACE('',(#1655),#1680,.T.);
#1655 = FACE_BOUND('',#1656,.T.);
#1656 = EDGE_LOOP('',(#1657,#1665,#1666,#1674));
#1657 = ORIENTED_EDGE('',*,*,#1658,.T.);
#1658 = EDGE_CURVE('',#1659,#1373,#1661,.T.);
#1659 = VERTEX_POINT('',#1660);
#1660 = CARTESIAN_POINT('',(6.985,-6.858,2.157));
#1661 = LINE('',#1662,#1663);
#1662 = CARTESIAN_POINT('',(6.985,-6.858,2.157));
#1663 = VECTOR('',#1664,1.);
#1664 = DIRECTION('',(0.,0.,-1.));
#1665 = ORIENTED_EDGE('',*,*,#1372,.T.);
#1666 = ORIENTED_EDGE('',*,*,#1667,.T.);
#1667 = EDGE_CURVE('',#1365,#1668,#1670,.T.);
#1668 = VERTEX_POINT('',#1669);
#1669 = CARTESIAN_POINT('',(6.985,-5.842,2.157));
#1670 = LINE('',#1671,#1672);
#1671 = CARTESIAN_POINT('',(6.985,-5.842,2.157));
#1672 = VECTOR('',#1673,1.);
#1673 = DIRECTION('',(0.,0.,1.));
#1674 = ORIENTED_EDGE('',*,*,#1675,.F.);
#1675 = EDGE_CURVE('',#1659,#1668,#1676,.T.);
#1676 = LINE('',#1677,#1678);
#1677 = CARTESIAN_POINT('',(6.985,-8.445,2.157));
#1678 = VECTOR('',#1679,1.);
#1679 = DIRECTION('',(-4.440892098501E-16,1.,0.));
#1680 = PLANE('',#1681);
#1681 = AXIS2_PLACEMENT_3D('',#1682,#1683,#1684);
#1682 = CARTESIAN_POINT('',(6.985,-8.445,2.157));
#1683 = DIRECTION('',(1.,4.440892098501E-16,0.));
#1684 = DIRECTION('',(-4.440892098501E-16,1.,0.));
#1685 = ADVANCED_FACE('',(#1686),#1711,.T.);
#1686 = FACE_BOUND('',#1687,.T.);
#1687 = EDGE_LOOP('',(#1688,#1696,#1697,#1705));
#1688 = ORIENTED_EDGE('',*,*,#1689,.F.);
#1689 = EDGE_CURVE('',#1341,#1690,#1692,.T.);
#1690 = VERTEX_POINT('',#1691);
#1691 = CARTESIAN_POINT('',(6.985,-1.778,2.157));
#1692 = LINE('',#1693,#1694);
#1693 = CARTESIAN_POINT('',(6.985,-1.778,2.157));
#1694 = VECTOR('',#1695,1.);
#1695 = DIRECTION('',(0.,0.,1.));
#1696 = ORIENTED_EDGE('',*,*,#1340,.T.);
#1697 = ORIENTED_EDGE('',*,*,#1698,.F.);
#1698 = EDGE_CURVE('',#1699,#1333,#1701,.T.);
#1699 = VERTEX_POINT('',#1700);
#1700 = CARTESIAN_POINT('',(6.985,-0.762,2.157));
#1701 = LINE('',#1702,#1703);
#1702 = CARTESIAN_POINT('',(6.985,-0.762,1.0785));
#1703 = VECTOR('',#1704,1.);
#1704 = DIRECTION('',(0.,0.,-1.));
#1705 = ORIENTED_EDGE('',*,*,#1706,.F.);
#1706 = EDGE_CURVE('',#1690,#1699,#1707,.T.);
#1707 = LINE('',#1708,#1709);
#1708 = CARTESIAN_POINT('',(6.985,-8.445,2.157));
#1709 = VECTOR('',#1710,1.);
#1710 = DIRECTION('',(-4.440892098501E-16,1.,0.));
#1711 = PLANE('',#1712);
#1712 = AXIS2_PLACEMENT_3D('',#1713,#1714,#1715);
#1713 = CARTESIAN_POINT('',(6.985,-8.445,2.157));
#1714 = DIRECTION('',(1.,4.440892098501E-16,0.));
#1715 = DIRECTION('',(-4.440892098501E-16,1.,0.));
#1716 = ADVANCED_FACE('',(#1717),#1742,.F.);
#1717 = FACE_BOUND('',#1718,.F.);
#1718 = EDGE_LOOP('',(#1719,#1727,#1728,#1736));
#1719 = ORIENTED_EDGE('',*,*,#1720,.F.);
#1720 = EDGE_CURVE('',#1357,#1721,#1723,.T.);
#1721 = VERTEX_POINT('',#1722);
#1722 = CARTESIAN_POINT('',(7.366,-4.318,1.903));
#1723 = LINE('',#1724,#1725);
#1724 = CARTESIAN_POINT('',(3.683,-4.318,1.903));
#1725 = VECTOR('',#1726,1.);
#1726 = DIRECTION('',(1.,3.216245299353E-16,0.));
#1727 = ORIENTED_EDGE('',*,*,#1364,.F.);
#1728 = ORIENTED_EDGE('',*,*,#1729,.F.);
#1729 = EDGE_CURVE('',#1730,#1365,#1732,.T.);
#1730 = VERTEX_POINT('',#1731);
#1731 = CARTESIAN_POINT('',(7.366,-5.842,1.903));
#1732 = LINE('',#1733,#1734);
#1733 = CARTESIAN_POINT('',(7.62,-5.842,1.903));
#1734 = VECTOR('',#1735,1.);
#1735 = DIRECTION('',(-1.,-3.216245299353E-16,0.));
#1736 = ORIENTED_EDGE('',*,*,#1737,.T.);
#1737 = EDGE_CURVE('',#1730,#1721,#1738,.T.);
#1738 = LINE('',#1739,#1740);
#1739 = CARTESIAN_POINT('',(7.366,-5.842,1.903));
#1740 = VECTOR('',#1741,1.);
#1741 = DIRECTION('',(-3.216245299353E-16,1.,0.));
#1742 = PLANE('',#1743);
#1743 = AXIS2_PLACEMENT_3D('',#1744,#1745,#1746);
#1744 = CARTESIAN_POINT('',(0.254,-4.318,1.903));
#1745 = DIRECTION('',(0.,0.,1.));
#1746 = DIRECTION('',(-4.440892098501E-16,1.,0.));
#1747 = ADVANCED_FACE('',(#1748),#1773,.F.);
#1748 = FACE_BOUND('',#1749,.F.);
#1749 = EDGE_LOOP('',(#1750,#1758,#1759,#1767));
#1750 = ORIENTED_EDGE('',*,*,#1751,.F.);
#1751 = EDGE_CURVE('',#1341,#1752,#1754,.T.);
#1752 = VERTEX_POINT('',#1753);
#1753 = CARTESIAN_POINT('',(7.366,-1.778,1.903));
#1754 = LINE('',#1755,#1756);
#1755 = CARTESIAN_POINT('',(3.683,-1.778,1.903));
#1756 = VECTOR('',#1757,1.);
#1757 = DIRECTION('',(1.,3.216245299353E-16,0.));
#1758 = ORIENTED_EDGE('',*,*,#1348,.F.);
#1759 = ORIENTED_EDGE('',*,*,#1760,.F.);
#1760 = EDGE_CURVE('',#1761,#1349,#1763,.T.);
#1761 = VERTEX_POINT('',#1762);
#1762 = CARTESIAN_POINT('',(7.366,-3.302,1.903));
#1763 = LINE('',#1764,#1765);
#1764 = CARTESIAN_POINT('',(7.62,-3.302,1.903));
#1765 = VECTOR('',#1766,1.);
#1766 = DIRECTION('',(-1.,-3.216245299353E-16,0.));
#1767 = ORIENTED_EDGE('',*,*,#1768,.T.);
#1768 = EDGE_CURVE('',#1761,#1752,#1769,.T.);
#1769 = LINE('',#1770,#1771);
#1770 = CARTESIAN_POINT('',(7.366,-3.302,1.903));
#1771 = VECTOR('',#1772,1.);
#1772 = DIRECTION('',(-3.216245299353E-16,1.,0.));
#1773 = PLANE('',#1774);
#1774 = AXIS2_PLACEMENT_3D('',#1775,#1776,#1777);
#1775 = CARTESIAN_POINT('',(0.254,-1.778,1.903));
#1776 = DIRECTION('',(0.,0.,1.));
#1777 = DIRECTION('',(-4.440892098501E-16,1.,0.));
#1778 = ADVANCED_FACE('',(#1779),#1804,.T.);
#1779 = FACE_BOUND('',#1780,.T.);
#1780 = EDGE_LOOP('',(#1781,#1789,#1790,#1798));
#1781 = ORIENTED_EDGE('',*,*,#1782,.F.);
#1782 = EDGE_CURVE('',#1357,#1783,#1785,.T.);
#1783 = VERTEX_POINT('',#1784);
#1784 = CARTESIAN_POINT('',(6.985,-4.318,2.157));
#1785 = LINE('',#1786,#1787);
#1786 = CARTESIAN_POINT('',(6.985,-4.318,2.157));
#1787 = VECTOR('',#1788,1.);
#1788 = DIRECTION('',(0.,0.,1.));
#1789 = ORIENTED_EDGE('',*,*,#1356,.T.);
#1790 = ORIENTED_EDGE('',*,*,#1791,.T.);
#1791 = EDGE_CURVE('',#1349,#1792,#1794,.T.);
#1792 = VERTEX_POINT('',#1793);
#1793 = CARTESIAN_POINT('',(6.985,-3.302,2.157));
#1794 = LINE('',#1795,#1796);
#1795 = CARTESIAN_POINT('',(6.985,-3.302,2.157));
#1796 = VECTOR('',#1797,1.);
#1797 = DIRECTION('',(0.,0.,1.));
#1798 = ORIENTED_EDGE('',*,*,#1799,.F.);
#1799 = EDGE_CURVE('',#1783,#1792,#1800,.T.);
#1800 = LINE('',#1801,#1802);
#1801 = CARTESIAN_POINT('',(6.985,-8.445,2.157));
#1802 = VECTOR('',#1803,1.);
#1803 = DIRECTION('',(-4.440892098501E-16,1.,0.));
#1804 = PLANE('',#1805);
#1805 = AXIS2_PLACEMENT_3D('',#1806,#1807,#1808);
#1806 = CARTESIAN_POINT('',(6.985,-8.445,2.157));
#1807 = DIRECTION('',(1.,4.440892098501E-16,0.));
#1808 = DIRECTION('',(-4.440892098501E-16,1.,0.));
#1809 = ADVANCED_FACE('',(#1810),#1827,.T.);
#1810 = FACE_BOUND('',#1811,.T.);
#1811 = EDGE_LOOP('',(#1812,#1813,#1820,#1826));
#1812 = ORIENTED_EDGE('',*,*,#1417,.T.);
#1813 = ORIENTED_EDGE('',*,*,#1814,.T.);
#1814 = EDGE_CURVE('',#1411,#1815,#1817,.T.);
#1815 = VERTEX_POINT('',#1816);
#1816 = CARTESIAN_POINT('',(0.635,0.825,2.157));
#1817 = B_SPLINE_CURVE_WITH_KNOTS('',1,(#1818,#1819),.UNSPECIFIED.,.F.,
  .F.,(2,2),(0.,1.),.PIECEWISE_BEZIER_KNOTS.);
#1818 = CARTESIAN_POINT('',(0.635,0.825,1.903));
#1819 = CARTESIAN_POINT('',(0.635,0.825,2.157));
#1820 = ORIENTED_EDGE('',*,*,#1821,.F.);
#1821 = EDGE_CURVE('',#1576,#1815,#1822,.T.);
#1822 = LINE('',#1823,#1824);
#1823 = CARTESIAN_POINT('',(6.985,0.825,2.157));
#1824 = VECTOR('',#1825,1.);
#1825 = DIRECTION('',(-1.,-4.440892098501E-16,0.));
#1826 = ORIENTED_EDGE('',*,*,#1575,.F.);
#1827 = PLANE('',#1828);
#1828 = AXIS2_PLACEMENT_3D('',#1829,#1830,#1831);
#1829 = CARTESIAN_POINT('',(6.985,0.825,2.157));
#1830 = DIRECTION('',(-4.440892098501E-16,1.,0.));
#1831 = DIRECTION('',(-1.,-4.440892098501E-16,0.));
#1832 = ADVANCED_FACE('',(#1833),#1851,.T.);
#1833 = FACE_BOUND('',#1834,.T.);
#1834 = EDGE_LOOP('',(#1835,#1836,#1837,#1845));
#1835 = ORIENTED_EDGE('',*,*,#1814,.F.);
#1836 = ORIENTED_EDGE('',*,*,#1504,.T.);
#1837 = ORIENTED_EDGE('',*,*,#1838,.T.);
#1838 = EDGE_CURVE('',#1497,#1839,#1841,.T.);
#1839 = VERTEX_POINT('',#1840);
#1840 = CARTESIAN_POINT('',(0.635,0.2285,2.157));
#1841 = LINE('',#1842,#1843);
#1842 = CARTESIAN_POINT('',(0.635,0.2285,2.157));
#1843 = VECTOR('',#1844,1.);
#1844 = DIRECTION('',(-1.035250531786E-30,2.331176954594E-15,1.));
#1845 = ORIENTED_EDGE('',*,*,#1846,.F.);
#1846 = EDGE_CURVE('',#1815,#1839,#1847,.T.);
#1847 = LINE('',#1848,#1849);
#1848 = CARTESIAN_POINT('',(0.635,0.825,2.157));
#1849 = VECTOR('',#1850,1.);
#1850 = DIRECTION('',(4.440892098501E-16,-1.,0.));
#1851 = PLANE('',#1852);
#1852 = AXIS2_PLACEMENT_3D('',#1853,#1854,#1855);
#1853 = CARTESIAN_POINT('',(0.635,0.825,2.157));
#1854 = DIRECTION('',(-1.,-4.440892098501E-16,0.));
#1855 = DIRECTION('',(4.440892098501E-16,-1.,0.));
#1856 = ADVANCED_FACE('',(#1857),#1881,.T.);
#1857 = FACE_BOUND('',#1858,.T.);
#1858 = EDGE_LOOP('',(#1859,#1867,#1868,#1875));
#1859 = ORIENTED_EDGE('',*,*,#1860,.T.);
#1860 = EDGE_CURVE('',#1861,#1441,#1863,.T.);
#1861 = VERTEX_POINT('',#1862);
#1862 = CARTESIAN_POINT('',(0.635,-7.8485,2.157));
#1863 = LINE('',#1864,#1865);
#1864 = CARTESIAN_POINT('',(0.635,-7.8485,1.9665));
#1865 = VECTOR('',#1866,1.);
#1866 = DIRECTION('',(0.,0.,-1.));
#1867 = ORIENTED_EDGE('',*,*,#1440,.T.);
#1868 = ORIENTED_EDGE('',*,*,#1869,.T.);
#1869 = EDGE_CURVE('',#1434,#1870,#1872,.T.);
#1870 = VERTEX_POINT('',#1871);
#1871 = CARTESIAN_POINT('',(0.635,-8.445,2.157));
#1872 = B_SPLINE_CURVE_WITH_KNOTS('',1,(#1873,#1874),.UNSPECIFIED.,.F.,
  .F.,(2,2),(0.,1.),.PIECEWISE_BEZIER_KNOTS.);
#1873 = CARTESIAN_POINT('',(0.635,-8.445,1.903));
#1874 = CARTESIAN_POINT('',(0.635,-8.445,2.157));
#1875 = ORIENTED_EDGE('',*,*,#1876,.F.);
#1876 = EDGE_CURVE('',#1861,#1870,#1877,.T.);
#1877 = LINE('',#1878,#1879);
#1878 = CARTESIAN_POINT('',(0.635,0.825,2.157));
#1879 = VECTOR('',#1880,1.);
#1880 = DIRECTION('',(4.440892098501E-16,-1.,0.));
#1881 = PLANE('',#1882);
#1882 = AXIS2_PLACEMENT_3D('',#1883,#1884,#1885);
#1883 = CARTESIAN_POINT('',(0.635,0.825,2.157));
#1884 = DIRECTION('',(-1.,-4.440892098501E-16,0.));
#1885 = DIRECTION('',(4.440892098501E-16,-1.,0.));
#1886 = ADVANCED_FACE('',(#1887),#1912,.F.);
#1887 = FACE_BOUND('',#1888,.F.);
#1888 = EDGE_LOOP('',(#1889,#1897,#1905,#1911));
#1889 = ORIENTED_EDGE('',*,*,#1890,.F.);
#1890 = EDGE_CURVE('',#1891,#1497,#1893,.T.);
#1891 = VERTEX_POINT('',#1892);
#1892 = CARTESIAN_POINT('',(0.254,0.2285,1.903));
#1893 = LINE('',#1894,#1895);
#1894 = CARTESIAN_POINT('',(-0.127,0.2285,1.903));
#1895 = VECTOR('',#1896,1.);
#1896 = DIRECTION('',(1.,4.440892098501E-16,0.));
#1897 = ORIENTED_EDGE('',*,*,#1898,.T.);
#1898 = EDGE_CURVE('',#1891,#1899,#1901,.T.);
#1899 = VERTEX_POINT('',#1900);
#1900 = CARTESIAN_POINT('',(0.254,-0.762,1.903));
#1901 = LINE('',#1902,#1903);
#1902 = CARTESIAN_POINT('',(0.254,0.2285,1.903));
#1903 = VECTOR('',#1904,1.);
#1904 = DIRECTION('',(4.440892098501E-16,-1.,0.));
#1905 = ORIENTED_EDGE('',*,*,#1906,.F.);
#1906 = EDGE_CURVE('',#1489,#1899,#1907,.T.);
#1907 = LINE('',#1908,#1909);
#1908 = CARTESIAN_POINT('',(3.81,-0.762,1.903));
#1909 = VECTOR('',#1910,1.);
#1910 = DIRECTION('',(-1.,-4.440892098501E-16,0.));
#1911 = ORIENTED_EDGE('',*,*,#1496,.F.);
#1912 = PLANE('',#1913);
#1913 = AXIS2_PLACEMENT_3D('',#1914,#1915,#1916);
#1914 = CARTESIAN_POINT('',(0.254,0.2285,1.903));
#1915 = DIRECTION('',(0.,0.,1.));
#1916 = DIRECTION('',(-4.440892098501E-16,1.,0.));
#1917 = ADVANCED_FACE('',(#1918),#1943,.F.);
#1918 = FACE_BOUND('',#1919,.F.);
#1919 = EDGE_LOOP('',(#1920,#1928,#1936,#1942));
#1920 = ORIENTED_EDGE('',*,*,#1921,.F.);
#1921 = EDGE_CURVE('',#1922,#1449,#1924,.T.);
#1922 = VERTEX_POINT('',#1923);
#1923 = CARTESIAN_POINT('',(0.254,-6.858,1.903));
#1924 = LINE('',#1925,#1926);
#1925 = CARTESIAN_POINT('',(-0.127,-6.858,1.903));
#1926 = VECTOR('',#1927,1.);
#1927 = DIRECTION('',(1.,4.440892098501E-16,0.));
#1928 = ORIENTED_EDGE('',*,*,#1929,.F.);
#1929 = EDGE_CURVE('',#1930,#1922,#1932,.T.);
#1930 = VERTEX_POINT('',#1931);
#1931 = CARTESIAN_POINT('',(0.254,-7.8485,1.903));
#1932 = LINE('',#1933,#1934);
#1933 = CARTESIAN_POINT('',(0.254,-7.8485,1.903));
#1934 = VECTOR('',#1935,1.);
#1935 = DIRECTION('',(-4.440892098501E-16,1.,0.));
#1936 = ORIENTED_EDGE('',*,*,#1937,.F.);
#1937 = EDGE_CURVE('',#1441,#1930,#1938,.T.);
#1938 = LINE('',#1939,#1940);
#1939 = CARTESIAN_POINT('',(3.81,-7.8485,1.903));
#1940 = VECTOR('',#1941,1.);
#1941 = DIRECTION('',(-1.,-4.440892098501E-16,0.));
#1942 = ORIENTED_EDGE('',*,*,#1448,.F.);
#1943 = PLANE('',#1944);
#1944 = AXIS2_PLACEMENT_3D('',#1945,#1946,#1947);
#1945 = CARTESIAN_POINT('',(0.254,-6.858,1.903));
#1946 = DIRECTION('',(0.,0.,1.));
#1947 = DIRECTION('',(-4.440892098501E-16,1.,0.));
#1948 = ADVANCED_FACE('',(#1949),#1974,.T.);
#1949 = FACE_BOUND('',#1950,.T.);
#1950 = EDGE_LOOP('',(#1951,#1959,#1960,#1968));
#1951 = ORIENTED_EDGE('',*,*,#1952,.F.);
#1952 = EDGE_CURVE('',#1489,#1953,#1955,.T.);
#1953 = VERTEX_POINT('',#1954);
#1954 = CARTESIAN_POINT('',(0.635,-0.762,2.157));
#1955 = LINE('',#1956,#1957);
#1956 = CARTESIAN_POINT('',(0.635,-0.762,1.0785));
#1957 = VECTOR('',#1958,1.);
#1958 = DIRECTION('',(0.,0.,1.));
#1959 = ORIENTED_EDGE('',*,*,#1488,.T.);
#1960 = ORIENTED_EDGE('',*,*,#1961,.F.);
#1961 = EDGE_CURVE('',#1962,#1481,#1964,.T.);
#1962 = VERTEX_POINT('',#1963);
#1963 = CARTESIAN_POINT('',(0.635,-1.778,2.157));
#1964 = LINE('',#1965,#1966);
#1965 = CARTESIAN_POINT('',(0.635,-1.778,2.157));
#1966 = VECTOR('',#1967,1.);
#1967 = DIRECTION('',(0.,0.,-1.));
#1968 = ORIENTED_EDGE('',*,*,#1969,.F.);
#1969 = EDGE_CURVE('',#1953,#1962,#1970,.T.);
#1970 = LINE('',#1971,#1972);
#1971 = CARTESIAN_POINT('',(0.635,0.825,2.157));
#1972 = VECTOR('',#1973,1.);
#1973 = DIRECTION('',(4.440892098501E-16,-1.,0.));
#1974 = PLANE('',#1975);
#1975 = AXIS2_PLACEMENT_3D('',#1976,#1977,#1978);
#1976 = CARTESIAN_POINT('',(0.635,0.825,2.157));
#1977 = DIRECTION('',(-1.,-4.440892098501E-16,0.));
#1978 = DIRECTION('',(4.440892098501E-16,-1.,0.));
#1979 = ADVANCED_FACE('',(#1980),#2005,.T.);
#1980 = FACE_BOUND('',#1981,.T.);
#1981 = EDGE_LOOP('',(#1982,#1990,#1991,#1999));
#1982 = ORIENTED_EDGE('',*,*,#1983,.T.);
#1983 = EDGE_CURVE('',#1984,#1457,#1986,.T.);
#1984 = VERTEX_POINT('',#1985);
#1985 = CARTESIAN_POINT('',(0.635,-5.842,2.157));
#1986 = LINE('',#1987,#1988);
#1987 = CARTESIAN_POINT('',(0.635,-5.842,2.157));
#1988 = VECTOR('',#1989,1.);
#1989 = DIRECTION('',(0.,0.,-1.));
#1990 = ORIENTED_EDGE('',*,*,#1456,.T.);
#1991 = ORIENTED_EDGE('',*,*,#1992,.T.);
#1992 = EDGE_CURVE('',#1449,#1993,#1995,.T.);
#1993 = VERTEX_POINT('',#1994);
#1994 = CARTESIAN_POINT('',(0.635,-6.858,2.157));
#1995 = LINE('',#1996,#1997);
#1996 = CARTESIAN_POINT('',(0.635,-6.858,2.157));
#1997 = VECTOR('',#1998,1.);
#1998 = DIRECTION('',(0.,0.,1.));
#1999 = ORIENTED_EDGE('',*,*,#2000,.F.);
#2000 = EDGE_CURVE('',#1984,#1993,#2001,.T.);
#2001 = LINE('',#2002,#2003);
#2002 = CARTESIAN_POINT('',(0.635,0.825,2.157));
#2003 = VECTOR('',#2004,1.);
#2004 = DIRECTION('',(4.440892098501E-16,-1.,0.));
#2005 = PLANE('',#2006);
#2006 = AXIS2_PLACEMENT_3D('',#2007,#2008,#2009);
#2007 = CARTESIAN_POINT('',(0.635,0.825,2.157));
#2008 = DIRECTION('',(-1.,-4.440892098501E-16,0.));
#2009 = DIRECTION('',(4.440892098501E-16,-1.,0.));
#2010 = ADVANCED_FACE('',(#2011),#2036,.F.);
#2011 = FACE_BOUND('',#2012,.F.);
#2012 = EDGE_LOOP('',(#2013,#2021,#2029,#2035));
#2013 = ORIENTED_EDGE('',*,*,#2014,.F.);
#2014 = EDGE_CURVE('',#2015,#1481,#2017,.T.);
#2015 = VERTEX_POINT('',#2016);
#2016 = CARTESIAN_POINT('',(0.254,-1.778,1.903));
#2017 = LINE('',#2018,#2019);
#2018 = CARTESIAN_POINT('',(-2.442490654175E-15,-1.778,1.903));
#2019 = VECTOR('',#2020,1.);
#2020 = DIRECTION('',(1.,4.440892098501E-16,0.));
#2021 = ORIENTED_EDGE('',*,*,#2022,.T.);
#2022 = EDGE_CURVE('',#2015,#2023,#2025,.T.);
#2023 = VERTEX_POINT('',#2024);
#2024 = CARTESIAN_POINT('',(0.254,-3.302,1.903));
#2025 = LINE('',#2026,#2027);
#2026 = CARTESIAN_POINT('',(0.254,-1.778,1.903));
#2027 = VECTOR('',#2028,1.);
#2028 = DIRECTION('',(4.440892098501E-16,-1.,0.));
#2029 = ORIENTED_EDGE('',*,*,#2030,.F.);
#2030 = EDGE_CURVE('',#1473,#2023,#2031,.T.);
#2031 = LINE('',#2032,#2033);
#2032 = CARTESIAN_POINT('',(3.937,-3.302,1.903));
#2033 = VECTOR('',#2034,1.);
#2034 = DIRECTION('',(-1.,-4.440892098501E-16,0.));
#2035 = ORIENTED_EDGE('',*,*,#1480,.F.);
#2036 = PLANE('',#2037);
#2037 = AXIS2_PLACEMENT_3D('',#2038,#2039,#2040);
#2038 = CARTESIAN_POINT('',(0.254,-1.778,1.903));
#2039 = DIRECTION('',(0.,0.,1.));
#2040 = DIRECTION('',(-4.440892098501E-16,1.,0.));
#2041 = ADVANCED_FACE('',(#2042),#2067,.F.);
#2042 = FACE_BOUND('',#2043,.F.);
#2043 = EDGE_LOOP('',(#2044,#2052,#2060,#2066));
#2044 = ORIENTED_EDGE('',*,*,#2045,.F.);
#2045 = EDGE_CURVE('',#2046,#1465,#2048,.T.);
#2046 = VERTEX_POINT('',#2047);
#2047 = CARTESIAN_POINT('',(0.254,-4.318,1.903));
#2048 = LINE('',#2049,#2050);
#2049 = CARTESIAN_POINT('',(-1.110223024625E-15,-4.318,1.903));
#2050 = VECTOR('',#2051,1.);
#2051 = DIRECTION('',(1.,4.440892098501E-16,0.));
#2052 = ORIENTED_EDGE('',*,*,#2053,.T.);
#2053 = EDGE_CURVE('',#2046,#2054,#2056,.T.);
#2054 = VERTEX_POINT('',#2055);
#2055 = CARTESIAN_POINT('',(0.254,-5.842,1.903));
#2056 = LINE('',#2057,#2058);
#2057 = CARTESIAN_POINT('',(0.254,-4.318,1.903));
#2058 = VECTOR('',#2059,1.);
#2059 = DIRECTION('',(4.440892098501E-16,-1.,0.));
#2060 = ORIENTED_EDGE('',*,*,#2061,.F.);
#2061 = EDGE_CURVE('',#1457,#2054,#2062,.T.);
#2062 = LINE('',#2063,#2064);
#2063 = CARTESIAN_POINT('',(3.937,-5.842,1.903));
#2064 = VECTOR('',#2065,1.);
#2065 = DIRECTION('',(-1.,-4.440892098501E-16,0.));
#2066 = ORIENTED_EDGE('',*,*,#1464,.F.);
#2067 = PLANE('',#2068);
#2068 = AXIS2_PLACEMENT_3D('',#2069,#2070,#2071);
#2069 = CARTESIAN_POINT('',(0.254,-4.318,1.903));
#2070 = DIRECTION('',(0.,0.,1.));
#2071 = DIRECTION('',(-4.440892098501E-16,1.,0.));
#2072 = ADVANCED_FACE('',(#2073),#2098,.T.);
#2073 = FACE_BOUND('',#2074,.T.);
#2074 = EDGE_LOOP('',(#2075,#2083,#2084,#2092));
#2075 = ORIENTED_EDGE('',*,*,#2076,.T.);
#2076 = EDGE_CURVE('',#2077,#1473,#2079,.T.);
#2077 = VERTEX_POINT('',#2078);
#2078 = CARTESIAN_POINT('',(0.635,-3.302,2.157));
#2079 = LINE('',#2080,#2081);
#2080 = CARTESIAN_POINT('',(0.635,-3.302,2.157));
#2081 = VECTOR('',#2082,1.);
#2082 = DIRECTION('',(0.,0.,-1.));
#2083 = ORIENTED_EDGE('',*,*,#1472,.T.);
#2084 = ORIENTED_EDGE('',*,*,#2085,.F.);
#2085 = EDGE_CURVE('',#2086,#1465,#2088,.T.);
#2086 = VERTEX_POINT('',#2087);
#2087 = CARTESIAN_POINT('',(0.635,-4.318,2.157));
#2088 = LINE('',#2089,#2090);
#2089 = CARTESIAN_POINT('',(0.635,-4.318,2.157));
#2090 = VECTOR('',#2091,1.);
#2091 = DIRECTION('',(0.,0.,-1.));
#2092 = ORIENTED_EDGE('',*,*,#2093,.F.);
#2093 = EDGE_CURVE('',#2077,#2086,#2094,.T.);
#2094 = LINE('',#2095,#2096);
#2095 = CARTESIAN_POINT('',(0.635,0.825,2.157));
#2096 = VECTOR('',#2097,1.);
#2097 = DIRECTION('',(4.440892098501E-16,-1.,0.));
#2098 = PLANE('',#2099);
#2099 = AXIS2_PLACEMENT_3D('',#2100,#2101,#2102);
#2100 = CARTESIAN_POINT('',(0.635,0.825,2.157));
#2101 = DIRECTION('',(-1.,-4.440892098501E-16,0.));
#2102 = DIRECTION('',(4.440892098501E-16,-1.,0.));
#2103 = ADVANCED_FACE('',(#2104),#2115,.T.);
#2104 = FACE_BOUND('',#2105,.T.);
#2105 = EDGE_LOOP('',(#2106,#2107,#2108,#2114));
#2106 = ORIENTED_EDGE('',*,*,#1521,.T.);
#2107 = ORIENTED_EDGE('',*,*,#1536,.T.);
#2108 = ORIENTED_EDGE('',*,*,#2109,.F.);
#2109 = EDGE_CURVE('',#1870,#1537,#2110,.T.);
#2110 = LINE('',#2111,#2112);
#2111 = CARTESIAN_POINT('',(0.635,-8.445,2.157));
#2112 = VECTOR('',#2113,1.);
#2113 = DIRECTION('',(1.,4.440892098501E-16,0.));
#2114 = ORIENTED_EDGE('',*,*,#1869,.F.);
#2115 = PLANE('',#2116);
#2116 = AXIS2_PLACEMENT_3D('',#2117,#2118,#2119);
#2117 = CARTESIAN_POINT('',(0.635,-8.445,2.157));
#2118 = DIRECTION('',(4.440892098501E-16,-1.,0.));
#2119 = DIRECTION('',(1.,4.440892098501E-16,0.));
#2120 = ADVANCED_FACE('',(#2121),#2145,.T.);
#2121 = FACE_BOUND('',#2122,.T.);
#2122 = EDGE_LOOP('',(#2123,#2130,#2131,#2139));
#2123 = ORIENTED_EDGE('',*,*,#2124,.F.);
#2124 = EDGE_CURVE('',#1537,#2125,#2127,.T.);
#2125 = VERTEX_POINT('',#2126);
#2126 = CARTESIAN_POINT('',(6.91,-8.37,2.157));
#2127 = B_SPLINE_CURVE_WITH_KNOTS('',1,(#2128,#2129),.UNSPECIFIED.,.F.,
  .F.,(2,2),(0.,1.),.PIECEWISE_BEZIER_KNOTS.);
#2128 = CARTESIAN_POINT('',(6.985,-8.445,2.157));
#2129 = CARTESIAN_POINT('',(6.91,-8.37,2.157));
#2130 = ORIENTED_EDGE('',*,*,#1552,.T.);
#2131 = ORIENTED_EDGE('',*,*,#2132,.T.);
#2132 = EDGE_CURVE('',#1545,#2133,#2135,.T.);
#2133 = VERTEX_POINT('',#2134);
#2134 = CARTESIAN_POINT('',(6.91,-7.8485,2.157));
#2135 = LINE('',#2136,#2137);
#2136 = CARTESIAN_POINT('',(7.747,-7.8485,2.157));
#2137 = VECTOR('',#2138,1.);
#2138 = DIRECTION('',(-1.,-3.216245299353E-16,0.));
#2139 = ORIENTED_EDGE('',*,*,#2140,.F.);
#2140 = EDGE_CURVE('',#2125,#2133,#2141,.T.);
#2141 = LINE('',#2142,#2143);
#2142 = CARTESIAN_POINT('',(6.91,-8.37,2.157));
#2143 = VECTOR('',#2144,1.);
#2144 = DIRECTION('',(-4.440892098501E-16,1.,0.));
#2145 = B_SPLINE_SURFACE_WITH_KNOTS('',1,1,(
    (#2146,#2147)
    ,(#2148,#2149
    )),.UNSPECIFIED.,.F.,.F.,.F.,(2,2),(2,2),(0.,9.27),(0.,1.),
  .PIECEWISE_BEZIER_KNOTS.);
#2146 = CARTESIAN_POINT('',(6.985,-8.445,2.157));
#2147 = CARTESIAN_POINT('',(6.91,-8.37,2.157));
#2148 = CARTESIAN_POINT('',(6.985,0.825,2.157));
#2149 = CARTESIAN_POINT('',(6.91,0.75,2.157));
#2150 = ADVANCED_FACE('',(#2151),#2203,.F.);
#2151 = FACE_BOUND('',#2152,.F.);
#2152 = EDGE_LOOP('',(#2153,#2154,#2155,#2163,#2172,#2180,#2188,#2196));
#2153 = ORIENTED_EDGE('',*,*,#1605,.T.);
#2154 = ORIENTED_EDGE('',*,*,#1544,.T.);
#2155 = ORIENTED_EDGE('',*,*,#2156,.F.);
#2156 = EDGE_CURVE('',#2157,#1545,#2159,.T.);
#2157 = VERTEX_POINT('',#2158);
#2158 = CARTESIAN_POINT('',(7.366,-7.8485,2.157));
#2159 = LINE('',#2160,#2161);
#2160 = CARTESIAN_POINT('',(7.747,-7.8485,2.157));
#2161 = VECTOR('',#2162,1.);
#2162 = DIRECTION('',(-1.,-3.216245299353E-16,0.));
#2163 = ORIENTED_EDGE('',*,*,#2164,.T.);
#2164 = EDGE_CURVE('',#2157,#2165,#2167,.T.);
#2165 = VERTEX_POINT('',#2166);
#2166 = CARTESIAN_POINT('',(7.747,-7.8485,1.776));
#2167 = CIRCLE('',#2168,0.381);
#2168 = AXIS2_PLACEMENT_3D('',#2169,#2170,#2171);
#2169 = CARTESIAN_POINT('',(7.366,-7.8485,1.776));
#2170 = DIRECTION('',(-3.216245299353E-16,1.,0.));
#2171 = DIRECTION('',(0.,0.,1.));
#2172 = ORIENTED_EDGE('',*,*,#2173,.T.);
#2173 = EDGE_CURVE('',#2165,#2174,#2176,.T.);
#2174 = VERTEX_POINT('',#2175);
#2175 = CARTESIAN_POINT('',(7.747,-7.8485,-2.843));
#2176 = LINE('',#2177,#2178);
#2177 = CARTESIAN_POINT('',(7.747,-7.8485,2.157));
#2178 = VECTOR('',#2179,1.);
#2179 = DIRECTION('',(0.,0.,-1.));
#2180 = ORIENTED_EDGE('',*,*,#2181,.T.);
#2181 = EDGE_CURVE('',#2174,#2182,#2184,.T.);
#2182 = VERTEX_POINT('',#2183);
#2183 = CARTESIAN_POINT('',(7.493,-7.8485,-2.843));
#2184 = LINE('',#2185,#2186);
#2185 = CARTESIAN_POINT('',(7.747,-7.8485,-2.843));
#2186 = VECTOR('',#2187,1.);
#2187 = DIRECTION('',(-1.,-3.216245299353E-16,0.));
#2188 = ORIENTED_EDGE('',*,*,#2189,.F.);
#2189 = EDGE_CURVE('',#2190,#2182,#2192,.T.);
#2190 = VERTEX_POINT('',#2191);
#2191 = CARTESIAN_POINT('',(7.493,-7.8485,1.776));
#2192 = LINE('',#2193,#2194);
#2193 = CARTESIAN_POINT('',(7.493,-7.8485,2.157));
#2194 = VECTOR('',#2195,1.);
#2195 = DIRECTION('',(0.,0.,-1.));
#2196 = ORIENTED_EDGE('',*,*,#2197,.T.);
#2197 = EDGE_CURVE('',#2190,#1606,#2198,.T.);
#2198 = CIRCLE('',#2199,0.127);
#2199 = AXIS2_PLACEMENT_3D('',#2200,#2201,#2202);
#2200 = CARTESIAN_POINT('',(7.366,-7.8485,1.776));
#2201 = DIRECTION('',(3.216245299353E-16,-1.,0.));
#2202 = DIRECTION('',(0.,0.,-1.));
#2203 = PLANE('',#2204);
#2204 = AXIS2_PLACEMENT_3D('',#2205,#2206,#2207);
#2205 = CARTESIAN_POINT('',(-0.127,-7.8485,1.776));
#2206 = DIRECTION('',(-4.440892098501E-16,1.,0.));
#2207 = DIRECTION('',(0.,0.,1.));
#2208 = ADVANCED_FACE('',(#2209),#2261,.F.);
#2209 = FACE_BOUND('',#2210,.F.);
#2210 = EDGE_LOOP('',(#2211,#2212,#2213,#2222,#2230,#2238,#2246,#2255));
#2211 = ORIENTED_EDGE('',*,*,#1566,.T.);
#2212 = ORIENTED_EDGE('',*,*,#1627,.T.);
#2213 = ORIENTED_EDGE('',*,*,#2214,.F.);
#2214 = EDGE_CURVE('',#2215,#1628,#2217,.T.);
#2215 = VERTEX_POINT('',#2216);
#2216 = CARTESIAN_POINT('',(7.493,0.2285,1.776));
#2217 = CIRCLE('',#2218,0.127);
#2218 = AXIS2_PLACEMENT_3D('',#2219,#2220,#2221);
#2219 = CARTESIAN_POINT('',(7.366,0.2285,1.776));
#2220 = DIRECTION('',(3.216245299353E-16,-1.,0.));
#2221 = DIRECTION('',(0.,0.,1.));
#2222 = ORIENTED_EDGE('',*,*,#2223,.T.);
#2223 = EDGE_CURVE('',#2215,#2224,#2226,.T.);
#2224 = VERTEX_POINT('',#2225);
#2225 = CARTESIAN_POINT('',(7.493,0.2285,-2.843));
#2226 = LINE('',#2227,#2228);
#2227 = CARTESIAN_POINT('',(7.493,0.2285,2.157));
#2228 = VECTOR('',#2229,1.);
#2229 = DIRECTION('',(0.,0.,-1.));
#2230 = ORIENTED_EDGE('',*,*,#2231,.F.);
#2231 = EDGE_CURVE('',#2232,#2224,#2234,.T.);
#2232 = VERTEX_POINT('',#2233);
#2233 = CARTESIAN_POINT('',(7.747,0.2285,-2.843));
#2234 = LINE('',#2235,#2236);
#2235 = CARTESIAN_POINT('',(7.747,0.2285,-2.843));
#2236 = VECTOR('',#2237,1.);
#2237 = DIRECTION('',(-1.,-3.216245299353E-16,0.));
#2238 = ORIENTED_EDGE('',*,*,#2239,.F.);
#2239 = EDGE_CURVE('',#2240,#2232,#2242,.T.);
#2240 = VERTEX_POINT('',#2241);
#2241 = CARTESIAN_POINT('',(7.747,0.2285,1.776));
#2242 = LINE('',#2243,#2244);
#2243 = CARTESIAN_POINT('',(7.747,0.2285,2.157));
#2244 = VECTOR('',#2245,1.);
#2245 = DIRECTION('',(0.,0.,-1.));
#2246 = ORIENTED_EDGE('',*,*,#2247,.T.);
#2247 = EDGE_CURVE('',#2240,#2248,#2250,.T.);
#2248 = VERTEX_POINT('',#2249);
#2249 = CARTESIAN_POINT('',(7.366,0.2285,2.157));
#2250 = CIRCLE('',#2251,0.381);
#2251 = AXIS2_PLACEMENT_3D('',#2252,#2253,#2254);
#2252 = CARTESIAN_POINT('',(7.366,0.2285,1.776));
#2253 = DIRECTION('',(3.216245299353E-16,-1.,0.));
#2254 = DIRECTION('',(0.,0.,1.));
#2255 = ORIENTED_EDGE('',*,*,#2256,.F.);
#2256 = EDGE_CURVE('',#1567,#2248,#2257,.T.);
#2257 = LINE('',#2258,#2259);
#2258 = CARTESIAN_POINT('',(3.81,0.2285,2.157));
#2259 = VECTOR('',#2260,1.);
#2260 = DIRECTION('',(1.,3.216245299353E-16,0.));
#2261 = PLANE('',#2262);
#2262 = AXIS2_PLACEMENT_3D('',#2263,#2264,#2265);
#2263 = CARTESIAN_POINT('',(0.254,0.2285,2.157));
#2264 = DIRECTION('',(4.440892098501E-16,-1.,2.331176954594E-15));
#2265 = DIRECTION('',(1.035250531786E-30,-2.331176954594E-15,-1.));
#2266 = ADVANCED_FACE('',(#2267),#2291,.T.);
#2267 = FACE_BOUND('',#2268,.T.);
#2268 = EDGE_LOOP('',(#2269,#2277,#2278,#2285));
#2269 = ORIENTED_EDGE('',*,*,#2270,.T.);
#2270 = EDGE_CURVE('',#2271,#1567,#2273,.T.);
#2271 = VERTEX_POINT('',#2272);
#2272 = CARTESIAN_POINT('',(6.91,0.2285,2.157));
#2273 = LINE('',#2274,#2275);
#2274 = CARTESIAN_POINT('',(3.81,0.2285,2.157));
#2275 = VECTOR('',#2276,1.);
#2276 = DIRECTION('',(1.,3.216245299353E-16,0.));
#2277 = ORIENTED_EDGE('',*,*,#1582,.T.);
#2278 = ORIENTED_EDGE('',*,*,#2279,.T.);
#2279 = EDGE_CURVE('',#1576,#2280,#2282,.T.);
#2280 = VERTEX_POINT('',#2281);
#2281 = CARTESIAN_POINT('',(6.91,0.75,2.157));
#2282 = B_SPLINE_CURVE_WITH_KNOTS('',1,(#2283,#2284),.UNSPECIFIED.,.F.,
  .F.,(2,2),(0.,1.),.PIECEWISE_BEZIER_KNOTS.);
#2283 = CARTESIAN_POINT('',(6.985,0.825,2.157));
#2284 = CARTESIAN_POINT('',(6.91,0.75,2.157));
#2285 = ORIENTED_EDGE('',*,*,#2286,.F.);
#2286 = EDGE_CURVE('',#2271,#2280,#2287,.T.);
#2287 = LINE('',#2288,#2289);
#2288 = CARTESIAN_POINT('',(6.91,-8.37,2.157));
#2289 = VECTOR('',#2290,1.);
#2290 = DIRECTION('',(-4.440892098501E-16,1.,0.));
#2291 = B_SPLINE_SURFACE_WITH_KNOTS('',1,1,(
    (#2292,#2293)
    ,(#2294,#2295
    )),.UNSPECIFIED.,.F.,.F.,.F.,(2,2),(2,2),(0.,9.27),(0.,1.),
  .PIECEWISE_BEZIER_KNOTS.);
#2292 = CARTESIAN_POINT('',(6.985,-8.445,2.157));
#2293 = CARTESIAN_POINT('',(6.91,-8.37,2.157));
#2294 = CARTESIAN_POINT('',(6.985,0.825,2.157));
#2295 = CARTESIAN_POINT('',(6.91,0.75,2.157));
#2296 = ADVANCED_FACE('',(#2297),#2349,.F.);
#2297 = FACE_BOUND('',#2298,.F.);
#2298 = EDGE_LOOP('',(#2299,#2300,#2301,#2310,#2318,#2326,#2334,#2343));
#2299 = ORIENTED_EDGE('',*,*,#1658,.T.);
#2300 = ORIENTED_EDGE('',*,*,#1596,.T.);
#2301 = ORIENTED_EDGE('',*,*,#2302,.F.);
#2302 = EDGE_CURVE('',#2303,#1597,#2305,.T.);
#2303 = VERTEX_POINT('',#2304);
#2304 = CARTESIAN_POINT('',(7.493,-6.858,1.776));
#2305 = CIRCLE('',#2306,0.127);
#2306 = AXIS2_PLACEMENT_3D('',#2307,#2308,#2309);
#2307 = CARTESIAN_POINT('',(7.366,-6.858,1.776));
#2308 = DIRECTION('',(3.216245299353E-16,-1.,0.));
#2309 = DIRECTION('',(0.,0.,-1.));
#2310 = ORIENTED_EDGE('',*,*,#2311,.F.);
#2311 = EDGE_CURVE('',#2312,#2303,#2314,.T.);
#2312 = VERTEX_POINT('',#2313);
#2313 = CARTESIAN_POINT('',(7.493,-6.858,0.));
#2314 = LINE('',#2315,#2316);
#2315 = CARTESIAN_POINT('',(7.493,-6.858,0.));
#2316 = VECTOR('',#2317,1.);
#2317 = DIRECTION('',(0.,0.,1.));
#2318 = ORIENTED_EDGE('',*,*,#2319,.F.);
#2319 = EDGE_CURVE('',#2320,#2312,#2322,.T.);
#2320 = VERTEX_POINT('',#2321);
#2321 = CARTESIAN_POINT('',(7.747,-6.858,0.));
#2322 = LINE('',#2323,#2324);
#2323 = CARTESIAN_POINT('',(7.747,-6.858,0.));
#2324 = VECTOR('',#2325,1.);
#2325 = DIRECTION('',(-1.,-3.216245299353E-16,0.));
#2326 = ORIENTED_EDGE('',*,*,#2327,.T.);
#2327 = EDGE_CURVE('',#2320,#2328,#2330,.T.);
#2328 = VERTEX_POINT('',#2329);
#2329 = CARTESIAN_POINT('',(7.747,-6.858,1.776));
#2330 = LINE('',#2331,#2332);
#2331 = CARTESIAN_POINT('',(7.747,-6.858,0.));
#2332 = VECTOR('',#2333,1.);
#2333 = DIRECTION('',(0.,0.,1.));
#2334 = ORIENTED_EDGE('',*,*,#2335,.F.);
#2335 = EDGE_CURVE('',#2336,#2328,#2338,.T.);
#2336 = VERTEX_POINT('',#2337);
#2337 = CARTESIAN_POINT('',(7.366,-6.858,2.157));
#2338 = CIRCLE('',#2339,0.381);
#2339 = AXIS2_PLACEMENT_3D('',#2340,#2341,#2342);
#2340 = CARTESIAN_POINT('',(7.366,-6.858,1.776));
#2341 = DIRECTION('',(-3.216245299353E-16,1.,0.));
#2342 = DIRECTION('',(0.,0.,1.));
#2343 = ORIENTED_EDGE('',*,*,#2344,.F.);
#2344 = EDGE_CURVE('',#1659,#2336,#2345,.T.);
#2345 = LINE('',#2346,#2347);
#2346 = CARTESIAN_POINT('',(3.81,-6.858,2.157));
#2347 = VECTOR('',#2348,1.);
#2348 = DIRECTION('',(1.,3.216245299353E-16,0.));
#2349 = PLANE('',#2350);
#2350 = AXIS2_PLACEMENT_3D('',#2351,#2352,#2353);
#2351 = CARTESIAN_POINT('',(0.254,-6.858,2.157));
#2352 = DIRECTION('',(4.440892098501E-16,-1.,0.));
#2353 = DIRECTION('',(0.,-0.,-1.));
#2354 = ADVANCED_FACE('',(#2355),#2366,.F.);
#2355 = FACE_BOUND('',#2356,.F.);
#2356 = EDGE_LOOP('',(#2357,#2363,#2364,#2365));
#2357 = ORIENTED_EDGE('',*,*,#2358,.T.);
#2358 = EDGE_CURVE('',#2190,#2303,#2359,.T.);
#2359 = LINE('',#2360,#2361);
#2360 = CARTESIAN_POINT('',(7.493,-7.8485,1.776));
#2361 = VECTOR('',#2362,1.);
#2362 = DIRECTION('',(-3.216245299353E-16,1.,0.));
#2363 = ORIENTED_EDGE('',*,*,#2302,.T.);
#2364 = ORIENTED_EDGE('',*,*,#1613,.F.);
#2365 = ORIENTED_EDGE('',*,*,#2197,.F.);
#2366 = CYLINDRICAL_SURFACE('',#2367,0.127);
#2367 = AXIS2_PLACEMENT_3D('',#2368,#2369,#2370);
#2368 = CARTESIAN_POINT('',(7.366,-7.8485,1.776));
#2369 = DIRECTION('',(-3.216245299353E-16,1.,0.));
#2370 = DIRECTION('',(1.,3.216245299353E-16,0.));
#2371 = ADVANCED_FACE('',(#2372),#2391,.F.);
#2372 = FACE_BOUND('',#2373,.F.);
#2373 = EDGE_LOOP('',(#2374,#2375,#2376,#2385));
#2374 = ORIENTED_EDGE('',*,*,#2214,.T.);
#2375 = ORIENTED_EDGE('',*,*,#1644,.T.);
#2376 = ORIENTED_EDGE('',*,*,#2377,.F.);
#2377 = EDGE_CURVE('',#2378,#1637,#2380,.T.);
#2378 = VERTEX_POINT('',#2379);
#2379 = CARTESIAN_POINT('',(7.493,-0.762,1.776));
#2380 = CIRCLE('',#2381,0.127);
#2381 = AXIS2_PLACEMENT_3D('',#2382,#2383,#2384);
#2382 = CARTESIAN_POINT('',(7.366,-0.762,1.776));
#2383 = DIRECTION('',(3.216245299353E-16,-1.,0.));
#2384 = DIRECTION('',(0.,0.,1.));
#2385 = ORIENTED_EDGE('',*,*,#2386,.F.);
#2386 = EDGE_CURVE('',#2215,#2378,#2387,.T.);
#2387 = LINE('',#2388,#2389);
#2388 = CARTESIAN_POINT('',(7.493,0.2285,1.776));
#2389 = VECTOR('',#2390,1.);
#2390 = DIRECTION('',(3.216245299353E-16,-1.,0.));
#2391 = CYLINDRICAL_SURFACE('',#2392,0.127);
#2392 = AXIS2_PLACEMENT_3D('',#2393,#2394,#2395);
#2393 = CARTESIAN_POINT('',(7.366,0.2285,1.776));
#2394 = DIRECTION('',(3.216245299353E-16,-1.,0.));
#2395 = DIRECTION('',(1.,3.216245299353E-16,0.));
#2396 = ADVANCED_FACE('',(#2397),#2441,.T.);
#2397 = FACE_BOUND('',#2398,.T.);
#2398 = EDGE_LOOP('',(#2399,#2400,#2401,#2402,#2410,#2418,#2426,#2435));
#2399 = ORIENTED_EDGE('',*,*,#1698,.T.);
#2400 = ORIENTED_EDGE('',*,*,#1636,.F.);
#2401 = ORIENTED_EDGE('',*,*,#2377,.F.);
#2402 = ORIENTED_EDGE('',*,*,#2403,.F.);
#2403 = EDGE_CURVE('',#2404,#2378,#2406,.T.);
#2404 = VERTEX_POINT('',#2405);
#2405 = CARTESIAN_POINT('',(7.493,-0.762,0.));
#2406 = LINE('',#2407,#2408);
#2407 = CARTESIAN_POINT('',(7.493,-0.762,0.));
#2408 = VECTOR('',#2409,1.);
#2409 = DIRECTION('',(0.,0.,1.));
#2410 = ORIENTED_EDGE('',*,*,#2411,.F.);
#2411 = EDGE_CURVE('',#2412,#2404,#2414,.T.);
#2412 = VERTEX_POINT('',#2413);
#2413 = CARTESIAN_POINT('',(7.747,-0.762,0.));
#2414 = LINE('',#2415,#2416);
#2415 = CARTESIAN_POINT('',(7.747,-0.762,0.));
#2416 = VECTOR('',#2417,1.);
#2417 = DIRECTION('',(-1.,-3.216245299353E-16,0.));
#2418 = ORIENTED_EDGE('',*,*,#2419,.T.);
#2419 = EDGE_CURVE('',#2412,#2420,#2422,.T.);
#2420 = VERTEX_POINT('',#2421);
#2421 = CARTESIAN_POINT('',(7.747,-0.762,1.776));
#2422 = LINE('',#2423,#2424);
#2423 = CARTESIAN_POINT('',(7.747,-0.762,0.));
#2424 = VECTOR('',#2425,1.);
#2425 = DIRECTION('',(0.,0.,1.));
#2426 = ORIENTED_EDGE('',*,*,#2427,.T.);
#2427 = EDGE_CURVE('',#2420,#2428,#2430,.T.);
#2428 = VERTEX_POINT('',#2429);
#2429 = CARTESIAN_POINT('',(7.366,-0.762,2.157));
#2430 = CIRCLE('',#2431,0.381);
#2431 = AXIS2_PLACEMENT_3D('',#2432,#2433,#2434);
#2432 = CARTESIAN_POINT('',(7.366,-0.762,1.776));
#2433 = DIRECTION('',(3.216245299353E-16,-1.,0.));
#2434 = DIRECTION('',(0.,0.,1.));
#2435 = ORIENTED_EDGE('',*,*,#2436,.T.);
#2436 = EDGE_CURVE('',#2428,#1699,#2437,.T.);
#2437 = LINE('',#2438,#2439);
#2438 = CARTESIAN_POINT('',(7.747,-0.762,2.157));
#2439 = VECTOR('',#2440,1.);
#2440 = DIRECTION('',(-1.,-3.216245299353E-16,0.));
#2441 = PLANE('',#2442);
#2442 = AXIS2_PLACEMENT_3D('',#2443,#2444,#2445);
#2443 = CARTESIAN_POINT('',(-0.127,-0.762,0.));
#2444 = DIRECTION('',(4.440892098501E-16,-1.,0.));
#2445 = DIRECTION('',(0.,-0.,-1.));
#2446 = ADVANCED_FACE('',(#2447),#2472,.T.);
#2447 = FACE_BOUND('',#2448,.T.);
#2448 = EDGE_LOOP('',(#2449,#2457,#2458,#2466));
#2449 = ORIENTED_EDGE('',*,*,#2450,.T.);
#2450 = EDGE_CURVE('',#2451,#1659,#2453,.T.);
#2451 = VERTEX_POINT('',#2452);
#2452 = CARTESIAN_POINT('',(6.91,-6.858,2.157));
#2453 = LINE('',#2454,#2455);
#2454 = CARTESIAN_POINT('',(3.81,-6.858,2.157));
#2455 = VECTOR('',#2456,1.);
#2456 = DIRECTION('',(1.,3.216245299353E-16,0.));
#2457 = ORIENTED_EDGE('',*,*,#1675,.T.);
#2458 = ORIENTED_EDGE('',*,*,#2459,.T.);
#2459 = EDGE_CURVE('',#1668,#2460,#2462,.T.);
#2460 = VERTEX_POINT('',#2461);
#2461 = CARTESIAN_POINT('',(6.91,-5.842,2.157));
#2462 = LINE('',#2463,#2464);
#2463 = CARTESIAN_POINT('',(7.62,-5.842,2.157));
#2464 = VECTOR('',#2465,1.);
#2465 = DIRECTION('',(-1.,-3.216245299353E-16,0.));
#2466 = ORIENTED_EDGE('',*,*,#2467,.F.);
#2467 = EDGE_CURVE('',#2451,#2460,#2468,.T.);
#2468 = LINE('',#2469,#2470);
#2469 = CARTESIAN_POINT('',(6.91,-8.37,2.157));
#2470 = VECTOR('',#2471,1.);
#2471 = DIRECTION('',(-4.440892098501E-16,1.,0.));
#2472 = B_SPLINE_SURFACE_WITH_KNOTS('',1,1,(
    (#2473,#2474)
    ,(#2475,#2476
    )),.UNSPECIFIED.,.F.,.F.,.F.,(2,2),(2,2),(0.,9.27),(0.,1.),
  .PIECEWISE_BEZIER_KNOTS.);
#2473 = CARTESIAN_POINT('',(6.985,-8.445,2.157));
#2474 = CARTESIAN_POINT('',(6.91,-8.37,2.157));
#2475 = CARTESIAN_POINT('',(6.985,0.825,2.157));
#2476 = CARTESIAN_POINT('',(6.91,0.75,2.157));
#2477 = ADVANCED_FACE('',(#2478),#2530,.F.);
#2478 = FACE_BOUND('',#2479,.F.);
#2479 = EDGE_LOOP('',(#2480,#2481,#2482,#2490,#2499,#2507,#2515,#2523));
#2480 = ORIENTED_EDGE('',*,*,#1729,.T.);
#2481 = ORIENTED_EDGE('',*,*,#1667,.T.);
#2482 = ORIENTED_EDGE('',*,*,#2483,.F.);
#2483 = EDGE_CURVE('',#2484,#1668,#2486,.T.);
#2484 = VERTEX_POINT('',#2485);
#2485 = CARTESIAN_POINT('',(7.366,-5.842,2.157));
#2486 = LINE('',#2487,#2488);
#2487 = CARTESIAN_POINT('',(7.62,-5.842,2.157));
#2488 = VECTOR('',#2489,1.);
#2489 = DIRECTION('',(-1.,-3.216245299353E-16,0.));
#2490 = ORIENTED_EDGE('',*,*,#2491,.T.);
#2491 = EDGE_CURVE('',#2484,#2492,#2494,.T.);
#2492 = VERTEX_POINT('',#2493);
#2493 = CARTESIAN_POINT('',(7.747,-5.842,1.776));
#2494 = CIRCLE('',#2495,0.381);
#2495 = AXIS2_PLACEMENT_3D('',#2496,#2497,#2498);
#2496 = CARTESIAN_POINT('',(7.366,-5.842,1.776));
#2497 = DIRECTION('',(-3.216245299353E-16,1.,0.));
#2498 = DIRECTION('',(0.,0.,1.));
#2499 = ORIENTED_EDGE('',*,*,#2500,.T.);
#2500 = EDGE_CURVE('',#2492,#2501,#2503,.T.);
#2501 = VERTEX_POINT('',#2502);
#2502 = CARTESIAN_POINT('',(7.747,-5.842,0.));
#2503 = LINE('',#2504,#2505);
#2504 = CARTESIAN_POINT('',(7.747,-5.842,2.157));
#2505 = VECTOR('',#2506,1.);
#2506 = DIRECTION('',(0.,0.,-1.));
#2507 = ORIENTED_EDGE('',*,*,#2508,.T.);
#2508 = EDGE_CURVE('',#2501,#2509,#2511,.T.);
#2509 = VERTEX_POINT('',#2510);
#2510 = CARTESIAN_POINT('',(7.493,-5.842,0.));
#2511 = LINE('',#2512,#2513);
#2512 = CARTESIAN_POINT('',(7.747,-5.842,0.));
#2513 = VECTOR('',#2514,1.);
#2514 = DIRECTION('',(-1.,-3.216245299353E-16,0.));
#2515 = ORIENTED_EDGE('',*,*,#2516,.F.);
#2516 = EDGE_CURVE('',#2517,#2509,#2519,.T.);
#2517 = VERTEX_POINT('',#2518);
#2518 = CARTESIAN_POINT('',(7.493,-5.842,1.776));
#2519 = LINE('',#2520,#2521);
#2520 = CARTESIAN_POINT('',(7.493,-5.842,2.157));
#2521 = VECTOR('',#2522,1.);
#2522 = DIRECTION('',(0.,0.,-1.));
#2523 = ORIENTED_EDGE('',*,*,#2524,.T.);
#2524 = EDGE_CURVE('',#2517,#1730,#2525,.T.);
#2525 = CIRCLE('',#2526,0.127);
#2526 = AXIS2_PLACEMENT_3D('',#2527,#2528,#2529);
#2527 = CARTESIAN_POINT('',(7.366,-5.842,1.776));
#2528 = DIRECTION('',(3.216245299353E-16,-1.,0.));
#2529 = DIRECTION('',(0.,0.,-1.));
#2530 = PLANE('',#2531);
#2531 = AXIS2_PLACEMENT_3D('',#2532,#2533,#2534);
#2532 = CARTESIAN_POINT('',(0.254,-5.842,2.157));
#2533 = DIRECTION('',(-4.440892098501E-16,1.,0.));
#2534 = DIRECTION('',(0.,0.,1.));
#2535 = ADVANCED_FACE('',(#2536),#2588,.T.);
#2536 = FACE_BOUND('',#2537,.T.);
#2537 = EDGE_LOOP('',(#2538,#2539,#2540,#2548,#2557,#2565,#2573,#2581));
#2538 = ORIENTED_EDGE('',*,*,#1751,.F.);
#2539 = ORIENTED_EDGE('',*,*,#1689,.T.);
#2540 = ORIENTED_EDGE('',*,*,#2541,.T.);
#2541 = EDGE_CURVE('',#1690,#2542,#2544,.T.);
#2542 = VERTEX_POINT('',#2543);
#2543 = CARTESIAN_POINT('',(7.366,-1.778,2.157));
#2544 = LINE('',#2545,#2546);
#2545 = CARTESIAN_POINT('',(3.683,-1.778,2.157));
#2546 = VECTOR('',#2547,1.);
#2547 = DIRECTION('',(1.,3.216245299353E-16,0.));
#2548 = ORIENTED_EDGE('',*,*,#2549,.T.);
#2549 = EDGE_CURVE('',#2542,#2550,#2552,.T.);
#2550 = VERTEX_POINT('',#2551);
#2551 = CARTESIAN_POINT('',(7.747,-1.778,1.776));
#2552 = CIRCLE('',#2553,0.381);
#2553 = AXIS2_PLACEMENT_3D('',#2554,#2555,#2556);
#2554 = CARTESIAN_POINT('',(7.366,-1.778,1.776));
#2555 = DIRECTION('',(-3.216245299353E-16,1.,0.));
#2556 = DIRECTION('',(0.,0.,1.));
#2557 = ORIENTED_EDGE('',*,*,#2558,.F.);
#2558 = EDGE_CURVE('',#2559,#2550,#2561,.T.);
#2559 = VERTEX_POINT('',#2560);
#2560 = CARTESIAN_POINT('',(7.747,-1.778,0.));
#2561 = LINE('',#2562,#2563);
#2562 = CARTESIAN_POINT('',(7.747,-1.778,0.));
#2563 = VECTOR('',#2564,1.);
#2564 = DIRECTION('',(0.,0.,1.));
#2565 = ORIENTED_EDGE('',*,*,#2566,.T.);
#2566 = EDGE_CURVE('',#2559,#2567,#2569,.T.);
#2567 = VERTEX_POINT('',#2568);
#2568 = CARTESIAN_POINT('',(7.493,-1.778,0.));
#2569 = LINE('',#2570,#2571);
#2570 = CARTESIAN_POINT('',(7.747,-1.778,0.));
#2571 = VECTOR('',#2572,1.);
#2572 = DIRECTION('',(-1.,-3.216245299353E-16,0.));
#2573 = ORIENTED_EDGE('',*,*,#2574,.T.);
#2574 = EDGE_CURVE('',#2567,#2575,#2577,.T.);
#2575 = VERTEX_POINT('',#2576);
#2576 = CARTESIAN_POINT('',(7.493,-1.778,1.776));
#2577 = LINE('',#2578,#2579);
#2578 = CARTESIAN_POINT('',(7.493,-1.778,0.));
#2579 = VECTOR('',#2580,1.);
#2580 = DIRECTION('',(0.,0.,1.));
#2581 = ORIENTED_EDGE('',*,*,#2582,.T.);
#2582 = EDGE_CURVE('',#2575,#1752,#2583,.T.);
#2583 = CIRCLE('',#2584,0.127);
#2584 = AXIS2_PLACEMENT_3D('',#2585,#2586,#2587);
#2585 = CARTESIAN_POINT('',(7.366,-1.778,1.776));
#2586 = DIRECTION('',(3.216245299353E-16,-1.,0.));
#2587 = DIRECTION('',(0.,0.,-1.));
#2588 = PLANE('',#2589);
#2589 = AXIS2_PLACEMENT_3D('',#2590,#2591,#2592);
#2590 = CARTESIAN_POINT('',(0.254,-1.778,2.157));
#2591 = DIRECTION('',(-4.440892098501E-16,1.,0.));
#2592 = DIRECTION('',(0.,0.,1.));
#2593 = ADVANCED_FACE('',(#2594),#2619,.T.);
#2594 = FACE_BOUND('',#2595,.T.);
#2595 = EDGE_LOOP('',(#2596,#2604,#2605,#2613));
#2596 = ORIENTED_EDGE('',*,*,#2597,.T.);
#2597 = EDGE_CURVE('',#2598,#1690,#2600,.T.);
#2598 = VERTEX_POINT('',#2599);
#2599 = CARTESIAN_POINT('',(6.91,-1.778,2.157));
#2600 = LINE('',#2601,#2602);
#2601 = CARTESIAN_POINT('',(3.683,-1.778,2.157));
#2602 = VECTOR('',#2603,1.);
#2603 = DIRECTION('',(1.,3.216245299353E-16,0.));
#2604 = ORIENTED_EDGE('',*,*,#1706,.T.);
#2605 = ORIENTED_EDGE('',*,*,#2606,.T.);
#2606 = EDGE_CURVE('',#1699,#2607,#2609,.T.);
#2607 = VERTEX_POINT('',#2608);
#2608 = CARTESIAN_POINT('',(6.91,-0.762,2.157));
#2609 = LINE('',#2610,#2611);
#2610 = CARTESIAN_POINT('',(7.747,-0.762,2.157));
#2611 = VECTOR('',#2612,1.);
#2612 = DIRECTION('',(-1.,-3.216245299353E-16,0.));
#2613 = ORIENTED_EDGE('',*,*,#2614,.F.);
#2614 = EDGE_CURVE('',#2598,#2607,#2615,.T.);
#2615 = LINE('',#2616,#2617);
#2616 = CARTESIAN_POINT('',(6.91,-8.37,2.157));
#2617 = VECTOR('',#2618,1.);
#2618 = DIRECTION('',(-4.440892098501E-16,1.,0.));
#2619 = B_SPLINE_SURFACE_WITH_KNOTS('',1,1,(
    (#2620,#2621)
    ,(#2622,#2623
    )),.UNSPECIFIED.,.F.,.F.,.F.,(2,2),(2,2),(0.,9.27),(0.,1.),
  .PIECEWISE_BEZIER_KNOTS.);
#2620 = CARTESIAN_POINT('',(6.985,-8.445,2.157));
#2621 = CARTESIAN_POINT('',(6.91,-8.37,2.157));
#2622 = CARTESIAN_POINT('',(6.985,0.825,2.157));
#2623 = CARTESIAN_POINT('',(6.91,0.75,2.157));
#2624 = ADVANCED_FACE('',(#2625),#2677,.T.);
#2625 = FACE_BOUND('',#2626,.T.);
#2626 = EDGE_LOOP('',(#2627,#2628,#2629,#2637,#2646,#2654,#2662,#2670));
#2627 = ORIENTED_EDGE('',*,*,#1720,.F.);
#2628 = ORIENTED_EDGE('',*,*,#1782,.T.);
#2629 = ORIENTED_EDGE('',*,*,#2630,.T.);
#2630 = EDGE_CURVE('',#1783,#2631,#2633,.T.);
#2631 = VERTEX_POINT('',#2632);
#2632 = CARTESIAN_POINT('',(7.366,-4.318,2.157));
#2633 = LINE('',#2634,#2635);
#2634 = CARTESIAN_POINT('',(3.683,-4.318,2.157));
#2635 = VECTOR('',#2636,1.);
#2636 = DIRECTION('',(1.,3.216245299353E-16,0.));
#2637 = ORIENTED_EDGE('',*,*,#2638,.T.);
#2638 = EDGE_CURVE('',#2631,#2639,#2641,.T.);
#2639 = VERTEX_POINT('',#2640);
#2640 = CARTESIAN_POINT('',(7.747,-4.318,1.776));
#2641 = CIRCLE('',#2642,0.381);
#2642 = AXIS2_PLACEMENT_3D('',#2643,#2644,#2645);
#2643 = CARTESIAN_POINT('',(7.366,-4.318,1.776));
#2644 = DIRECTION('',(-3.216245299353E-16,1.,0.));
#2645 = DIRECTION('',(0.,0.,1.));
#2646 = ORIENTED_EDGE('',*,*,#2647,.F.);
#2647 = EDGE_CURVE('',#2648,#2639,#2650,.T.);
#2648 = VERTEX_POINT('',#2649);
#2649 = CARTESIAN_POINT('',(7.747,-4.318,0.));
#2650 = LINE('',#2651,#2652);
#2651 = CARTESIAN_POINT('',(7.747,-4.318,0.));
#2652 = VECTOR('',#2653,1.);
#2653 = DIRECTION('',(0.,0.,1.));
#2654 = ORIENTED_EDGE('',*,*,#2655,.T.);
#2655 = EDGE_CURVE('',#2648,#2656,#2658,.T.);
#2656 = VERTEX_POINT('',#2657);
#2657 = CARTESIAN_POINT('',(7.493,-4.318,0.));
#2658 = LINE('',#2659,#2660);
#2659 = CARTESIAN_POINT('',(7.747,-4.318,0.));
#2660 = VECTOR('',#2661,1.);
#2661 = DIRECTION('',(-1.,-3.216245299353E-16,0.));
#2662 = ORIENTED_EDGE('',*,*,#2663,.T.);
#2663 = EDGE_CURVE('',#2656,#2664,#2666,.T.);
#2664 = VERTEX_POINT('',#2665);
#2665 = CARTESIAN_POINT('',(7.493,-4.318,1.776));
#2666 = LINE('',#2667,#2668);
#2667 = CARTESIAN_POINT('',(7.493,-4.318,0.));
#2668 = VECTOR('',#2669,1.);
#2669 = DIRECTION('',(0.,0.,1.));
#2670 = ORIENTED_EDGE('',*,*,#2671,.T.);
#2671 = EDGE_CURVE('',#2664,#1721,#2672,.T.);
#2672 = CIRCLE('',#2673,0.127);
#2673 = AXIS2_PLACEMENT_3D('',#2674,#2675,#2676);
#2674 = CARTESIAN_POINT('',(7.366,-4.318,1.776));
#2675 = DIRECTION('',(3.216245299353E-16,-1.,0.));
#2676 = DIRECTION('',(0.,0.,-1.));
#2677 = PLANE('',#2678);
#2678 = AXIS2_PLACEMENT_3D('',#2679,#2680,#2681);
#2679 = CARTESIAN_POINT('',(0.254,-4.318,2.157));
#2680 = DIRECTION('',(-4.440892098501E-16,1.,0.));
#2681 = DIRECTION('',(0.,0.,1.));
#2682 = ADVANCED_FACE('',(#2683),#2694,.F.);
#2683 = FACE_BOUND('',#2684,.F.);
#2684 = EDGE_LOOP('',(#2685,#2691,#2692,#2693));
#2685 = ORIENTED_EDGE('',*,*,#2686,.T.);
#2686 = EDGE_CURVE('',#2517,#2664,#2687,.T.);
#2687 = LINE('',#2688,#2689);
#2688 = CARTESIAN_POINT('',(7.493,-5.842,1.776));
#2689 = VECTOR('',#2690,1.);
#2690 = DIRECTION('',(-3.216245299353E-16,1.,0.));
#2691 = ORIENTED_EDGE('',*,*,#2671,.T.);
#2692 = ORIENTED_EDGE('',*,*,#1737,.F.);
#2693 = ORIENTED_EDGE('',*,*,#2524,.F.);
#2694 = CYLINDRICAL_SURFACE('',#2695,0.127);
#2695 = AXIS2_PLACEMENT_3D('',#2696,#2697,#2698);
#2696 = CARTESIAN_POINT('',(7.366,-5.842,1.776));
#2697 = DIRECTION('',(-3.216245299353E-16,1.,0.));
#2698 = DIRECTION('',(1.,3.216245299353E-16,0.));
#2699 = ADVANCED_FACE('',(#2700),#2719,.F.);
#2700 = FACE_BOUND('',#2701,.F.);
#2701 = EDGE_LOOP('',(#2702,#2710,#2711,#2712));
#2702 = ORIENTED_EDGE('',*,*,#2703,.T.);
#2703 = EDGE_CURVE('',#2704,#2575,#2706,.T.);
#2704 = VERTEX_POINT('',#2705);
#2705 = CARTESIAN_POINT('',(7.493,-3.302,1.776));
#2706 = LINE('',#2707,#2708);
#2707 = CARTESIAN_POINT('',(7.493,-3.302,1.776));
#2708 = VECTOR('',#2709,1.);
#2709 = DIRECTION('',(-3.216245299353E-16,1.,0.));
#2710 = ORIENTED_EDGE('',*,*,#2582,.T.);
#2711 = ORIENTED_EDGE('',*,*,#1768,.F.);
#2712 = ORIENTED_EDGE('',*,*,#2713,.F.);
#2713 = EDGE_CURVE('',#2704,#1761,#2714,.T.);
#2714 = CIRCLE('',#2715,0.127);
#2715 = AXIS2_PLACEMENT_3D('',#2716,#2717,#2718);
#2716 = CARTESIAN_POINT('',(7.366,-3.302,1.776));
#2717 = DIRECTION('',(3.216245299353E-16,-1.,0.));
#2718 = DIRECTION('',(0.,0.,-1.));
#2719 = CYLINDRICAL_SURFACE('',#2720,0.127);
#2720 = AXIS2_PLACEMENT_3D('',#2721,#2722,#2723);
#2721 = CARTESIAN_POINT('',(7.366,-3.302,1.776));
#2722 = DIRECTION('',(-3.216245299353E-16,1.,0.));
#2723 = DIRECTION('',(1.,3.216245299353E-16,0.));
#2724 = ADVANCED_FACE('',(#2725),#2769,.F.);
#2725 = FACE_BOUND('',#2726,.F.);
#2726 = EDGE_LOOP('',(#2727,#2728,#2729,#2737,#2746,#2754,#2762,#2768));
#2727 = ORIENTED_EDGE('',*,*,#1760,.T.);
#2728 = ORIENTED_EDGE('',*,*,#1791,.T.);
#2729 = ORIENTED_EDGE('',*,*,#2730,.F.);
#2730 = EDGE_CURVE('',#2731,#1792,#2733,.T.);
#2731 = VERTEX_POINT('',#2732);
#2732 = CARTESIAN_POINT('',(7.366,-3.302,2.157));
#2733 = LINE('',#2734,#2735);
#2734 = CARTESIAN_POINT('',(7.62,-3.302,2.157));
#2735 = VECTOR('',#2736,1.);
#2736 = DIRECTION('',(-1.,-3.216245299353E-16,0.));
#2737 = ORIENTED_EDGE('',*,*,#2738,.T.);
#2738 = EDGE_CURVE('',#2731,#2739,#2741,.T.);
#2739 = VERTEX_POINT('',#2740);
#2740 = CARTESIAN_POINT('',(7.747,-3.302,1.776));
#2741 = CIRCLE('',#2742,0.381);
#2742 = AXIS2_PLACEMENT_3D('',#2743,#2744,#2745);
#2743 = CARTESIAN_POINT('',(7.366,-3.302,1.776));
#2744 = DIRECTION('',(-3.216245299353E-16,1.,0.));
#2745 = DIRECTION('',(0.,0.,1.));
#2746 = ORIENTED_EDGE('',*,*,#2747,.T.);
#2747 = EDGE_CURVE('',#2739,#2748,#2750,.T.);
#2748 = VERTEX_POINT('',#2749);
#2749 = CARTESIAN_POINT('',(7.747,-3.302,0.));
#2750 = LINE('',#2751,#2752);
#2751 = CARTESIAN_POINT('',(7.747,-3.302,2.157));
#2752 = VECTOR('',#2753,1.);
#2753 = DIRECTION('',(0.,0.,-1.));
#2754 = ORIENTED_EDGE('',*,*,#2755,.T.);
#2755 = EDGE_CURVE('',#2748,#2756,#2758,.T.);
#2756 = VERTEX_POINT('',#2757);
#2757 = CARTESIAN_POINT('',(7.493,-3.302,0.));
#2758 = LINE('',#2759,#2760);
#2759 = CARTESIAN_POINT('',(7.747,-3.302,0.));
#2760 = VECTOR('',#2761,1.);
#2761 = DIRECTION('',(-1.,-3.216245299353E-16,0.));
#2762 = ORIENTED_EDGE('',*,*,#2763,.F.);
#2763 = EDGE_CURVE('',#2704,#2756,#2764,.T.);
#2764 = LINE('',#2765,#2766);
#2765 = CARTESIAN_POINT('',(7.493,-3.302,2.157));
#2766 = VECTOR('',#2767,1.);
#2767 = DIRECTION('',(0.,0.,-1.));
#2768 = ORIENTED_EDGE('',*,*,#2713,.T.);
#2769 = PLANE('',#2770);
#2770 = AXIS2_PLACEMENT_3D('',#2771,#2772,#2773);
#2771 = CARTESIAN_POINT('',(0.254,-3.302,2.157));
#2772 = DIRECTION('',(-4.440892098501E-16,1.,0.));
#2773 = DIRECTION('',(0.,0.,1.));
#2774 = ADVANCED_FACE('',(#2775),#2800,.T.);
#2775 = FACE_BOUND('',#2776,.T.);
#2776 = EDGE_LOOP('',(#2777,#2785,#2786,#2794));
#2777 = ORIENTED_EDGE('',*,*,#2778,.T.);
#2778 = EDGE_CURVE('',#2779,#1783,#2781,.T.);
#2779 = VERTEX_POINT('',#2780);
#2780 = CARTESIAN_POINT('',(6.91,-4.318,2.157));
#2781 = LINE('',#2782,#2783);
#2782 = CARTESIAN_POINT('',(3.683,-4.318,2.157));
#2783 = VECTOR('',#2784,1.);
#2784 = DIRECTION('',(1.,3.216245299353E-16,0.));
#2785 = ORIENTED_EDGE('',*,*,#1799,.T.);
#2786 = ORIENTED_EDGE('',*,*,#2787,.T.);
#2787 = EDGE_CURVE('',#1792,#2788,#2790,.T.);
#2788 = VERTEX_POINT('',#2789);
#2789 = CARTESIAN_POINT('',(6.91,-3.302,2.157));
#2790 = LINE('',#2791,#2792);
#2791 = CARTESIAN_POINT('',(7.62,-3.302,2.157));
#2792 = VECTOR('',#2793,1.);
#2793 = DIRECTION('',(-1.,-3.216245299353E-16,0.));
#2794 = ORIENTED_EDGE('',*,*,#2795,.F.);
#2795 = EDGE_CURVE('',#2779,#2788,#2796,.T.);
#2796 = LINE('',#2797,#2798);
#2797 = CARTESIAN_POINT('',(6.91,-8.37,2.157));
#2798 = VECTOR('',#2799,1.);
#2799 = DIRECTION('',(-4.440892098501E-16,1.,0.));
#2800 = B_SPLINE_SURFACE_WITH_KNOTS('',1,1,(
    (#2801,#2802)
    ,(#2803,#2804
    )),.UNSPECIFIED.,.F.,.F.,.F.,(2,2),(2,2),(0.,9.27),(0.,1.),
  .PIECEWISE_BEZIER_KNOTS.);
#2801 = CARTESIAN_POINT('',(6.985,-8.445,2.157));
#2802 = CARTESIAN_POINT('',(6.91,-8.37,2.157));
#2803 = CARTESIAN_POINT('',(6.985,0.825,2.157));
#2804 = CARTESIAN_POINT('',(6.91,0.75,2.157));
#2805 = ADVANCED_FACE('',(#2806),#2823,.T.);
#2806 = FACE_BOUND('',#2807,.T.);
#2807 = EDGE_LOOP('',(#2808,#2809,#2816,#2822));
#2808 = ORIENTED_EDGE('',*,*,#1821,.T.);
#2809 = ORIENTED_EDGE('',*,*,#2810,.T.);
#2810 = EDGE_CURVE('',#1815,#2811,#2813,.T.);
#2811 = VERTEX_POINT('',#2812);
#2812 = CARTESIAN_POINT('',(0.71,0.75,2.157));
#2813 = B_SPLINE_CURVE_WITH_KNOTS('',1,(#2814,#2815),.UNSPECIFIED.,.F.,
  .F.,(2,2),(0.,1.),.PIECEWISE_BEZIER_KNOTS.);
#2814 = CARTESIAN_POINT('',(0.635,0.825,2.157));
#2815 = CARTESIAN_POINT('',(0.71,0.75,2.157));
#2816 = ORIENTED_EDGE('',*,*,#2817,.F.);
#2817 = EDGE_CURVE('',#2280,#2811,#2818,.T.);
#2818 = LINE('',#2819,#2820);
#2819 = CARTESIAN_POINT('',(6.91,0.75,2.157));
#2820 = VECTOR('',#2821,1.);
#2821 = DIRECTION('',(-1.,-4.440892098501E-16,0.));
#2822 = ORIENTED_EDGE('',*,*,#2279,.F.);
#2823 = B_SPLINE_SURFACE_WITH_KNOTS('',1,1,(
    (#2824,#2825)
    ,(#2826,#2827
    )),.UNSPECIFIED.,.F.,.F.,.F.,(2,2),(2,2),(0.,6.35),(0.,1.),
  .PIECEWISE_BEZIER_KNOTS.);
#2824 = CARTESIAN_POINT('',(6.985,0.825,2.157));
#2825 = CARTESIAN_POINT('',(6.91,0.75,2.157));
#2826 = CARTESIAN_POINT('',(0.635,0.825,2.157));
#2827 = CARTESIAN_POINT('',(0.71,0.75,2.157));
#2828 = ADVANCED_FACE('',(#2829),#2847,.T.);
#2829 = FACE_BOUND('',#2830,.T.);
#2830 = EDGE_LOOP('',(#2831,#2832,#2833,#2841));
#2831 = ORIENTED_EDGE('',*,*,#2810,.F.);
#2832 = ORIENTED_EDGE('',*,*,#1846,.T.);
#2833 = ORIENTED_EDGE('',*,*,#2834,.T.);
#2834 = EDGE_CURVE('',#1839,#2835,#2837,.T.);
#2835 = VERTEX_POINT('',#2836);
#2836 = CARTESIAN_POINT('',(0.71,0.2285,2.157));
#2837 = LINE('',#2838,#2839);
#2838 = CARTESIAN_POINT('',(-0.127,0.2285,2.157));
#2839 = VECTOR('',#2840,1.);
#2840 = DIRECTION('',(1.,4.440892098501E-16,0.));
#2841 = ORIENTED_EDGE('',*,*,#2842,.F.);
#2842 = EDGE_CURVE('',#2811,#2835,#2843,.T.);
#2843 = LINE('',#2844,#2845);
#2844 = CARTESIAN_POINT('',(0.71,0.75,2.157));
#2845 = VECTOR('',#2846,1.);
#2846 = DIRECTION('',(4.440892098501E-16,-1.,0.));
#2847 = B_SPLINE_SURFACE_WITH_KNOTS('',1,1,(
    (#2848,#2849)
    ,(#2850,#2851
    )),.UNSPECIFIED.,.F.,.F.,.F.,(2,2),(2,2),(0.,9.27),(0.,1.),
  .PIECEWISE_BEZIER_KNOTS.);
#2848 = CARTESIAN_POINT('',(0.635,0.825,2.157));
#2849 = CARTESIAN_POINT('',(0.71,0.75,2.157));
#2850 = CARTESIAN_POINT('',(0.635,-8.445,2.157));
#2851 = CARTESIAN_POINT('',(0.71,-8.37,2.157));
#2852 = ADVANCED_FACE('',(#2853),#2905,.F.);
#2853 = FACE_BOUND('',#2854,.F.);
#2854 = EDGE_LOOP('',(#2855,#2863,#2872,#2880,#2888,#2896,#2903,#2904));
#2855 = ORIENTED_EDGE('',*,*,#2856,.F.);
#2856 = EDGE_CURVE('',#2857,#1839,#2859,.T.);
#2857 = VERTEX_POINT('',#2858);
#2858 = CARTESIAN_POINT('',(0.254,0.2285,2.157));
#2859 = LINE('',#2860,#2861);
#2860 = CARTESIAN_POINT('',(-0.127,0.2285,2.157));
#2861 = VECTOR('',#2862,1.);
#2862 = DIRECTION('',(1.,4.440892098501E-16,0.));
#2863 = ORIENTED_EDGE('',*,*,#2864,.T.);
#2864 = EDGE_CURVE('',#2857,#2865,#2867,.T.);
#2865 = VERTEX_POINT('',#2866);
#2866 = CARTESIAN_POINT('',(-0.127,0.2285,1.776));
#2867 = CIRCLE('',#2868,0.381);
#2868 = AXIS2_PLACEMENT_3D('',#2869,#2870,#2871);
#2869 = CARTESIAN_POINT('',(0.254,0.2285,1.776));
#2870 = DIRECTION('',(4.440892098501E-16,-1.,0.));
#2871 = DIRECTION('',(0.,0.,1.));
#2872 = ORIENTED_EDGE('',*,*,#2873,.T.);
#2873 = EDGE_CURVE('',#2865,#2874,#2876,.T.);
#2874 = VERTEX_POINT('',#2875);
#2875 = CARTESIAN_POINT('',(-0.127,0.2285,-2.843));
#2876 = LINE('',#2877,#2878);
#2877 = CARTESIAN_POINT('',(-0.127,0.2285,2.157));
#2878 = VECTOR('',#2879,1.);
#2879 = DIRECTION('',(-0.,0.,-1.));
#2880 = ORIENTED_EDGE('',*,*,#2881,.T.);
#2881 = EDGE_CURVE('',#2874,#2882,#2884,.T.);
#2882 = VERTEX_POINT('',#2883);
#2883 = CARTESIAN_POINT('',(0.127,0.2285,-2.843));
#2884 = LINE('',#2885,#2886);
#2885 = CARTESIAN_POINT('',(-0.127,0.2285,-2.843));
#2886 = VECTOR('',#2887,1.);
#2887 = DIRECTION('',(1.,4.440892098501E-16,0.));
#2888 = ORIENTED_EDGE('',*,*,#2889,.F.);
#2889 = EDGE_CURVE('',#2890,#2882,#2892,.T.);
#2890 = VERTEX_POINT('',#2891);
#2891 = CARTESIAN_POINT('',(0.127,0.2285,1.776));
#2892 = LINE('',#2893,#2894);
#2893 = CARTESIAN_POINT('',(0.127,0.2285,2.157));
#2894 = VECTOR('',#2895,1.);
#2895 = DIRECTION('',(-0.,0.,-1.));
#2896 = ORIENTED_EDGE('',*,*,#2897,.T.);
#2897 = EDGE_CURVE('',#2890,#1891,#2898,.T.);
#2898 = CIRCLE('',#2899,0.127);
#2899 = AXIS2_PLACEMENT_3D('',#2900,#2901,#2902);
#2900 = CARTESIAN_POINT('',(0.254,0.2285,1.776));
#2901 = DIRECTION('',(-4.440892098501E-16,1.,0.));
#2902 = DIRECTION('',(0.,0.,-1.));
#2903 = ORIENTED_EDGE('',*,*,#1890,.T.);
#2904 = ORIENTED_EDGE('',*,*,#1838,.T.);
#2905 = PLANE('',#2906);
#2906 = AXIS2_PLACEMENT_3D('',#2907,#2908,#2909);
#2907 = CARTESIAN_POINT('',(0.254,0.2285,2.157));
#2908 = DIRECTION('',(4.440892098501E-16,-1.,2.331176954594E-15));
#2909 = DIRECTION('',(1.035250531786E-30,-2.331176954594E-15,-1.));
#2910 = ADVANCED_FACE('',(#2911),#2963,.F.);
#2911 = FACE_BOUND('',#2912,.F.);
#2912 = EDGE_LOOP('',(#2913,#2923,#2932,#2938,#2939,#2940,#2949,#2957));
#2913 = ORIENTED_EDGE('',*,*,#2914,.F.);
#2914 = EDGE_CURVE('',#2915,#2917,#2919,.T.);
#2915 = VERTEX_POINT('',#2916);
#2916 = CARTESIAN_POINT('',(-0.127,-7.8485,1.776));
#2917 = VERTEX_POINT('',#2918);
#2918 = CARTESIAN_POINT('',(-0.127,-7.8485,-2.843));
#2919 = LINE('',#2920,#2921);
#2920 = CARTESIAN_POINT('',(-0.127,-7.8485,2.157));
#2921 = VECTOR('',#2922,1.);
#2922 = DIRECTION('',(-0.,0.,-1.));
#2923 = ORIENTED_EDGE('',*,*,#2924,.T.);
#2924 = EDGE_CURVE('',#2915,#2925,#2927,.T.);
#2925 = VERTEX_POINT('',#2926);
#2926 = CARTESIAN_POINT('',(0.254,-7.8485,2.157));
#2927 = CIRCLE('',#2928,0.381);
#2928 = AXIS2_PLACEMENT_3D('',#2929,#2930,#2931);
#2929 = CARTESIAN_POINT('',(0.254,-7.8485,1.776));
#2930 = DIRECTION('',(-4.440892098501E-16,1.,0.));
#2931 = DIRECTION('',(0.,0.,1.));
#2932 = ORIENTED_EDGE('',*,*,#2933,.F.);
#2933 = EDGE_CURVE('',#1861,#2925,#2934,.T.);
#2934 = LINE('',#2935,#2936);
#2935 = CARTESIAN_POINT('',(3.81,-7.8485,2.157));
#2936 = VECTOR('',#2937,1.);
#2937 = DIRECTION('',(-1.,-4.440892098501E-16,0.));
#2938 = ORIENTED_EDGE('',*,*,#1860,.T.);
#2939 = ORIENTED_EDGE('',*,*,#1937,.T.);
#2940 = ORIENTED_EDGE('',*,*,#2941,.F.);
#2941 = EDGE_CURVE('',#2942,#1930,#2944,.T.);
#2942 = VERTEX_POINT('',#2943);
#2943 = CARTESIAN_POINT('',(0.127,-7.8485,1.776));
#2944 = CIRCLE('',#2945,0.127);
#2945 = AXIS2_PLACEMENT_3D('',#2946,#2947,#2948);
#2946 = CARTESIAN_POINT('',(0.254,-7.8485,1.776));
#2947 = DIRECTION('',(-4.440892098501E-16,1.,0.));
#2948 = DIRECTION('',(0.,0.,1.));
#2949 = ORIENTED_EDGE('',*,*,#2950,.T.);
#2950 = EDGE_CURVE('',#2942,#2951,#2953,.T.);
#2951 = VERTEX_POINT('',#2952);
#2952 = CARTESIAN_POINT('',(0.127,-7.8485,-2.843));
#2953 = LINE('',#2954,#2955);
#2954 = CARTESIAN_POINT('',(0.127,-7.8485,2.157));
#2955 = VECTOR('',#2956,1.);
#2956 = DIRECTION('',(-0.,0.,-1.));
#2957 = ORIENTED_EDGE('',*,*,#2958,.F.);
#2958 = EDGE_CURVE('',#2917,#2951,#2959,.T.);
#2959 = LINE('',#2960,#2961);
#2960 = CARTESIAN_POINT('',(-0.127,-7.8485,-2.843));
#2961 = VECTOR('',#2962,1.);
#2962 = DIRECTION('',(1.,4.440892098501E-16,0.));
#2963 = PLANE('',#2964);
#2964 = AXIS2_PLACEMENT_3D('',#2965,#2966,#2967);
#2965 = CARTESIAN_POINT('',(-0.127,-7.8485,1.776));
#2966 = DIRECTION('',(-4.440892098501E-16,1.,0.));
#2967 = DIRECTION('',(0.,0.,1.));
#2968 = ADVANCED_FACE('',(#2969),#2993,.T.);
#2969 = FACE_BOUND('',#2970,.T.);
#2970 = EDGE_LOOP('',(#2971,#2979,#2980,#2987));
#2971 = ORIENTED_EDGE('',*,*,#2972,.T.);
#2972 = EDGE_CURVE('',#2973,#1861,#2975,.T.);
#2973 = VERTEX_POINT('',#2974);
#2974 = CARTESIAN_POINT('',(0.71,-7.8485,2.157));
#2975 = LINE('',#2976,#2977);
#2976 = CARTESIAN_POINT('',(3.81,-7.8485,2.157));
#2977 = VECTOR('',#2978,1.);
#2978 = DIRECTION('',(-1.,-4.440892098501E-16,0.));
#2979 = ORIENTED_EDGE('',*,*,#1876,.T.);
#2980 = ORIENTED_EDGE('',*,*,#2981,.T.);
#2981 = EDGE_CURVE('',#1870,#2982,#2984,.T.);
#2982 = VERTEX_POINT('',#2983);
#2983 = CARTESIAN_POINT('',(0.71,-8.37,2.157));
#2984 = B_SPLINE_CURVE_WITH_KNOTS('',1,(#2985,#2986),.UNSPECIFIED.,.F.,
  .F.,(2,2),(0.,1.),.PIECEWISE_BEZIER_KNOTS.);
#2985 = CARTESIAN_POINT('',(0.635,-8.445,2.157));
#2986 = CARTESIAN_POINT('',(0.71,-8.37,2.157));
#2987 = ORIENTED_EDGE('',*,*,#2988,.F.);
#2988 = EDGE_CURVE('',#2973,#2982,#2989,.T.);
#2989 = LINE('',#2990,#2991);
#2990 = CARTESIAN_POINT('',(0.71,0.75,2.157));
#2991 = VECTOR('',#2992,1.);
#2992 = DIRECTION('',(4.440892098501E-16,-1.,0.));
#2993 = B_SPLINE_SURFACE_WITH_KNOTS('',1,1,(
    (#2994,#2995)
    ,(#2996,#2997
    )),.UNSPECIFIED.,.F.,.F.,.F.,(2,2),(2,2),(0.,9.27),(0.,1.),
  .PIECEWISE_BEZIER_KNOTS.);
#2994 = CARTESIAN_POINT('',(0.635,0.825,2.157));
#2995 = CARTESIAN_POINT('',(0.71,0.75,2.157));
#2996 = CARTESIAN_POINT('',(0.635,-8.445,2.157));
#2997 = CARTESIAN_POINT('',(0.71,-8.37,2.157));
#2998 = ADVANCED_FACE('',(#2999),#3051,.T.);
#2999 = FACE_BOUND('',#3000,.T.);
#3000 = EDGE_LOOP('',(#3001,#3012,#3020,#3028,#3036,#3043,#3044,#3045));
#3001 = ORIENTED_EDGE('',*,*,#3002,.T.);
#3002 = EDGE_CURVE('',#3003,#3005,#3007,.T.);
#3003 = VERTEX_POINT('',#3004);
#3004 = CARTESIAN_POINT('',(0.254,-0.762,2.157));
#3005 = VERTEX_POINT('',#3006);
#3006 = CARTESIAN_POINT('',(-0.127,-0.762,1.776));
#3007 = CIRCLE('',#3008,0.381);
#3008 = AXIS2_PLACEMENT_3D('',#3009,#3010,#3011);
#3009 = CARTESIAN_POINT('',(0.254,-0.762,1.776));
#3010 = DIRECTION('',(4.440892098501E-16,-1.,0.));
#3011 = DIRECTION('',(0.,0.,1.));
#3012 = ORIENTED_EDGE('',*,*,#3013,.F.);
#3013 = EDGE_CURVE('',#3014,#3005,#3016,.T.);
#3014 = VERTEX_POINT('',#3015);
#3015 = CARTESIAN_POINT('',(-0.127,-0.762,0.));
#3016 = LINE('',#3017,#3018);
#3017 = CARTESIAN_POINT('',(-0.127,-0.762,0.));
#3018 = VECTOR('',#3019,1.);
#3019 = DIRECTION('',(0.,0.,1.));
#3020 = ORIENTED_EDGE('',*,*,#3021,.T.);
#3021 = EDGE_CURVE('',#3014,#3022,#3024,.T.);
#3022 = VERTEX_POINT('',#3023);
#3023 = CARTESIAN_POINT('',(0.127,-0.762,0.));
#3024 = LINE('',#3025,#3026);
#3025 = CARTESIAN_POINT('',(-0.127,-0.762,0.));
#3026 = VECTOR('',#3027,1.);
#3027 = DIRECTION('',(1.,4.440892098501E-16,0.));
#3028 = ORIENTED_EDGE('',*,*,#3029,.T.);
#3029 = EDGE_CURVE('',#3022,#3030,#3032,.T.);
#3030 = VERTEX_POINT('',#3031);
#3031 = CARTESIAN_POINT('',(0.127,-0.762,1.776));
#3032 = LINE('',#3033,#3034);
#3033 = CARTESIAN_POINT('',(0.127,-0.762,0.));
#3034 = VECTOR('',#3035,1.);
#3035 = DIRECTION('',(0.,0.,1.));
#3036 = ORIENTED_EDGE('',*,*,#3037,.T.);
#3037 = EDGE_CURVE('',#3030,#1899,#3038,.T.);
#3038 = CIRCLE('',#3039,0.127);
#3039 = AXIS2_PLACEMENT_3D('',#3040,#3041,#3042);
#3040 = CARTESIAN_POINT('',(0.254,-0.762,1.776));
#3041 = DIRECTION('',(-4.440892098501E-16,1.,0.));
#3042 = DIRECTION('',(0.,0.,-1.));
#3043 = ORIENTED_EDGE('',*,*,#1906,.F.);
#3044 = ORIENTED_EDGE('',*,*,#1952,.T.);
#3045 = ORIENTED_EDGE('',*,*,#3046,.T.);
#3046 = EDGE_CURVE('',#1953,#3003,#3047,.T.);
#3047 = LINE('',#3048,#3049);
#3048 = CARTESIAN_POINT('',(3.81,-0.762,2.157));
#3049 = VECTOR('',#3050,1.);
#3050 = DIRECTION('',(-1.,-4.440892098501E-16,0.));
#3051 = PLANE('',#3052);
#3052 = AXIS2_PLACEMENT_3D('',#3053,#3054,#3055);
#3053 = CARTESIAN_POINT('',(-0.127,-0.762,0.));
#3054 = DIRECTION('',(4.440892098501E-16,-1.,0.));
#3055 = DIRECTION('',(0.,-0.,-1.));
#3056 = ADVANCED_FACE('',(#3057),#3068,.F.);
#3057 = FACE_BOUND('',#3058,.F.);
#3058 = EDGE_LOOP('',(#3059,#3065,#3066,#3067));
#3059 = ORIENTED_EDGE('',*,*,#3060,.T.);
#3060 = EDGE_CURVE('',#2890,#3030,#3061,.T.);
#3061 = LINE('',#3062,#3063);
#3062 = CARTESIAN_POINT('',(0.127,0.2285,1.776));
#3063 = VECTOR('',#3064,1.);
#3064 = DIRECTION('',(4.440892098501E-16,-1.,0.));
#3065 = ORIENTED_EDGE('',*,*,#3037,.T.);
#3066 = ORIENTED_EDGE('',*,*,#1898,.F.);
#3067 = ORIENTED_EDGE('',*,*,#2897,.F.);
#3068 = CYLINDRICAL_SURFACE('',#3069,0.127);
#3069 = AXIS2_PLACEMENT_3D('',#3070,#3071,#3072);
#3070 = CARTESIAN_POINT('',(0.254,0.2285,1.776));
#3071 = DIRECTION('',(4.440892098501E-16,-1.,0.));
#3072 = DIRECTION('',(-1.,-4.440892098501E-16,0.));
#3073 = ADVANCED_FACE('',(#3074),#3126,.F.);
#3074 = FACE_BOUND('',#3075,.F.);
#3075 = EDGE_LOOP('',(#3076,#3084,#3093,#3101,#3109,#3117,#3124,#3125));
#3076 = ORIENTED_EDGE('',*,*,#3077,.F.);
#3077 = EDGE_CURVE('',#3078,#1993,#3080,.T.);
#3078 = VERTEX_POINT('',#3079);
#3079 = CARTESIAN_POINT('',(0.254,-6.858,2.157));
#3080 = LINE('',#3081,#3082);
#3081 = CARTESIAN_POINT('',(-0.127,-6.858,2.157));
#3082 = VECTOR('',#3083,1.);
#3083 = DIRECTION('',(1.,4.440892098501E-16,0.));
#3084 = ORIENTED_EDGE('',*,*,#3085,.F.);
#3085 = EDGE_CURVE('',#3086,#3078,#3088,.T.);
#3086 = VERTEX_POINT('',#3087);
#3087 = CARTESIAN_POINT('',(-0.127,-6.858,1.776));
#3088 = CIRCLE('',#3089,0.381);
#3089 = AXIS2_PLACEMENT_3D('',#3090,#3091,#3092);
#3090 = CARTESIAN_POINT('',(0.254,-6.858,1.776));
#3091 = DIRECTION('',(-4.440892098501E-16,1.,0.));
#3092 = DIRECTION('',(0.,0.,1.));
#3093 = ORIENTED_EDGE('',*,*,#3094,.F.);
#3094 = EDGE_CURVE('',#3095,#3086,#3097,.T.);
#3095 = VERTEX_POINT('',#3096);
#3096 = CARTESIAN_POINT('',(-0.127,-6.858,0.));
#3097 = LINE('',#3098,#3099);
#3098 = CARTESIAN_POINT('',(-0.127,-6.858,0.));
#3099 = VECTOR('',#3100,1.);
#3100 = DIRECTION('',(0.,0.,1.));
#3101 = ORIENTED_EDGE('',*,*,#3102,.T.);
#3102 = EDGE_CURVE('',#3095,#3103,#3105,.T.);
#3103 = VERTEX_POINT('',#3104);
#3104 = CARTESIAN_POINT('',(0.127,-6.858,0.));
#3105 = LINE('',#3106,#3107);
#3106 = CARTESIAN_POINT('',(-0.127,-6.858,0.));
#3107 = VECTOR('',#3108,1.);
#3108 = DIRECTION('',(1.,4.440892098501E-16,0.));
#3109 = ORIENTED_EDGE('',*,*,#3110,.T.);
#3110 = EDGE_CURVE('',#3103,#3111,#3113,.T.);
#3111 = VERTEX_POINT('',#3112);
#3112 = CARTESIAN_POINT('',(0.127,-6.858,1.776));
#3113 = LINE('',#3114,#3115);
#3114 = CARTESIAN_POINT('',(0.127,-6.858,0.));
#3115 = VECTOR('',#3116,1.);
#3116 = DIRECTION('',(0.,0.,1.));
#3117 = ORIENTED_EDGE('',*,*,#3118,.T.);
#3118 = EDGE_CURVE('',#3111,#1922,#3119,.T.);
#3119 = CIRCLE('',#3120,0.127);
#3120 = AXIS2_PLACEMENT_3D('',#3121,#3122,#3123);
#3121 = CARTESIAN_POINT('',(0.254,-6.858,1.776));
#3122 = DIRECTION('',(-4.440892098501E-16,1.,0.));
#3123 = DIRECTION('',(0.,0.,1.));
#3124 = ORIENTED_EDGE('',*,*,#1921,.T.);
#3125 = ORIENTED_EDGE('',*,*,#1992,.T.);
#3126 = PLANE('',#3127);
#3127 = AXIS2_PLACEMENT_3D('',#3128,#3129,#3130);
#3128 = CARTESIAN_POINT('',(0.254,-6.858,2.157));
#3129 = DIRECTION('',(4.440892098501E-16,-1.,0.));
#3130 = DIRECTION('',(0.,-0.,-1.));
#3131 = ADVANCED_FACE('',(#3132),#3143,.F.);
#3132 = FACE_BOUND('',#3133,.F.);
#3133 = EDGE_LOOP('',(#3134,#3135,#3136,#3137));
#3134 = ORIENTED_EDGE('',*,*,#2941,.T.);
#3135 = ORIENTED_EDGE('',*,*,#1929,.T.);
#3136 = ORIENTED_EDGE('',*,*,#3118,.F.);
#3137 = ORIENTED_EDGE('',*,*,#3138,.F.);
#3138 = EDGE_CURVE('',#2942,#3111,#3139,.T.);
#3139 = LINE('',#3140,#3141);
#3140 = CARTESIAN_POINT('',(0.127,-7.8485,1.776));
#3141 = VECTOR('',#3142,1.);
#3142 = DIRECTION('',(-4.440892098501E-16,1.,0.));
#3143 = CYLINDRICAL_SURFACE('',#3144,0.127);
#3144 = AXIS2_PLACEMENT_3D('',#3145,#3146,#3147);
#3145 = CARTESIAN_POINT('',(0.254,-7.8485,1.776));
#3146 = DIRECTION('',(-4.440892098501E-16,1.,0.));
#3147 = DIRECTION('',(-1.,-4.440892098501E-16,0.));
#3148 = ADVANCED_FACE('',(#3149),#3174,.T.);
#3149 = FACE_BOUND('',#3150,.T.);
#3150 = EDGE_LOOP('',(#3151,#3159,#3160,#3168));
#3151 = ORIENTED_EDGE('',*,*,#3152,.T.);
#3152 = EDGE_CURVE('',#3153,#1953,#3155,.T.);
#3153 = VERTEX_POINT('',#3154);
#3154 = CARTESIAN_POINT('',(0.71,-0.762,2.157));
#3155 = LINE('',#3156,#3157);
#3156 = CARTESIAN_POINT('',(3.81,-0.762,2.157));
#3157 = VECTOR('',#3158,1.);
#3158 = DIRECTION('',(-1.,-4.440892098501E-16,0.));
#3159 = ORIENTED_EDGE('',*,*,#1969,.T.);
#3160 = ORIENTED_EDGE('',*,*,#3161,.T.);
#3161 = EDGE_CURVE('',#1962,#3162,#3164,.T.);
#3162 = VERTEX_POINT('',#3163);
#3163 = CARTESIAN_POINT('',(0.71,-1.778,2.157));
#3164 = LINE('',#3165,#3166);
#3165 = CARTESIAN_POINT('',(-2.442490654175E-15,-1.778,2.157));
#3166 = VECTOR('',#3167,1.);
#3167 = DIRECTION('',(1.,4.440892098501E-16,0.));
#3168 = ORIENTED_EDGE('',*,*,#3169,.F.);
#3169 = EDGE_CURVE('',#3153,#3162,#3170,.T.);
#3170 = LINE('',#3171,#3172);
#3171 = CARTESIAN_POINT('',(0.71,0.75,2.157));
#3172 = VECTOR('',#3173,1.);
#3173 = DIRECTION('',(4.440892098501E-16,-1.,0.));
#3174 = B_SPLINE_SURFACE_WITH_KNOTS('',1,1,(
    (#3175,#3176)
    ,(#3177,#3178
    )),.UNSPECIFIED.,.F.,.F.,.F.,(2,2),(2,2),(0.,9.27),(0.,1.),
  .PIECEWISE_BEZIER_KNOTS.);
#3175 = CARTESIAN_POINT('',(0.635,0.825,2.157));
#3176 = CARTESIAN_POINT('',(0.71,0.75,2.157));
#3177 = CARTESIAN_POINT('',(0.635,-8.445,2.157));
#3178 = CARTESIAN_POINT('',(0.71,-8.37,2.157));
#3179 = ADVANCED_FACE('',(#3180),#3232,.T.);
#3180 = FACE_BOUND('',#3181,.T.);
#3181 = EDGE_LOOP('',(#3182,#3193,#3199,#3200,#3201,#3210,#3218,#3226));
#3182 = ORIENTED_EDGE('',*,*,#3183,.F.);
#3183 = EDGE_CURVE('',#3184,#3186,#3188,.T.);
#3184 = VERTEX_POINT('',#3185);
#3185 = CARTESIAN_POINT('',(0.254,-1.778,2.157));
#3186 = VERTEX_POINT('',#3187);
#3187 = CARTESIAN_POINT('',(-0.127,-1.778,1.776));
#3188 = CIRCLE('',#3189,0.381);
#3189 = AXIS2_PLACEMENT_3D('',#3190,#3191,#3192);
#3190 = CARTESIAN_POINT('',(0.254,-1.778,1.776));
#3191 = DIRECTION('',(4.440892098501E-16,-1.,0.));
#3192 = DIRECTION('',(0.,0.,1.));
#3193 = ORIENTED_EDGE('',*,*,#3194,.T.);
#3194 = EDGE_CURVE('',#3184,#1962,#3195,.T.);
#3195 = LINE('',#3196,#3197);
#3196 = CARTESIAN_POINT('',(-2.442490654175E-15,-1.778,2.157));
#3197 = VECTOR('',#3198,1.);
#3198 = DIRECTION('',(1.,4.440892098501E-16,0.));
#3199 = ORIENTED_EDGE('',*,*,#1961,.T.);
#3200 = ORIENTED_EDGE('',*,*,#2014,.F.);
#3201 = ORIENTED_EDGE('',*,*,#3202,.F.);
#3202 = EDGE_CURVE('',#3203,#2015,#3205,.T.);
#3203 = VERTEX_POINT('',#3204);
#3204 = CARTESIAN_POINT('',(0.127,-1.778,1.776));
#3205 = CIRCLE('',#3206,0.127);
#3206 = AXIS2_PLACEMENT_3D('',#3207,#3208,#3209);
#3207 = CARTESIAN_POINT('',(0.254,-1.778,1.776));
#3208 = DIRECTION('',(-4.440892098501E-16,1.,0.));
#3209 = DIRECTION('',(0.,0.,-1.));
#3210 = ORIENTED_EDGE('',*,*,#3211,.T.);
#3211 = EDGE_CURVE('',#3203,#3212,#3214,.T.);
#3212 = VERTEX_POINT('',#3213);
#3213 = CARTESIAN_POINT('',(0.127,-1.778,0.));
#3214 = LINE('',#3215,#3216);
#3215 = CARTESIAN_POINT('',(0.127,-1.778,2.157));
#3216 = VECTOR('',#3217,1.);
#3217 = DIRECTION('',(-0.,0.,-1.));
#3218 = ORIENTED_EDGE('',*,*,#3219,.F.);
#3219 = EDGE_CURVE('',#3220,#3212,#3222,.T.);
#3220 = VERTEX_POINT('',#3221);
#3221 = CARTESIAN_POINT('',(-0.127,-1.778,0.));
#3222 = LINE('',#3223,#3224);
#3223 = CARTESIAN_POINT('',(-0.127,-1.778,0.));
#3224 = VECTOR('',#3225,1.);
#3225 = DIRECTION('',(1.,4.440892098501E-16,0.));
#3226 = ORIENTED_EDGE('',*,*,#3227,.F.);
#3227 = EDGE_CURVE('',#3186,#3220,#3228,.T.);
#3228 = LINE('',#3229,#3230);
#3229 = CARTESIAN_POINT('',(-0.127,-1.778,2.157));
#3230 = VECTOR('',#3231,1.);
#3231 = DIRECTION('',(-0.,0.,-1.));
#3232 = PLANE('',#3233);
#3233 = AXIS2_PLACEMENT_3D('',#3234,#3235,#3236);
#3234 = CARTESIAN_POINT('',(0.254,-1.778,2.157));
#3235 = DIRECTION('',(-4.440892098501E-16,1.,0.));
#3236 = DIRECTION('',(0.,0.,1.));
#3237 = ADVANCED_FACE('',(#3238),#3290,.F.);
#3238 = FACE_BOUND('',#3239,.F.);
#3239 = EDGE_LOOP('',(#3240,#3251,#3257,#3258,#3259,#3268,#3276,#3284));
#3240 = ORIENTED_EDGE('',*,*,#3241,.F.);
#3241 = EDGE_CURVE('',#3242,#3244,#3246,.T.);
#3242 = VERTEX_POINT('',#3243);
#3243 = CARTESIAN_POINT('',(0.254,-5.842,2.157));
#3244 = VERTEX_POINT('',#3245);
#3245 = CARTESIAN_POINT('',(-0.127,-5.842,1.776));
#3246 = CIRCLE('',#3247,0.381);
#3247 = AXIS2_PLACEMENT_3D('',#3248,#3249,#3250);
#3248 = CARTESIAN_POINT('',(0.254,-5.842,1.776));
#3249 = DIRECTION('',(4.440892098501E-16,-1.,0.));
#3250 = DIRECTION('',(0.,0.,1.));
#3251 = ORIENTED_EDGE('',*,*,#3252,.F.);
#3252 = EDGE_CURVE('',#1984,#3242,#3253,.T.);
#3253 = LINE('',#3254,#3255);
#3254 = CARTESIAN_POINT('',(3.937,-5.842,2.157));
#3255 = VECTOR('',#3256,1.);
#3256 = DIRECTION('',(-1.,-4.440892098501E-16,0.));
#3257 = ORIENTED_EDGE('',*,*,#1983,.T.);
#3258 = ORIENTED_EDGE('',*,*,#2061,.T.);
#3259 = ORIENTED_EDGE('',*,*,#3260,.F.);
#3260 = EDGE_CURVE('',#3261,#2054,#3263,.T.);
#3261 = VERTEX_POINT('',#3262);
#3262 = CARTESIAN_POINT('',(0.127,-5.842,1.776));
#3263 = CIRCLE('',#3264,0.127);
#3264 = AXIS2_PLACEMENT_3D('',#3265,#3266,#3267);
#3265 = CARTESIAN_POINT('',(0.254,-5.842,1.776));
#3266 = DIRECTION('',(-4.440892098501E-16,1.,0.));
#3267 = DIRECTION('',(0.,0.,-1.));
#3268 = ORIENTED_EDGE('',*,*,#3269,.F.);
#3269 = EDGE_CURVE('',#3270,#3261,#3272,.T.);
#3270 = VERTEX_POINT('',#3271);
#3271 = CARTESIAN_POINT('',(0.127,-5.842,0.));
#3272 = LINE('',#3273,#3274);
#3273 = CARTESIAN_POINT('',(0.127,-5.842,0.));
#3274 = VECTOR('',#3275,1.);
#3275 = DIRECTION('',(0.,0.,1.));
#3276 = ORIENTED_EDGE('',*,*,#3277,.F.);
#3277 = EDGE_CURVE('',#3278,#3270,#3280,.T.);
#3278 = VERTEX_POINT('',#3279);
#3279 = CARTESIAN_POINT('',(-0.127,-5.842,0.));
#3280 = LINE('',#3281,#3282);
#3281 = CARTESIAN_POINT('',(-0.127,-5.842,0.));
#3282 = VECTOR('',#3283,1.);
#3283 = DIRECTION('',(1.,4.440892098501E-16,0.));
#3284 = ORIENTED_EDGE('',*,*,#3285,.T.);
#3285 = EDGE_CURVE('',#3278,#3244,#3286,.T.);
#3286 = LINE('',#3287,#3288);
#3287 = CARTESIAN_POINT('',(-0.127,-5.842,0.));
#3288 = VECTOR('',#3289,1.);
#3289 = DIRECTION('',(0.,0.,1.));
#3290 = PLANE('',#3291);
#3291 = AXIS2_PLACEMENT_3D('',#3292,#3293,#3294);
#3292 = CARTESIAN_POINT('',(0.254,-5.842,2.157));
#3293 = DIRECTION('',(-4.440892098501E-16,1.,0.));
#3294 = DIRECTION('',(0.,0.,1.));
#3295 = ADVANCED_FACE('',(#3296),#3321,.T.);
#3296 = FACE_BOUND('',#3297,.T.);
#3297 = EDGE_LOOP('',(#3298,#3306,#3307,#3315));
#3298 = ORIENTED_EDGE('',*,*,#3299,.T.);
#3299 = EDGE_CURVE('',#3300,#1984,#3302,.T.);
#3300 = VERTEX_POINT('',#3301);
#3301 = CARTESIAN_POINT('',(0.71,-5.842,2.157));
#3302 = LINE('',#3303,#3304);
#3303 = CARTESIAN_POINT('',(3.937,-5.842,2.157));
#3304 = VECTOR('',#3305,1.);
#3305 = DIRECTION('',(-1.,-4.440892098501E-16,0.));
#3306 = ORIENTED_EDGE('',*,*,#2000,.T.);
#3307 = ORIENTED_EDGE('',*,*,#3308,.T.);
#3308 = EDGE_CURVE('',#1993,#3309,#3311,.T.);
#3309 = VERTEX_POINT('',#3310);
#3310 = CARTESIAN_POINT('',(0.71,-6.858,2.157));
#3311 = LINE('',#3312,#3313);
#3312 = CARTESIAN_POINT('',(-0.127,-6.858,2.157));
#3313 = VECTOR('',#3314,1.);
#3314 = DIRECTION('',(1.,4.440892098501E-16,0.));
#3315 = ORIENTED_EDGE('',*,*,#3316,.F.);
#3316 = EDGE_CURVE('',#3300,#3309,#3317,.T.);
#3317 = LINE('',#3318,#3319);
#3318 = CARTESIAN_POINT('',(0.71,0.75,2.157));
#3319 = VECTOR('',#3320,1.);
#3320 = DIRECTION('',(4.440892098501E-16,-1.,0.));
#3321 = B_SPLINE_SURFACE_WITH_KNOTS('',1,1,(
    (#3322,#3323)
    ,(#3324,#3325
    )),.UNSPECIFIED.,.F.,.F.,.F.,(2,2),(2,2),(0.,9.27),(0.,1.),
  .PIECEWISE_BEZIER_KNOTS.);
#3322 = CARTESIAN_POINT('',(0.635,0.825,2.157));
#3323 = CARTESIAN_POINT('',(0.71,0.75,2.157));
#3324 = CARTESIAN_POINT('',(0.635,-8.445,2.157));
#3325 = CARTESIAN_POINT('',(0.71,-8.37,2.157));
#3326 = ADVANCED_FACE('',(#3327),#3379,.F.);
#3327 = FACE_BOUND('',#3328,.F.);
#3328 = EDGE_LOOP('',(#3329,#3340,#3346,#3347,#3348,#3357,#3365,#3373));
#3329 = ORIENTED_EDGE('',*,*,#3330,.F.);
#3330 = EDGE_CURVE('',#3331,#3333,#3335,.T.);
#3331 = VERTEX_POINT('',#3332);
#3332 = CARTESIAN_POINT('',(0.254,-3.302,2.157));
#3333 = VERTEX_POINT('',#3334);
#3334 = CARTESIAN_POINT('',(-0.127,-3.302,1.776));
#3335 = CIRCLE('',#3336,0.381);
#3336 = AXIS2_PLACEMENT_3D('',#3337,#3338,#3339);
#3337 = CARTESIAN_POINT('',(0.254,-3.302,1.776));
#3338 = DIRECTION('',(4.440892098501E-16,-1.,0.));
#3339 = DIRECTION('',(0.,0.,1.));
#3340 = ORIENTED_EDGE('',*,*,#3341,.F.);
#3341 = EDGE_CURVE('',#2077,#3331,#3342,.T.);
#3342 = LINE('',#3343,#3344);
#3343 = CARTESIAN_POINT('',(3.937,-3.302,2.157));
#3344 = VECTOR('',#3345,1.);
#3345 = DIRECTION('',(-1.,-4.440892098501E-16,0.));
#3346 = ORIENTED_EDGE('',*,*,#2076,.T.);
#3347 = ORIENTED_EDGE('',*,*,#2030,.T.);
#3348 = ORIENTED_EDGE('',*,*,#3349,.F.);
#3349 = EDGE_CURVE('',#3350,#2023,#3352,.T.);
#3350 = VERTEX_POINT('',#3351);
#3351 = CARTESIAN_POINT('',(0.127,-3.302,1.776));
#3352 = CIRCLE('',#3353,0.127);
#3353 = AXIS2_PLACEMENT_3D('',#3354,#3355,#3356);
#3354 = CARTESIAN_POINT('',(0.254,-3.302,1.776));
#3355 = DIRECTION('',(-4.440892098501E-16,1.,0.));
#3356 = DIRECTION('',(0.,0.,-1.));
#3357 = ORIENTED_EDGE('',*,*,#3358,.F.);
#3358 = EDGE_CURVE('',#3359,#3350,#3361,.T.);
#3359 = VERTEX_POINT('',#3360);
#3360 = CARTESIAN_POINT('',(0.127,-3.302,0.));
#3361 = LINE('',#3362,#3363);
#3362 = CARTESIAN_POINT('',(0.127,-3.302,0.));
#3363 = VECTOR('',#3364,1.);
#3364 = DIRECTION('',(0.,0.,1.));
#3365 = ORIENTED_EDGE('',*,*,#3366,.F.);
#3366 = EDGE_CURVE('',#3367,#3359,#3369,.T.);
#3367 = VERTEX_POINT('',#3368);
#3368 = CARTESIAN_POINT('',(-0.127,-3.302,0.));
#3369 = LINE('',#3370,#3371);
#3370 = CARTESIAN_POINT('',(-0.127,-3.302,0.));
#3371 = VECTOR('',#3372,1.);
#3372 = DIRECTION('',(1.,4.440892098501E-16,0.));
#3373 = ORIENTED_EDGE('',*,*,#3374,.T.);
#3374 = EDGE_CURVE('',#3367,#3333,#3375,.T.);
#3375 = LINE('',#3376,#3377);
#3376 = CARTESIAN_POINT('',(-0.127,-3.302,0.));
#3377 = VECTOR('',#3378,1.);
#3378 = DIRECTION('',(0.,0.,1.));
#3379 = PLANE('',#3380);
#3380 = AXIS2_PLACEMENT_3D('',#3381,#3382,#3383);
#3381 = CARTESIAN_POINT('',(0.254,-3.302,2.157));
#3382 = DIRECTION('',(-4.440892098501E-16,1.,0.));
#3383 = DIRECTION('',(0.,0.,1.));
#3384 = ADVANCED_FACE('',(#3385),#3396,.F.);
#3385 = FACE_BOUND('',#3386,.F.);
#3386 = EDGE_LOOP('',(#3387,#3393,#3394,#3395));
#3387 = ORIENTED_EDGE('',*,*,#3388,.T.);
#3388 = EDGE_CURVE('',#3203,#3350,#3389,.T.);
#3389 = LINE('',#3390,#3391);
#3390 = CARTESIAN_POINT('',(0.127,-1.778,1.776));
#3391 = VECTOR('',#3392,1.);
#3392 = DIRECTION('',(4.440892098501E-16,-1.,0.));
#3393 = ORIENTED_EDGE('',*,*,#3349,.T.);
#3394 = ORIENTED_EDGE('',*,*,#2022,.F.);
#3395 = ORIENTED_EDGE('',*,*,#3202,.F.);
#3396 = CYLINDRICAL_SURFACE('',#3397,0.127);
#3397 = AXIS2_PLACEMENT_3D('',#3398,#3399,#3400);
#3398 = CARTESIAN_POINT('',(0.254,-1.778,1.776));
#3399 = DIRECTION('',(4.440892098501E-16,-1.,0.));
#3400 = DIRECTION('',(-1.,-4.440892098501E-16,0.));
#3401 = ADVANCED_FACE('',(#3402),#3454,.T.);
#3402 = FACE_BOUND('',#3403,.T.);
#3403 = EDGE_LOOP('',(#3404,#3415,#3421,#3422,#3423,#3432,#3440,#3448));
#3404 = ORIENTED_EDGE('',*,*,#3405,.F.);
#3405 = EDGE_CURVE('',#3406,#3408,#3410,.T.);
#3406 = VERTEX_POINT('',#3407);
#3407 = CARTESIAN_POINT('',(0.254,-4.318,2.157));
#3408 = VERTEX_POINT('',#3409);
#3409 = CARTESIAN_POINT('',(-0.127,-4.318,1.776));
#3410 = CIRCLE('',#3411,0.381);
#3411 = AXIS2_PLACEMENT_3D('',#3412,#3413,#3414);
#3412 = CARTESIAN_POINT('',(0.254,-4.318,1.776));
#3413 = DIRECTION('',(4.440892098501E-16,-1.,0.));
#3414 = DIRECTION('',(0.,0.,1.));
#3415 = ORIENTED_EDGE('',*,*,#3416,.T.);
#3416 = EDGE_CURVE('',#3406,#2086,#3417,.T.);
#3417 = LINE('',#3418,#3419);
#3418 = CARTESIAN_POINT('',(-1.110223024625E-15,-4.318,2.157));
#3419 = VECTOR('',#3420,1.);
#3420 = DIRECTION('',(1.,4.440892098501E-16,0.));
#3421 = ORIENTED_EDGE('',*,*,#2085,.T.);
#3422 = ORIENTED_EDGE('',*,*,#2045,.F.);
#3423 = ORIENTED_EDGE('',*,*,#3424,.F.);
#3424 = EDGE_CURVE('',#3425,#2046,#3427,.T.);
#3425 = VERTEX_POINT('',#3426);
#3426 = CARTESIAN_POINT('',(0.127,-4.318,1.776));
#3427 = CIRCLE('',#3428,0.127);
#3428 = AXIS2_PLACEMENT_3D('',#3429,#3430,#3431);
#3429 = CARTESIAN_POINT('',(0.254,-4.318,1.776));
#3430 = DIRECTION('',(-4.440892098501E-16,1.,0.));
#3431 = DIRECTION('',(0.,0.,-1.));
#3432 = ORIENTED_EDGE('',*,*,#3433,.T.);
#3433 = EDGE_CURVE('',#3425,#3434,#3436,.T.);
#3434 = VERTEX_POINT('',#3435);
#3435 = CARTESIAN_POINT('',(0.127,-4.318,0.));
#3436 = LINE('',#3437,#3438);
#3437 = CARTESIAN_POINT('',(0.127,-4.318,2.157));
#3438 = VECTOR('',#3439,1.);
#3439 = DIRECTION('',(-0.,0.,-1.));
#3440 = ORIENTED_EDGE('',*,*,#3441,.F.);
#3441 = EDGE_CURVE('',#3442,#3434,#3444,.T.);
#3442 = VERTEX_POINT('',#3443);
#3443 = CARTESIAN_POINT('',(-0.127,-4.318,0.));
#3444 = LINE('',#3445,#3446);
#3445 = CARTESIAN_POINT('',(-0.127,-4.318,0.));
#3446 = VECTOR('',#3447,1.);
#3447 = DIRECTION('',(1.,4.440892098501E-16,0.));
#3448 = ORIENTED_EDGE('',*,*,#3449,.F.);
#3449 = EDGE_CURVE('',#3408,#3442,#3450,.T.);
#3450 = LINE('',#3451,#3452);
#3451 = CARTESIAN_POINT('',(-0.127,-4.318,2.157));
#3452 = VECTOR('',#3453,1.);
#3453 = DIRECTION('',(-0.,0.,-1.));
#3454 = PLANE('',#3455);
#3455 = AXIS2_PLACEMENT_3D('',#3456,#3457,#3458);
#3456 = CARTESIAN_POINT('',(0.254,-4.318,2.157));
#3457 = DIRECTION('',(-4.440892098501E-16,1.,0.));
#3458 = DIRECTION('',(0.,0.,1.));
#3459 = ADVANCED_FACE('',(#3460),#3471,.F.);
#3460 = FACE_BOUND('',#3461,.F.);
#3461 = EDGE_LOOP('',(#3462,#3468,#3469,#3470));
#3462 = ORIENTED_EDGE('',*,*,#3463,.T.);
#3463 = EDGE_CURVE('',#3425,#3261,#3464,.T.);
#3464 = LINE('',#3465,#3466);
#3465 = CARTESIAN_POINT('',(0.127,-4.318,1.776));
#3466 = VECTOR('',#3467,1.);
#3467 = DIRECTION('',(4.440892098501E-16,-1.,0.));
#3468 = ORIENTED_EDGE('',*,*,#3260,.T.);
#3469 = ORIENTED_EDGE('',*,*,#2053,.F.);
#3470 = ORIENTED_EDGE('',*,*,#3424,.F.);
#3471 = CYLINDRICAL_SURFACE('',#3472,0.127);
#3472 = AXIS2_PLACEMENT_3D('',#3473,#3474,#3475);
#3473 = CARTESIAN_POINT('',(0.254,-4.318,1.776));
#3474 = DIRECTION('',(4.440892098501E-16,-1.,0.));
#3475 = DIRECTION('',(-1.,-4.440892098501E-16,0.));
#3476 = ADVANCED_FACE('',(#3477),#3502,.T.);
#3477 = FACE_BOUND('',#3478,.T.);
#3478 = EDGE_LOOP('',(#3479,#3487,#3488,#3496));
#3479 = ORIENTED_EDGE('',*,*,#3480,.T.);
#3480 = EDGE_CURVE('',#3481,#2077,#3483,.T.);
#3481 = VERTEX_POINT('',#3482);
#3482 = CARTESIAN_POINT('',(0.71,-3.302,2.157));
#3483 = LINE('',#3484,#3485);
#3484 = CARTESIAN_POINT('',(3.937,-3.302,2.157));
#3485 = VECTOR('',#3486,1.);
#3486 = DIRECTION('',(-1.,-4.440892098501E-16,0.));
#3487 = ORIENTED_EDGE('',*,*,#2093,.T.);
#3488 = ORIENTED_EDGE('',*,*,#3489,.T.);
#3489 = EDGE_CURVE('',#2086,#3490,#3492,.T.);
#3490 = VERTEX_POINT('',#3491);
#3491 = CARTESIAN_POINT('',(0.71,-4.318,2.157));
#3492 = LINE('',#3493,#3494);
#3493 = CARTESIAN_POINT('',(-1.110223024625E-15,-4.318,2.157));
#3494 = VECTOR('',#3495,1.);
#3495 = DIRECTION('',(1.,4.440892098501E-16,0.));
#3496 = ORIENTED_EDGE('',*,*,#3497,.F.);
#3497 = EDGE_CURVE('',#3481,#3490,#3498,.T.);
#3498 = LINE('',#3499,#3500);
#3499 = CARTESIAN_POINT('',(0.71,0.75,2.157));
#3500 = VECTOR('',#3501,1.);
#3501 = DIRECTION('',(4.440892098501E-16,-1.,0.));
#3502 = B_SPLINE_SURFACE_WITH_KNOTS('',1,1,(
    (#3503,#3504)
    ,(#3505,#3506
    )),.UNSPECIFIED.,.F.,.F.,.F.,(2,2),(2,2),(0.,9.27),(0.,1.),
  .PIECEWISE_BEZIER_KNOTS.);
#3503 = CARTESIAN_POINT('',(0.635,0.825,2.157));
#3504 = CARTESIAN_POINT('',(0.71,0.75,2.157));
#3505 = CARTESIAN_POINT('',(0.635,-8.445,2.157));
#3506 = CARTESIAN_POINT('',(0.71,-8.37,2.157));
#3507 = ADVANCED_FACE('',(#3508),#3519,.T.);
#3508 = FACE_BOUND('',#3509,.T.);
#3509 = EDGE_LOOP('',(#3510,#3511,#3512,#3518));
#3510 = ORIENTED_EDGE('',*,*,#2109,.T.);
#3511 = ORIENTED_EDGE('',*,*,#2124,.T.);
#3512 = ORIENTED_EDGE('',*,*,#3513,.F.);
#3513 = EDGE_CURVE('',#2982,#2125,#3514,.T.);
#3514 = LINE('',#3515,#3516);
#3515 = CARTESIAN_POINT('',(0.71,-8.37,2.157));
#3516 = VECTOR('',#3517,1.);
#3517 = DIRECTION('',(1.,4.440892098501E-16,0.));
#3518 = ORIENTED_EDGE('',*,*,#2981,.F.);
#3519 = B_SPLINE_SURFACE_WITH_KNOTS('',1,1,(
    (#3520,#3521)
    ,(#3522,#3523
    )),.UNSPECIFIED.,.F.,.F.,.F.,(2,2),(2,2),(0.,6.35),(0.,1.),
  .PIECEWISE_BEZIER_KNOTS.);
#3520 = CARTESIAN_POINT('',(0.635,-8.445,2.157));
#3521 = CARTESIAN_POINT('',(0.71,-8.37,2.157));
#3522 = CARTESIAN_POINT('',(6.985,-8.445,2.157));
#3523 = CARTESIAN_POINT('',(6.91,-8.37,2.157));
#3524 = ADVANCED_FACE('',(#3525),#3576,.T.);
#3525 = FACE_BOUND('',#3526,.T.);
#3526 = EDGE_LOOP('',(#3527,#3528,#3534,#3535,#3541,#3542,#3548,#3549,
    #3555,#3556,#3563,#3571));
#3527 = ORIENTED_EDGE('',*,*,#2140,.T.);
#3528 = ORIENTED_EDGE('',*,*,#3529,.T.);
#3529 = EDGE_CURVE('',#2133,#2451,#3530,.T.);
#3530 = LINE('',#3531,#3532);
#3531 = CARTESIAN_POINT('',(6.91,-8.37,2.157));
#3532 = VECTOR('',#3533,1.);
#3533 = DIRECTION('',(-4.440892098501E-16,1.,0.));
#3534 = ORIENTED_EDGE('',*,*,#2467,.T.);
#3535 = ORIENTED_EDGE('',*,*,#3536,.T.);
#3536 = EDGE_CURVE('',#2460,#2779,#3537,.T.);
#3537 = LINE('',#3538,#3539);
#3538 = CARTESIAN_POINT('',(6.91,-8.37,2.157));
#3539 = VECTOR('',#3540,1.);
#3540 = DIRECTION('',(-4.440892098501E-16,1.,0.));
#3541 = ORIENTED_EDGE('',*,*,#2795,.T.);
#3542 = ORIENTED_EDGE('',*,*,#3543,.T.);
#3543 = EDGE_CURVE('',#2788,#2598,#3544,.T.);
#3544 = LINE('',#3545,#3546);
#3545 = CARTESIAN_POINT('',(6.91,-8.37,2.157));
#3546 = VECTOR('',#3547,1.);
#3547 = DIRECTION('',(-4.440892098501E-16,1.,0.));
#3548 = ORIENTED_EDGE('',*,*,#2614,.T.);
#3549 = ORIENTED_EDGE('',*,*,#3550,.T.);
#3550 = EDGE_CURVE('',#2607,#2271,#3551,.T.);
#3551 = LINE('',#3552,#3553);
#3552 = CARTESIAN_POINT('',(6.91,-8.37,2.157));
#3553 = VECTOR('',#3554,1.);
#3554 = DIRECTION('',(-4.440892098501E-16,1.,0.));
#3555 = ORIENTED_EDGE('',*,*,#2286,.T.);
#3556 = ORIENTED_EDGE('',*,*,#3557,.T.);
#3557 = EDGE_CURVE('',#2280,#3558,#3560,.T.);
#3558 = VERTEX_POINT('',#3559);
#3559 = CARTESIAN_POINT('',(6.586276356577,0.426276356577,3.68));
#3560 = B_SPLINE_CURVE_WITH_KNOTS('',1,(#3561,#3562),.UNSPECIFIED.,.F.,
  .F.,(2,2),(0.,1.),.PIECEWISE_BEZIER_KNOTS.);
#3561 = CARTESIAN_POINT('',(6.91,0.75,2.157));
#3562 = CARTESIAN_POINT('',(6.586276356577,0.426276356577,3.68));
#3563 = ORIENTED_EDGE('',*,*,#3564,.F.);
#3564 = EDGE_CURVE('',#3565,#3558,#3567,.T.);
#3565 = VERTEX_POINT('',#3566);
#3566 = CARTESIAN_POINT('',(6.586276356577,-8.046276356577,3.68));
#3567 = LINE('',#3568,#3569);
#3568 = CARTESIAN_POINT('',(6.586276356577,-8.046276356577,3.68));
#3569 = VECTOR('',#3570,1.);
#3570 = DIRECTION('',(-4.440892098501E-16,1.,0.));
#3571 = ORIENTED_EDGE('',*,*,#3572,.F.);
#3572 = EDGE_CURVE('',#2125,#3565,#3573,.T.);
#3573 = B_SPLINE_CURVE_WITH_KNOTS('',1,(#3574,#3575),.UNSPECIFIED.,.F.,
  .F.,(2,2),(0.,1.),.PIECEWISE_BEZIER_KNOTS.);
#3574 = CARTESIAN_POINT('',(6.91,-8.37,2.157));
#3575 = CARTESIAN_POINT('',(6.586276356577,-8.046276356577,3.68));
#3576 = B_SPLINE_SURFACE_WITH_KNOTS('',1,1,(
    (#3577,#3578)
    ,(#3579,#3580
    )),.UNSPECIFIED.,.F.,.F.,.F.,(2,2),(2,2),(0.,9.12),(0.,1.),
  .PIECEWISE_BEZIER_KNOTS.);
#3577 = CARTESIAN_POINT('',(6.91,-8.37,2.157));
#3578 = CARTESIAN_POINT('',(6.586276356577,-8.046276356577,3.68));
#3579 = CARTESIAN_POINT('',(6.91,0.75,2.157));
#3580 = CARTESIAN_POINT('',(6.586276356577,0.426276356577,3.68));
#3581 = ADVANCED_FACE('',(#3582),#3595,.T.);
#3582 = FACE_BOUND('',#3583,.T.);
#3583 = EDGE_LOOP('',(#3584,#3585,#3586,#3587,#3593,#3594));
#3584 = ORIENTED_EDGE('',*,*,#3529,.F.);
#3585 = ORIENTED_EDGE('',*,*,#2132,.F.);
#3586 = ORIENTED_EDGE('',*,*,#2156,.F.);
#3587 = ORIENTED_EDGE('',*,*,#3588,.F.);
#3588 = EDGE_CURVE('',#2336,#2157,#3589,.T.);
#3589 = LINE('',#3590,#3591);
#3590 = CARTESIAN_POINT('',(7.366,-6.858,2.157));
#3591 = VECTOR('',#3592,1.);
#3592 = DIRECTION('',(3.216245299353E-16,-1.,0.));
#3593 = ORIENTED_EDGE('',*,*,#2344,.F.);
#3594 = ORIENTED_EDGE('',*,*,#2450,.F.);
#3595 = PLANE('',#3596);
#3596 = AXIS2_PLACEMENT_3D('',#3597,#3598,#3599);
#3597 = CARTESIAN_POINT('',(3.81,-7.8485,2.157));
#3598 = DIRECTION('',(0.,0.,1.));
#3599 = DIRECTION('',(-4.440892098501E-16,1.,0.));
#3600 = ADVANCED_FACE('',(#3601),#3644,.T.);
#3601 = FACE_BOUND('',#3602,.T.);
#3602 = EDGE_LOOP('',(#3603,#3604,#3605,#3606,#3614,#3622,#3630,#3638));
#3603 = ORIENTED_EDGE('',*,*,#2189,.F.);
#3604 = ORIENTED_EDGE('',*,*,#2358,.T.);
#3605 = ORIENTED_EDGE('',*,*,#2311,.F.);
#3606 = ORIENTED_EDGE('',*,*,#3607,.F.);
#3607 = EDGE_CURVE('',#3608,#2312,#3610,.T.);
#3608 = VERTEX_POINT('',#3609);
#3609 = CARTESIAN_POINT('',(7.493,-7.3915,0.));
#3610 = LINE('',#3611,#3612);
#3611 = CARTESIAN_POINT('',(7.493,-7.3915,0.));
#3612 = VECTOR('',#3613,1.);
#3613 = DIRECTION('',(-3.216245299353E-16,1.,0.));
#3614 = ORIENTED_EDGE('',*,*,#3615,.F.);
#3615 = EDGE_CURVE('',#3616,#3608,#3618,.T.);
#3616 = VERTEX_POINT('',#3617);
#3617 = CARTESIAN_POINT('',(7.493,-7.3915,-2.843));
#3618 = LINE('',#3619,#3620);
#3619 = CARTESIAN_POINT('',(7.493,-7.3915,-2.843));
#3620 = VECTOR('',#3621,1.);
#3621 = DIRECTION('',(0.,0.,1.));
#3622 = ORIENTED_EDGE('',*,*,#3623,.F.);
#3623 = EDGE_CURVE('',#3624,#3616,#3626,.T.);
#3624 = VERTEX_POINT('',#3625);
#3625 = CARTESIAN_POINT('',(7.493,-7.50575,-3.3));
#3626 = LINE('',#3627,#3628);
#3627 = CARTESIAN_POINT('',(7.493,-7.50575,-3.3));
#3628 = VECTOR('',#3629,1.);
#3629 = DIRECTION('',(-7.800540639491E-17,0.242535625036,0.970142500145)
  );
#3630 = ORIENTED_EDGE('',*,*,#3631,.F.);
#3631 = EDGE_CURVE('',#3632,#3624,#3634,.T.);
#3632 = VERTEX_POINT('',#3633);
#3633 = CARTESIAN_POINT('',(7.493,-7.73425,-3.3));
#3634 = LINE('',#3635,#3636);
#3635 = CARTESIAN_POINT('',(7.493,-7.73425,-3.3));
#3636 = VECTOR('',#3637,1.);
#3637 = DIRECTION('',(-3.216245299353E-16,1.,0.));
#3638 = ORIENTED_EDGE('',*,*,#3639,.F.);
#3639 = EDGE_CURVE('',#2182,#3632,#3640,.T.);
#3640 = LINE('',#3641,#3642);
#3641 = CARTESIAN_POINT('',(7.493,-7.8485,-2.843));
#3642 = VECTOR('',#3643,1.);
#3643 = DIRECTION('',(-7.800540639491E-17,0.242535625036,-0.970142500145
    ));
#3644 = PLANE('',#3645);
#3645 = AXIS2_PLACEMENT_3D('',#3646,#3647,#3648);
#3646 = CARTESIAN_POINT('',(7.493,-7.8485,2.157));
#3647 = DIRECTION('',(-1.,-3.216245299353E-16,0.));
#3648 = DIRECTION('',(-0.,0.,-1.));
#3649 = ADVANCED_FACE('',(#3650),#3668,.T.);
#3650 = FACE_BOUND('',#3651,.T.);
#3651 = EDGE_LOOP('',(#3652,#3653,#3654,#3662));
#3652 = ORIENTED_EDGE('',*,*,#2181,.T.);
#3653 = ORIENTED_EDGE('',*,*,#3639,.T.);
#3654 = ORIENTED_EDGE('',*,*,#3655,.F.);
#3655 = EDGE_CURVE('',#3656,#3632,#3658,.T.);
#3656 = VERTEX_POINT('',#3657);
#3657 = CARTESIAN_POINT('',(7.747,-7.73425,-3.3));
#3658 = LINE('',#3659,#3660);
#3659 = CARTESIAN_POINT('',(7.747,-7.73425,-3.3));
#3660 = VECTOR('',#3661,1.);
#3661 = DIRECTION('',(-1.,-3.216245299353E-16,0.));
#3662 = ORIENTED_EDGE('',*,*,#3663,.F.);
#3663 = EDGE_CURVE('',#2174,#3656,#3664,.T.);
#3664 = LINE('',#3665,#3666);
#3665 = CARTESIAN_POINT('',(7.747,-7.8485,-2.843));
#3666 = VECTOR('',#3667,1.);
#3667 = DIRECTION('',(-7.800540639491E-17,0.242535625036,-0.970142500145
    ));
#3668 = PLANE('',#3669);
#3669 = AXIS2_PLACEMENT_3D('',#3670,#3671,#3672);
#3670 = CARTESIAN_POINT('',(7.747,-7.8485,-2.843));
#3671 = DIRECTION('',(3.120216255796E-16,-0.970142500145,-0.242535625036
    ));
#3672 = DIRECTION('',(-7.800540639491E-17,0.242535625036,-0.970142500145
    ));
#3673 = ADVANCED_FACE('',(#3674),#3715,.F.);
#3674 = FACE_BOUND('',#3675,.F.);
#3675 = EDGE_LOOP('',(#3676,#3677,#3683,#3684,#3692,#3700,#3708,#3714));
#3676 = ORIENTED_EDGE('',*,*,#2173,.F.);
#3677 = ORIENTED_EDGE('',*,*,#3678,.F.);
#3678 = EDGE_CURVE('',#2328,#2165,#3679,.T.);
#3679 = LINE('',#3680,#3681);
#3680 = CARTESIAN_POINT('',(7.747,-6.858,1.776));
#3681 = VECTOR('',#3682,1.);
#3682 = DIRECTION('',(3.216245299353E-16,-1.,0.));
#3683 = ORIENTED_EDGE('',*,*,#2327,.F.);
#3684 = ORIENTED_EDGE('',*,*,#3685,.F.);
#3685 = EDGE_CURVE('',#3686,#2320,#3688,.T.);
#3686 = VERTEX_POINT('',#3687);
#3687 = CARTESIAN_POINT('',(7.747,-7.3915,0.));
#3688 = LINE('',#3689,#3690);
#3689 = CARTESIAN_POINT('',(7.747,-7.3915,0.));
#3690 = VECTOR('',#3691,1.);
#3691 = DIRECTION('',(-3.216245299353E-16,1.,0.));
#3692 = ORIENTED_EDGE('',*,*,#3693,.F.);
#3693 = EDGE_CURVE('',#3694,#3686,#3696,.T.);
#3694 = VERTEX_POINT('',#3695);
#3695 = CARTESIAN_POINT('',(7.747,-7.3915,-2.843));
#3696 = LINE('',#3697,#3698);
#3697 = CARTESIAN_POINT('',(7.747,-7.3915,-2.843));
#3698 = VECTOR('',#3699,1.);
#3699 = DIRECTION('',(0.,0.,1.));
#3700 = ORIENTED_EDGE('',*,*,#3701,.F.);
#3701 = EDGE_CURVE('',#3702,#3694,#3704,.T.);
#3702 = VERTEX_POINT('',#3703);
#3703 = CARTESIAN_POINT('',(7.747,-7.50575,-3.3));
#3704 = LINE('',#3705,#3706);
#3705 = CARTESIAN_POINT('',(7.747,-7.50575,-3.3));
#3706 = VECTOR('',#3707,1.);
#3707 = DIRECTION('',(-7.800540639491E-17,0.242535625036,0.970142500145)
  );
#3708 = ORIENTED_EDGE('',*,*,#3709,.F.);
#3709 = EDGE_CURVE('',#3656,#3702,#3710,.T.);
#3710 = LINE('',#3711,#3712);
#3711 = CARTESIAN_POINT('',(7.747,-7.73425,-3.3));
#3712 = VECTOR('',#3713,1.);
#3713 = DIRECTION('',(-3.216245299353E-16,1.,0.));
#3714 = ORIENTED_EDGE('',*,*,#3663,.F.);
#3715 = PLANE('',#3716);
#3716 = AXIS2_PLACEMENT_3D('',#3717,#3718,#3719);
#3717 = CARTESIAN_POINT('',(7.747,-7.8485,2.157));
#3718 = DIRECTION('',(-1.,-3.216245299353E-16,0.));
#3719 = DIRECTION('',(-0.,0.,-1.));
#3720 = ADVANCED_FACE('',(#3721),#3727,.T.);
#3721 = FACE_BOUND('',#3722,.T.);
#3722 = EDGE_LOOP('',(#3723,#3724,#3725,#3726));
#3723 = ORIENTED_EDGE('',*,*,#3588,.T.);
#3724 = ORIENTED_EDGE('',*,*,#2164,.T.);
#3725 = ORIENTED_EDGE('',*,*,#3678,.F.);
#3726 = ORIENTED_EDGE('',*,*,#2335,.F.);
#3727 = CYLINDRICAL_SURFACE('',#3728,0.381);
#3728 = AXIS2_PLACEMENT_3D('',#3729,#3730,#3731);
#3729 = CARTESIAN_POINT('',(7.366,-6.858,1.776));
#3730 = DIRECTION('',(3.216245299353E-16,-1.,0.));
#3731 = DIRECTION('',(0.,0.,1.));
#3732 = ADVANCED_FACE('',(#3733),#3746,.T.);
#3733 = FACE_BOUND('',#3734,.T.);
#3734 = EDGE_LOOP('',(#3735,#3736,#3737,#3738,#3744,#3745));
#3735 = ORIENTED_EDGE('',*,*,#3550,.F.);
#3736 = ORIENTED_EDGE('',*,*,#2606,.F.);
#3737 = ORIENTED_EDGE('',*,*,#2436,.F.);
#3738 = ORIENTED_EDGE('',*,*,#3739,.F.);
#3739 = EDGE_CURVE('',#2248,#2428,#3740,.T.);
#3740 = LINE('',#3741,#3742);
#3741 = CARTESIAN_POINT('',(7.366,0.2285,2.157));
#3742 = VECTOR('',#3743,1.);
#3743 = DIRECTION('',(3.216245299353E-16,-1.,0.));
#3744 = ORIENTED_EDGE('',*,*,#2256,.F.);
#3745 = ORIENTED_EDGE('',*,*,#2270,.F.);
#3746 = PLANE('',#3747);
#3747 = AXIS2_PLACEMENT_3D('',#3748,#3749,#3750);
#3748 = CARTESIAN_POINT('',(3.81,-0.762,2.157));
#3749 = DIRECTION('',(0.,0.,1.));
#3750 = DIRECTION('',(-4.440892098501E-16,1.,0.));
#3751 = ADVANCED_FACE('',(#3752),#3763,.T.);
#3752 = FACE_BOUND('',#3753,.T.);
#3753 = EDGE_LOOP('',(#3754,#3755,#3756,#3757));
#3754 = ORIENTED_EDGE('',*,*,#2247,.T.);
#3755 = ORIENTED_EDGE('',*,*,#3739,.T.);
#3756 = ORIENTED_EDGE('',*,*,#2427,.F.);
#3757 = ORIENTED_EDGE('',*,*,#3758,.F.);
#3758 = EDGE_CURVE('',#2240,#2420,#3759,.T.);
#3759 = LINE('',#3760,#3761);
#3760 = CARTESIAN_POINT('',(7.747,0.2285,1.776));
#3761 = VECTOR('',#3762,1.);
#3762 = DIRECTION('',(3.216245299353E-16,-1.,0.));
#3763 = CYLINDRICAL_SURFACE('',#3764,0.381);
#3764 = AXIS2_PLACEMENT_3D('',#3765,#3766,#3767);
#3765 = CARTESIAN_POINT('',(7.366,0.2285,1.776));
#3766 = DIRECTION('',(3.216245299353E-16,-1.,0.));
#3767 = DIRECTION('',(1.,3.216245299353E-16,0.));
#3768 = ADVANCED_FACE('',(#3769),#3812,.T.);
#3769 = FACE_BOUND('',#3770,.T.);
#3770 = EDGE_LOOP('',(#3771,#3772,#3773,#3774,#3782,#3790,#3798,#3806));
#3771 = ORIENTED_EDGE('',*,*,#2239,.F.);
#3772 = ORIENTED_EDGE('',*,*,#3758,.T.);
#3773 = ORIENTED_EDGE('',*,*,#2419,.F.);
#3774 = ORIENTED_EDGE('',*,*,#3775,.F.);
#3775 = EDGE_CURVE('',#3776,#2412,#3778,.T.);
#3776 = VERTEX_POINT('',#3777);
#3777 = CARTESIAN_POINT('',(7.747,-0.2285,0.));
#3778 = LINE('',#3779,#3780);
#3779 = CARTESIAN_POINT('',(7.747,-0.2285,0.));
#3780 = VECTOR('',#3781,1.);
#3781 = DIRECTION('',(3.216245299353E-16,-1.,0.));
#3782 = ORIENTED_EDGE('',*,*,#3783,.F.);
#3783 = EDGE_CURVE('',#3784,#3776,#3786,.T.);
#3784 = VERTEX_POINT('',#3785);
#3785 = CARTESIAN_POINT('',(7.747,-0.2285,-2.843));
#3786 = LINE('',#3787,#3788);
#3787 = CARTESIAN_POINT('',(7.747,-0.2285,-2.843));
#3788 = VECTOR('',#3789,1.);
#3789 = DIRECTION('',(0.,0.,1.));
#3790 = ORIENTED_EDGE('',*,*,#3791,.F.);
#3791 = EDGE_CURVE('',#3792,#3784,#3794,.T.);
#3792 = VERTEX_POINT('',#3793);
#3793 = CARTESIAN_POINT('',(7.747,-0.11425,-3.3));
#3794 = LINE('',#3795,#3796);
#3795 = CARTESIAN_POINT('',(7.747,-0.11425,-3.3));
#3796 = VECTOR('',#3797,1.);
#3797 = DIRECTION('',(7.800540639491E-17,-0.242535625036,0.970142500145)
  );
#3798 = ORIENTED_EDGE('',*,*,#3799,.F.);
#3799 = EDGE_CURVE('',#3800,#3792,#3802,.T.);
#3800 = VERTEX_POINT('',#3801);
#3801 = CARTESIAN_POINT('',(7.747,0.11425,-3.3));
#3802 = LINE('',#3803,#3804);
#3803 = CARTESIAN_POINT('',(7.747,0.11425,-3.3));
#3804 = VECTOR('',#3805,1.);
#3805 = DIRECTION('',(3.216245299353E-16,-1.,0.));
#3806 = ORIENTED_EDGE('',*,*,#3807,.F.);
#3807 = EDGE_CURVE('',#2232,#3800,#3808,.T.);
#3808 = LINE('',#3809,#3810);
#3809 = CARTESIAN_POINT('',(7.747,0.2285,-2.843));
#3810 = VECTOR('',#3811,1.);
#3811 = DIRECTION('',(7.800540639491E-17,-0.242535625036,-0.970142500145
    ));
#3812 = PLANE('',#3813);
#3813 = AXIS2_PLACEMENT_3D('',#3814,#3815,#3816);
#3814 = CARTESIAN_POINT('',(7.747,0.2285,2.157));
#3815 = DIRECTION('',(1.,3.216245299353E-16,0.));
#3816 = DIRECTION('',(0.,-0.,1.));
#3817 = ADVANCED_FACE('',(#3818),#3836,.F.);
#3818 = FACE_BOUND('',#3819,.F.);
#3819 = EDGE_LOOP('',(#3820,#3821,#3829,#3835));
#3820 = ORIENTED_EDGE('',*,*,#2231,.T.);
#3821 = ORIENTED_EDGE('',*,*,#3822,.T.);
#3822 = EDGE_CURVE('',#2224,#3823,#3825,.T.);
#3823 = VERTEX_POINT('',#3824);
#3824 = CARTESIAN_POINT('',(7.493,0.11425,-3.3));
#3825 = LINE('',#3826,#3827);
#3826 = CARTESIAN_POINT('',(7.493,0.2285,-2.843));
#3827 = VECTOR('',#3828,1.);
#3828 = DIRECTION('',(7.800540639491E-17,-0.242535625036,-0.970142500145
    ));
#3829 = ORIENTED_EDGE('',*,*,#3830,.F.);
#3830 = EDGE_CURVE('',#3800,#3823,#3831,.T.);
#3831 = LINE('',#3832,#3833);
#3832 = CARTESIAN_POINT('',(7.747,0.11425,-3.3));
#3833 = VECTOR('',#3834,1.);
#3834 = DIRECTION('',(-1.,-3.216245299353E-16,0.));
#3835 = ORIENTED_EDGE('',*,*,#3807,.F.);
#3836 = PLANE('',#3837);
#3837 = AXIS2_PLACEMENT_3D('',#3838,#3839,#3840);
#3838 = CARTESIAN_POINT('',(7.747,0.2285,-2.843));
#3839 = DIRECTION('',(3.120216255796E-16,-0.970142500145,0.242535625036)
  );
#3840 = DIRECTION('',(7.800540639491E-17,-0.242535625036,-0.970142500145
    ));
#3841 = ADVANCED_FACE('',(#3842),#3878,.F.);
#3842 = FACE_BOUND('',#3843,.F.);
#3843 = EDGE_LOOP('',(#3844,#3845,#3846,#3847,#3855,#3863,#3871,#3877));
#3844 = ORIENTED_EDGE('',*,*,#2223,.F.);
#3845 = ORIENTED_EDGE('',*,*,#2386,.T.);
#3846 = ORIENTED_EDGE('',*,*,#2403,.F.);
#3847 = ORIENTED_EDGE('',*,*,#3848,.F.);
#3848 = EDGE_CURVE('',#3849,#2404,#3851,.T.);
#3849 = VERTEX_POINT('',#3850);
#3850 = CARTESIAN_POINT('',(7.493,-0.2285,0.));
#3851 = LINE('',#3852,#3853);
#3852 = CARTESIAN_POINT('',(7.493,-0.2285,0.));
#3853 = VECTOR('',#3854,1.);
#3854 = DIRECTION('',(3.216245299353E-16,-1.,0.));
#3855 = ORIENTED_EDGE('',*,*,#3856,.F.);
#3856 = EDGE_CURVE('',#3857,#3849,#3859,.T.);
#3857 = VERTEX_POINT('',#3858);
#3858 = CARTESIAN_POINT('',(7.493,-0.2285,-2.843));
#3859 = LINE('',#3860,#3861);
#3860 = CARTESIAN_POINT('',(7.493,-0.2285,-2.843));
#3861 = VECTOR('',#3862,1.);
#3862 = DIRECTION('',(0.,0.,1.));
#3863 = ORIENTED_EDGE('',*,*,#3864,.F.);
#3864 = EDGE_CURVE('',#3865,#3857,#3867,.T.);
#3865 = VERTEX_POINT('',#3866);
#3866 = CARTESIAN_POINT('',(7.493,-0.11425,-3.3));
#3867 = LINE('',#3868,#3869);
#3868 = CARTESIAN_POINT('',(7.493,-0.11425,-3.3));
#3869 = VECTOR('',#3870,1.);
#3870 = DIRECTION('',(7.800540639491E-17,-0.242535625036,0.970142500145)
  );
#3871 = ORIENTED_EDGE('',*,*,#3872,.F.);
#3872 = EDGE_CURVE('',#3823,#3865,#3873,.T.);
#3873 = LINE('',#3874,#3875);
#3874 = CARTESIAN_POINT('',(7.493,0.11425,-3.3));
#3875 = VECTOR('',#3876,1.);
#3876 = DIRECTION('',(3.216245299353E-16,-1.,0.));
#3877 = ORIENTED_EDGE('',*,*,#3822,.F.);
#3878 = PLANE('',#3879);
#3879 = AXIS2_PLACEMENT_3D('',#3880,#3881,#3882);
#3880 = CARTESIAN_POINT('',(7.493,0.2285,2.157));
#3881 = DIRECTION('',(1.,3.216245299353E-16,0.));
#3882 = DIRECTION('',(0.,-0.,1.));
#3883 = ADVANCED_FACE('',(#3884),#3895,.T.);
#3884 = FACE_BOUND('',#3885,.T.);
#3885 = EDGE_LOOP('',(#3886,#3892,#3893,#3894));
#3886 = ORIENTED_EDGE('',*,*,#3887,.T.);
#3887 = EDGE_CURVE('',#3686,#3608,#3888,.T.);
#3888 = LINE('',#3889,#3890);
#3889 = CARTESIAN_POINT('',(7.747,-7.3915,0.));
#3890 = VECTOR('',#3891,1.);
#3891 = DIRECTION('',(-1.,-3.216245299353E-16,0.));
#3892 = ORIENTED_EDGE('',*,*,#3607,.T.);
#3893 = ORIENTED_EDGE('',*,*,#2319,.F.);
#3894 = ORIENTED_EDGE('',*,*,#3685,.F.);
#3895 = PLANE('',#3896);
#3896 = AXIS2_PLACEMENT_3D('',#3897,#3898,#3899);
#3897 = CARTESIAN_POINT('',(7.747,-7.3915,0.));
#3898 = DIRECTION('',(-0.,0.,-1.));
#3899 = DIRECTION('',(-3.216245299353E-16,1.,0.));
#3900 = ADVANCED_FACE('',(#3901),#3912,.F.);
#3901 = FACE_BOUND('',#3902,.F.);
#3902 = EDGE_LOOP('',(#3903,#3909,#3910,#3911));
#3903 = ORIENTED_EDGE('',*,*,#3904,.T.);
#3904 = EDGE_CURVE('',#3776,#3849,#3905,.T.);
#3905 = LINE('',#3906,#3907);
#3906 = CARTESIAN_POINT('',(7.747,-0.2285,0.));
#3907 = VECTOR('',#3908,1.);
#3908 = DIRECTION('',(-1.,-3.216245299353E-16,0.));
#3909 = ORIENTED_EDGE('',*,*,#3848,.T.);
#3910 = ORIENTED_EDGE('',*,*,#2411,.F.);
#3911 = ORIENTED_EDGE('',*,*,#3775,.F.);
#3912 = PLANE('',#3913);
#3913 = AXIS2_PLACEMENT_3D('',#3914,#3915,#3916);
#3914 = CARTESIAN_POINT('',(7.747,-0.2285,0.));
#3915 = DIRECTION('',(0.,0.,1.));
#3916 = DIRECTION('',(3.216245299353E-16,-1.,0.));
#3917 = ADVANCED_FACE('',(#3918),#3931,.T.);
#3918 = FACE_BOUND('',#3919,.T.);
#3919 = EDGE_LOOP('',(#3920,#3921,#3922,#3923,#3929,#3930));
#3920 = ORIENTED_EDGE('',*,*,#3536,.F.);
#3921 = ORIENTED_EDGE('',*,*,#2459,.F.);
#3922 = ORIENTED_EDGE('',*,*,#2483,.F.);
#3923 = ORIENTED_EDGE('',*,*,#3924,.F.);
#3924 = EDGE_CURVE('',#2631,#2484,#3925,.T.);
#3925 = LINE('',#3926,#3927);
#3926 = CARTESIAN_POINT('',(7.366,-4.318,2.157));
#3927 = VECTOR('',#3928,1.);
#3928 = DIRECTION('',(3.216245299353E-16,-1.,0.));
#3929 = ORIENTED_EDGE('',*,*,#2630,.F.);
#3930 = ORIENTED_EDGE('',*,*,#2778,.F.);
#3931 = PLANE('',#3932);
#3932 = AXIS2_PLACEMENT_3D('',#3933,#3934,#3935);
#3933 = CARTESIAN_POINT('',(3.683,-5.842,2.157));
#3934 = DIRECTION('',(0.,0.,1.));
#3935 = DIRECTION('',(-4.440892098501E-16,1.,0.));
#3936 = ADVANCED_FACE('',(#3937),#3996,.T.);
#3937 = FACE_BOUND('',#3938,.T.);
#3938 = EDGE_LOOP('',(#3939,#3940,#3941,#3942,#3950,#3958,#3966,#3974,
    #3982,#3990));
#3939 = ORIENTED_EDGE('',*,*,#2516,.F.);
#3940 = ORIENTED_EDGE('',*,*,#2686,.T.);
#3941 = ORIENTED_EDGE('',*,*,#2663,.F.);
#3942 = ORIENTED_EDGE('',*,*,#3943,.F.);
#3943 = EDGE_CURVE('',#3944,#2656,#3946,.T.);
#3944 = VERTEX_POINT('',#3945);
#3945 = CARTESIAN_POINT('',(7.493,-4.8515,0.));
#3946 = LINE('',#3947,#3948);
#3947 = CARTESIAN_POINT('',(7.493,-4.8515,0.));
#3948 = VECTOR('',#3949,1.);
#3949 = DIRECTION('',(-3.216245299353E-16,1.,0.));
#3950 = ORIENTED_EDGE('',*,*,#3951,.F.);
#3951 = EDGE_CURVE('',#3952,#3944,#3954,.T.);
#3952 = VERTEX_POINT('',#3953);
#3953 = CARTESIAN_POINT('',(7.493,-4.8515,-2.843));
#3954 = LINE('',#3955,#3956);
#3955 = CARTESIAN_POINT('',(7.493,-4.8515,-2.843));
#3956 = VECTOR('',#3957,1.);
#3957 = DIRECTION('',(0.,0.,1.));
#3958 = ORIENTED_EDGE('',*,*,#3959,.F.);
#3959 = EDGE_CURVE('',#3960,#3952,#3962,.T.);
#3960 = VERTEX_POINT('',#3961);
#3961 = CARTESIAN_POINT('',(7.493,-4.96575,-3.3));
#3962 = LINE('',#3963,#3964);
#3963 = CARTESIAN_POINT('',(7.493,-4.96575,-3.3));
#3964 = VECTOR('',#3965,1.);
#3965 = DIRECTION('',(-7.800540639491E-17,0.242535625036,0.970142500145)
  );
#3966 = ORIENTED_EDGE('',*,*,#3967,.F.);
#3967 = EDGE_CURVE('',#3968,#3960,#3970,.T.);
#3968 = VERTEX_POINT('',#3969);
#3969 = CARTESIAN_POINT('',(7.493,-5.19425,-3.3));
#3970 = LINE('',#3971,#3972);
#3971 = CARTESIAN_POINT('',(7.493,-5.19425,-3.3));
#3972 = VECTOR('',#3973,1.);
#3973 = DIRECTION('',(-3.216245299353E-16,1.,0.));
#3974 = ORIENTED_EDGE('',*,*,#3975,.F.);
#3975 = EDGE_CURVE('',#3976,#3968,#3978,.T.);
#3976 = VERTEX_POINT('',#3977);
#3977 = CARTESIAN_POINT('',(7.493,-5.3085,-2.843));
#3978 = LINE('',#3979,#3980);
#3979 = CARTESIAN_POINT('',(7.493,-5.3085,-2.843));
#3980 = VECTOR('',#3981,1.);
#3981 = DIRECTION('',(-7.800540639491E-17,0.242535625036,-0.970142500145
    ));
#3982 = ORIENTED_EDGE('',*,*,#3983,.F.);
#3983 = EDGE_CURVE('',#3984,#3976,#3986,.T.);
#3984 = VERTEX_POINT('',#3985);
#3985 = CARTESIAN_POINT('',(7.493,-5.3085,0.));
#3986 = LINE('',#3987,#3988);
#3987 = CARTESIAN_POINT('',(7.493,-5.3085,0.));
#3988 = VECTOR('',#3989,1.);
#3989 = DIRECTION('',(0.,0.,-1.));
#3990 = ORIENTED_EDGE('',*,*,#3991,.F.);
#3991 = EDGE_CURVE('',#2509,#3984,#3992,.T.);
#3992 = LINE('',#3993,#3994);
#3993 = CARTESIAN_POINT('',(7.493,-5.842,0.));
#3994 = VECTOR('',#3995,1.);
#3995 = DIRECTION('',(-3.216245299353E-16,1.,0.));
#3996 = PLANE('',#3997);
#3997 = AXIS2_PLACEMENT_3D('',#3998,#3999,#4000);
#3998 = CARTESIAN_POINT('',(7.493,-5.842,2.157));
#3999 = DIRECTION('',(-1.,-3.216245299353E-16,0.));
#4000 = DIRECTION('',(-0.,0.,-1.));
#4001 = ADVANCED_FACE('',(#4002),#4020,.T.);
#4002 = FACE_BOUND('',#4003,.T.);
#4003 = EDGE_LOOP('',(#4004,#4005,#4006,#4014));
#4004 = ORIENTED_EDGE('',*,*,#2508,.T.);
#4005 = ORIENTED_EDGE('',*,*,#3991,.T.);
#4006 = ORIENTED_EDGE('',*,*,#4007,.F.);
#4007 = EDGE_CURVE('',#4008,#3984,#4010,.T.);
#4008 = VERTEX_POINT('',#4009);
#4009 = CARTESIAN_POINT('',(7.747,-5.3085,0.));
#4010 = LINE('',#4011,#4012);
#4011 = CARTESIAN_POINT('',(7.747,-5.3085,0.));
#4012 = VECTOR('',#4013,1.);
#4013 = DIRECTION('',(-1.,-3.216245299353E-16,0.));
#4014 = ORIENTED_EDGE('',*,*,#4015,.F.);
#4015 = EDGE_CURVE('',#2501,#4008,#4016,.T.);
#4016 = LINE('',#4017,#4018);
#4017 = CARTESIAN_POINT('',(7.747,-5.842,0.));
#4018 = VECTOR('',#4019,1.);
#4019 = DIRECTION('',(-3.216245299353E-16,1.,0.));
#4020 = PLANE('',#4021);
#4021 = AXIS2_PLACEMENT_3D('',#4022,#4023,#4024);
#4022 = CARTESIAN_POINT('',(7.747,-5.842,0.));
#4023 = DIRECTION('',(-0.,0.,-1.));
#4024 = DIRECTION('',(-3.216245299353E-16,1.,0.));
#4025 = ADVANCED_FACE('',(#4026),#4083,.F.);
#4026 = FACE_BOUND('',#4027,.F.);
#4027 = EDGE_LOOP('',(#4028,#4029,#4035,#4036,#4044,#4052,#4060,#4068,
    #4076,#4082));
#4028 = ORIENTED_EDGE('',*,*,#2500,.F.);
#4029 = ORIENTED_EDGE('',*,*,#4030,.F.);
#4030 = EDGE_CURVE('',#2639,#2492,#4031,.T.);
#4031 = LINE('',#4032,#4033);
#4032 = CARTESIAN_POINT('',(7.747,-4.318,1.776));
#4033 = VECTOR('',#4034,1.);
#4034 = DIRECTION('',(3.216245299353E-16,-1.,0.));
#4035 = ORIENTED_EDGE('',*,*,#2647,.F.);
#4036 = ORIENTED_EDGE('',*,*,#4037,.F.);
#4037 = EDGE_CURVE('',#4038,#2648,#4040,.T.);
#4038 = VERTEX_POINT('',#4039);
#4039 = CARTESIAN_POINT('',(7.747,-4.8515,0.));
#4040 = LINE('',#4041,#4042);
#4041 = CARTESIAN_POINT('',(7.747,-4.8515,0.));
#4042 = VECTOR('',#4043,1.);
#4043 = DIRECTION('',(-3.216245299353E-16,1.,0.));
#4044 = ORIENTED_EDGE('',*,*,#4045,.F.);
#4045 = EDGE_CURVE('',#4046,#4038,#4048,.T.);
#4046 = VERTEX_POINT('',#4047);
#4047 = CARTESIAN_POINT('',(7.747,-4.8515,-2.843));
#4048 = LINE('',#4049,#4050);
#4049 = CARTESIAN_POINT('',(7.747,-4.8515,-2.843));
#4050 = VECTOR('',#4051,1.);
#4051 = DIRECTION('',(0.,0.,1.));
#4052 = ORIENTED_EDGE('',*,*,#4053,.F.);
#4053 = EDGE_CURVE('',#4054,#4046,#4056,.T.);
#4054 = VERTEX_POINT('',#4055);
#4055 = CARTESIAN_POINT('',(7.747,-4.96575,-3.3));
#4056 = LINE('',#4057,#4058);
#4057 = CARTESIAN_POINT('',(7.747,-4.96575,-3.3));
#4058 = VECTOR('',#4059,1.);
#4059 = DIRECTION('',(-7.800540639491E-17,0.242535625036,0.970142500145)
  );
#4060 = ORIENTED_EDGE('',*,*,#4061,.F.);
#4061 = EDGE_CURVE('',#4062,#4054,#4064,.T.);
#4062 = VERTEX_POINT('',#4063);
#4063 = CARTESIAN_POINT('',(7.747,-5.19425,-3.3));
#4064 = LINE('',#4065,#4066);
#4065 = CARTESIAN_POINT('',(7.747,-5.19425,-3.3));
#4066 = VECTOR('',#4067,1.);
#4067 = DIRECTION('',(-3.216245299353E-16,1.,0.));
#4068 = ORIENTED_EDGE('',*,*,#4069,.F.);
#4069 = EDGE_CURVE('',#4070,#4062,#4072,.T.);
#4070 = VERTEX_POINT('',#4071);
#4071 = CARTESIAN_POINT('',(7.747,-5.3085,-2.843));
#4072 = LINE('',#4073,#4074);
#4073 = CARTESIAN_POINT('',(7.747,-5.3085,-2.843));
#4074 = VECTOR('',#4075,1.);
#4075 = DIRECTION('',(-7.800540639491E-17,0.242535625036,-0.970142500145
    ));
#4076 = ORIENTED_EDGE('',*,*,#4077,.F.);
#4077 = EDGE_CURVE('',#4008,#4070,#4078,.T.);
#4078 = LINE('',#4079,#4080);
#4079 = CARTESIAN_POINT('',(7.747,-5.3085,0.));
#4080 = VECTOR('',#4081,1.);
#4081 = DIRECTION('',(0.,0.,-1.));
#4082 = ORIENTED_EDGE('',*,*,#4015,.F.);
#4083 = PLANE('',#4084);
#4084 = AXIS2_PLACEMENT_3D('',#4085,#4086,#4087);
#4085 = CARTESIAN_POINT('',(7.747,-5.842,2.157));
#4086 = DIRECTION('',(-1.,-3.216245299353E-16,0.));
#4087 = DIRECTION('',(-0.,0.,-1.));
#4088 = ADVANCED_FACE('',(#4089),#4095,.T.);
#4089 = FACE_BOUND('',#4090,.T.);
#4090 = EDGE_LOOP('',(#4091,#4092,#4093,#4094));
#4091 = ORIENTED_EDGE('',*,*,#3924,.T.);
#4092 = ORIENTED_EDGE('',*,*,#2491,.T.);
#4093 = ORIENTED_EDGE('',*,*,#4030,.F.);
#4094 = ORIENTED_EDGE('',*,*,#2638,.F.);
#4095 = CYLINDRICAL_SURFACE('',#4096,0.381);
#4096 = AXIS2_PLACEMENT_3D('',#4097,#4098,#4099);
#4097 = CARTESIAN_POINT('',(7.366,-4.318,1.776));
#4098 = DIRECTION('',(3.216245299353E-16,-1.,0.));
#4099 = DIRECTION('',(0.,0.,1.));
#4100 = ADVANCED_FACE('',(#4101),#4160,.T.);
#4101 = FACE_BOUND('',#4102,.T.);
#4102 = EDGE_LOOP('',(#4103,#4104,#4105,#4106,#4114,#4122,#4130,#4138,
    #4146,#4154));
#4103 = ORIENTED_EDGE('',*,*,#2763,.F.);
#4104 = ORIENTED_EDGE('',*,*,#2703,.T.);
#4105 = ORIENTED_EDGE('',*,*,#2574,.F.);
#4106 = ORIENTED_EDGE('',*,*,#4107,.F.);
#4107 = EDGE_CURVE('',#4108,#2567,#4110,.T.);
#4108 = VERTEX_POINT('',#4109);
#4109 = CARTESIAN_POINT('',(7.493,-2.3115,0.));
#4110 = LINE('',#4111,#4112);
#4111 = CARTESIAN_POINT('',(7.493,-2.3115,0.));
#4112 = VECTOR('',#4113,1.);
#4113 = DIRECTION('',(-3.216245299353E-16,1.,0.));
#4114 = ORIENTED_EDGE('',*,*,#4115,.F.);
#4115 = EDGE_CURVE('',#4116,#4108,#4118,.T.);
#4116 = VERTEX_POINT('',#4117);
#4117 = CARTESIAN_POINT('',(7.493,-2.3115,-2.843));
#4118 = LINE('',#4119,#4120);
#4119 = CARTESIAN_POINT('',(7.493,-2.3115,-2.843));
#4120 = VECTOR('',#4121,1.);
#4121 = DIRECTION('',(0.,0.,1.));
#4122 = ORIENTED_EDGE('',*,*,#4123,.F.);
#4123 = EDGE_CURVE('',#4124,#4116,#4126,.T.);
#4124 = VERTEX_POINT('',#4125);
#4125 = CARTESIAN_POINT('',(7.493,-2.42575,-3.3));
#4126 = LINE('',#4127,#4128);
#4127 = CARTESIAN_POINT('',(7.493,-2.42575,-3.3));
#4128 = VECTOR('',#4129,1.);
#4129 = DIRECTION('',(-7.800540639491E-17,0.242535625036,0.970142500145)
  );
#4130 = ORIENTED_EDGE('',*,*,#4131,.F.);
#4131 = EDGE_CURVE('',#4132,#4124,#4134,.T.);
#4132 = VERTEX_POINT('',#4133);
#4133 = CARTESIAN_POINT('',(7.493,-2.65425,-3.3));
#4134 = LINE('',#4135,#4136);
#4135 = CARTESIAN_POINT('',(7.493,-2.65425,-3.3));
#4136 = VECTOR('',#4137,1.);
#4137 = DIRECTION('',(-3.216245299353E-16,1.,0.));
#4138 = ORIENTED_EDGE('',*,*,#4139,.F.);
#4139 = EDGE_CURVE('',#4140,#4132,#4142,.T.);
#4140 = VERTEX_POINT('',#4141);
#4141 = CARTESIAN_POINT('',(7.493,-2.7685,-2.843));
#4142 = LINE('',#4143,#4144);
#4143 = CARTESIAN_POINT('',(7.493,-2.7685,-2.843));
#4144 = VECTOR('',#4145,1.);
#4145 = DIRECTION('',(-7.800540639491E-17,0.242535625036,-0.970142500145
    ));
#4146 = ORIENTED_EDGE('',*,*,#4147,.F.);
#4147 = EDGE_CURVE('',#4148,#4140,#4150,.T.);
#4148 = VERTEX_POINT('',#4149);
#4149 = CARTESIAN_POINT('',(7.493,-2.7685,0.));
#4150 = LINE('',#4151,#4152);
#4151 = CARTESIAN_POINT('',(7.493,-2.7685,0.));
#4152 = VECTOR('',#4153,1.);
#4153 = DIRECTION('',(0.,0.,-1.));
#4154 = ORIENTED_EDGE('',*,*,#4155,.F.);
#4155 = EDGE_CURVE('',#2756,#4148,#4156,.T.);
#4156 = LINE('',#4157,#4158);
#4157 = CARTESIAN_POINT('',(7.493,-3.302,0.));
#4158 = VECTOR('',#4159,1.);
#4159 = DIRECTION('',(-3.216245299353E-16,1.,0.));
#4160 = PLANE('',#4161);
#4161 = AXIS2_PLACEMENT_3D('',#4162,#4163,#4164);
#4162 = CARTESIAN_POINT('',(7.493,-3.302,2.157));
#4163 = DIRECTION('',(-1.,-3.216245299353E-16,0.));
#4164 = DIRECTION('',(-0.,0.,-1.));
#4165 = ADVANCED_FACE('',(#4166),#4184,.T.);
#4166 = FACE_BOUND('',#4167,.T.);
#4167 = EDGE_LOOP('',(#4168,#4176,#4177,#4178));
#4168 = ORIENTED_EDGE('',*,*,#4169,.T.);
#4169 = EDGE_CURVE('',#4170,#4108,#4172,.T.);
#4170 = VERTEX_POINT('',#4171);
#4171 = CARTESIAN_POINT('',(7.747,-2.3115,0.));
#4172 = LINE('',#4173,#4174);
#4173 = CARTESIAN_POINT('',(7.747,-2.3115,0.));
#4174 = VECTOR('',#4175,1.);
#4175 = DIRECTION('',(-1.,-3.216245299353E-16,0.));
#4176 = ORIENTED_EDGE('',*,*,#4107,.T.);
#4177 = ORIENTED_EDGE('',*,*,#2566,.F.);
#4178 = ORIENTED_EDGE('',*,*,#4179,.F.);
#4179 = EDGE_CURVE('',#4170,#2559,#4180,.T.);
#4180 = LINE('',#4181,#4182);
#4181 = CARTESIAN_POINT('',(7.747,-2.3115,0.));
#4182 = VECTOR('',#4183,1.);
#4183 = DIRECTION('',(-3.216245299353E-16,1.,0.));
#4184 = PLANE('',#4185);
#4185 = AXIS2_PLACEMENT_3D('',#4186,#4187,#4188);
#4186 = CARTESIAN_POINT('',(7.747,-2.3115,0.));
#4187 = DIRECTION('',(-0.,0.,-1.));
#4188 = DIRECTION('',(-3.216245299353E-16,1.,0.));
#4189 = ADVANCED_FACE('',(#4190),#4247,.F.);
#4190 = FACE_BOUND('',#4191,.F.);
#4191 = EDGE_LOOP('',(#4192,#4193,#4199,#4200,#4201,#4209,#4217,#4225,
    #4233,#4241));
#4192 = ORIENTED_EDGE('',*,*,#2747,.F.);
#4193 = ORIENTED_EDGE('',*,*,#4194,.F.);
#4194 = EDGE_CURVE('',#2550,#2739,#4195,.T.);
#4195 = LINE('',#4196,#4197);
#4196 = CARTESIAN_POINT('',(7.747,-1.778,1.776));
#4197 = VECTOR('',#4198,1.);
#4198 = DIRECTION('',(3.216245299353E-16,-1.,0.));
#4199 = ORIENTED_EDGE('',*,*,#2558,.F.);
#4200 = ORIENTED_EDGE('',*,*,#4179,.F.);
#4201 = ORIENTED_EDGE('',*,*,#4202,.F.);
#4202 = EDGE_CURVE('',#4203,#4170,#4205,.T.);
#4203 = VERTEX_POINT('',#4204);
#4204 = CARTESIAN_POINT('',(7.747,-2.3115,-2.843));
#4205 = LINE('',#4206,#4207);
#4206 = CARTESIAN_POINT('',(7.747,-2.3115,-2.843));
#4207 = VECTOR('',#4208,1.);
#4208 = DIRECTION('',(0.,0.,1.));
#4209 = ORIENTED_EDGE('',*,*,#4210,.F.);
#4210 = EDGE_CURVE('',#4211,#4203,#4213,.T.);
#4211 = VERTEX_POINT('',#4212);
#4212 = CARTESIAN_POINT('',(7.747,-2.42575,-3.3));
#4213 = LINE('',#4214,#4215);
#4214 = CARTESIAN_POINT('',(7.747,-2.42575,-3.3));
#4215 = VECTOR('',#4216,1.);
#4216 = DIRECTION('',(-7.800540639491E-17,0.242535625036,0.970142500145)
  );
#4217 = ORIENTED_EDGE('',*,*,#4218,.F.);
#4218 = EDGE_CURVE('',#4219,#4211,#4221,.T.);
#4219 = VERTEX_POINT('',#4220);
#4220 = CARTESIAN_POINT('',(7.747,-2.65425,-3.3));
#4221 = LINE('',#4222,#4223);
#4222 = CARTESIAN_POINT('',(7.747,-2.65425,-3.3));
#4223 = VECTOR('',#4224,1.);
#4224 = DIRECTION('',(-3.216245299353E-16,1.,0.));
#4225 = ORIENTED_EDGE('',*,*,#4226,.F.);
#4226 = EDGE_CURVE('',#4227,#4219,#4229,.T.);
#4227 = VERTEX_POINT('',#4228);
#4228 = CARTESIAN_POINT('',(7.747,-2.7685,-2.843));
#4229 = LINE('',#4230,#4231);
#4230 = CARTESIAN_POINT('',(7.747,-2.7685,-2.843));
#4231 = VECTOR('',#4232,1.);
#4232 = DIRECTION('',(-7.800540639491E-17,0.242535625036,-0.970142500145
    ));
#4233 = ORIENTED_EDGE('',*,*,#4234,.F.);
#4234 = EDGE_CURVE('',#4235,#4227,#4237,.T.);
#4235 = VERTEX_POINT('',#4236);
#4236 = CARTESIAN_POINT('',(7.747,-2.7685,0.));
#4237 = LINE('',#4238,#4239);
#4238 = CARTESIAN_POINT('',(7.747,-2.7685,0.));
#4239 = VECTOR('',#4240,1.);
#4240 = DIRECTION('',(0.,0.,-1.));
#4241 = ORIENTED_EDGE('',*,*,#4242,.F.);
#4242 = EDGE_CURVE('',#2748,#4235,#4243,.T.);
#4243 = LINE('',#4244,#4245);
#4244 = CARTESIAN_POINT('',(7.747,-3.302,0.));
#4245 = VECTOR('',#4246,1.);
#4246 = DIRECTION('',(-3.216245299353E-16,1.,0.));
#4247 = PLANE('',#4248);
#4248 = AXIS2_PLACEMENT_3D('',#4249,#4250,#4251);
#4249 = CARTESIAN_POINT('',(7.747,-3.302,2.157));
#4250 = DIRECTION('',(-1.,-3.216245299353E-16,0.));
#4251 = DIRECTION('',(-0.,0.,-1.));
#4252 = ADVANCED_FACE('',(#4253),#4264,.T.);
#4253 = FACE_BOUND('',#4254,.T.);
#4254 = EDGE_LOOP('',(#4255,#4261,#4262,#4263));
#4255 = ORIENTED_EDGE('',*,*,#4256,.T.);
#4256 = EDGE_CURVE('',#2542,#2731,#4257,.T.);
#4257 = LINE('',#4258,#4259);
#4258 = CARTESIAN_POINT('',(7.366,-1.778,2.157));
#4259 = VECTOR('',#4260,1.);
#4260 = DIRECTION('',(3.216245299353E-16,-1.,0.));
#4261 = ORIENTED_EDGE('',*,*,#2738,.T.);
#4262 = ORIENTED_EDGE('',*,*,#4194,.F.);
#4263 = ORIENTED_EDGE('',*,*,#2549,.F.);
#4264 = CYLINDRICAL_SURFACE('',#4265,0.381);
#4265 = AXIS2_PLACEMENT_3D('',#4266,#4267,#4268);
#4266 = CARTESIAN_POINT('',(7.366,-1.778,1.776));
#4267 = DIRECTION('',(3.216245299353E-16,-1.,0.));
#4268 = DIRECTION('',(0.,0.,1.));
#4269 = ADVANCED_FACE('',(#4270),#4278,.T.);
#4270 = FACE_BOUND('',#4271,.T.);
#4271 = EDGE_LOOP('',(#4272,#4273,#4274,#4275,#4276,#4277));
#4272 = ORIENTED_EDGE('',*,*,#3543,.F.);
#4273 = ORIENTED_EDGE('',*,*,#2787,.F.);
#4274 = ORIENTED_EDGE('',*,*,#2730,.F.);
#4275 = ORIENTED_EDGE('',*,*,#4256,.F.);
#4276 = ORIENTED_EDGE('',*,*,#2541,.F.);
#4277 = ORIENTED_EDGE('',*,*,#2597,.F.);
#4278 = PLANE('',#4279);
#4279 = AXIS2_PLACEMENT_3D('',#4280,#4281,#4282);
#4280 = CARTESIAN_POINT('',(3.683,-3.302,2.157));
#4281 = DIRECTION('',(0.,0.,1.));
#4282 = DIRECTION('',(-4.440892098501E-16,1.,0.));
#4283 = ADVANCED_FACE('',(#4284),#4295,.T.);
#4284 = FACE_BOUND('',#4285,.T.);
#4285 = EDGE_LOOP('',(#4286,#4292,#4293,#4294));
#4286 = ORIENTED_EDGE('',*,*,#4287,.T.);
#4287 = EDGE_CURVE('',#4038,#3944,#4288,.T.);
#4288 = LINE('',#4289,#4290);
#4289 = CARTESIAN_POINT('',(7.747,-4.8515,0.));
#4290 = VECTOR('',#4291,1.);
#4291 = DIRECTION('',(-1.,-3.216245299353E-16,0.));
#4292 = ORIENTED_EDGE('',*,*,#3943,.T.);
#4293 = ORIENTED_EDGE('',*,*,#2655,.F.);
#4294 = ORIENTED_EDGE('',*,*,#4037,.F.);
#4295 = PLANE('',#4296);
#4296 = AXIS2_PLACEMENT_3D('',#4297,#4298,#4299);
#4297 = CARTESIAN_POINT('',(7.747,-4.8515,0.));
#4298 = DIRECTION('',(-0.,0.,-1.));
#4299 = DIRECTION('',(-3.216245299353E-16,1.,0.));
#4300 = ADVANCED_FACE('',(#4301),#4312,.T.);
#4301 = FACE_BOUND('',#4302,.T.);
#4302 = EDGE_LOOP('',(#4303,#4304,#4305,#4311));
#4303 = ORIENTED_EDGE('',*,*,#2755,.T.);
#4304 = ORIENTED_EDGE('',*,*,#4155,.T.);
#4305 = ORIENTED_EDGE('',*,*,#4306,.F.);
#4306 = EDGE_CURVE('',#4235,#4148,#4307,.T.);
#4307 = LINE('',#4308,#4309);
#4308 = CARTESIAN_POINT('',(7.747,-2.7685,0.));
#4309 = VECTOR('',#4310,1.);
#4310 = DIRECTION('',(-1.,-3.216245299353E-16,0.));
#4311 = ORIENTED_EDGE('',*,*,#4242,.F.);
#4312 = PLANE('',#4313);
#4313 = AXIS2_PLACEMENT_3D('',#4314,#4315,#4316);
#4314 = CARTESIAN_POINT('',(7.747,-3.302,0.));
#4315 = DIRECTION('',(-0.,0.,-1.));
#4316 = DIRECTION('',(-3.216245299353E-16,1.,0.));
#4317 = ADVANCED_FACE('',(#4318),#4661,.T.);
#4318 = FACE_BOUND('',#4319,.T.);
#4319 = EDGE_LOOP('',(#4320,#4321,#4322,#4329,#4337,#4443,#4549,#4655));
#4320 = ORIENTED_EDGE('',*,*,#3557,.F.);
#4321 = ORIENTED_EDGE('',*,*,#2817,.T.);
#4322 = ORIENTED_EDGE('',*,*,#4323,.T.);
#4323 = EDGE_CURVE('',#2811,#4324,#4326,.T.);
#4324 = VERTEX_POINT('',#4325);
#4325 = CARTESIAN_POINT('',(1.033723643423,0.426276356577,3.68));
#4326 = B_SPLINE_CURVE_WITH_KNOTS('',1,(#4327,#4328),.UNSPECIFIED.,.F.,
  .F.,(2,2),(0.,1.),.PIECEWISE_BEZIER_KNOTS.);
#4327 = CARTESIAN_POINT('',(0.71,0.75,2.157));
#4328 = CARTESIAN_POINT('',(1.033723643423,0.426276356577,3.68));
#4329 = ORIENTED_EDGE('',*,*,#4330,.F.);
#4330 = EDGE_CURVE('',#4331,#4324,#4333,.T.);
#4331 = VERTEX_POINT('',#4332);
#4332 = CARTESIAN_POINT('',(3.06375942217,0.426276356577,3.68));
#4333 = LINE('',#4334,#4335);
#4334 = CARTESIAN_POINT('',(6.586276356577,0.426276356577,3.68));
#4335 = VECTOR('',#4336,1.);
#4336 = DIRECTION('',(-1.,-4.440892098501E-16,0.));
#4337 = ORIENTED_EDGE('',*,*,#4338,.F.);
#4338 = EDGE_CURVE('',#4339,#4331,#4341,.T.);
#4339 = VERTEX_POINT('',#4340);
#4340 = CARTESIAN_POINT('',(3.060652504409,0.532554637412,3.18));
#4341 = B_SPLINE_CURVE_WITH_KNOTS('',4,(#4342,#4343,#4344,#4345,#4346,
    #4347,#4348,#4349,#4350,#4351,#4352,#4353,#4354,#4355,#4356,#4357,
    #4358,#4359,#4360,#4361,#4362,#4363,#4364,#4365,#4366,#4367,#4368,
    #4369,#4370,#4371,#4372,#4373,#4374,#4375,#4376,#4377,#4378,#4379,
    #4380,#4381,#4382,#4383,#4384,#4385,#4386,#4387,#4388,#4389,#4390,
    #4391,#4392,#4393,#4394,#4395,#4396,#4397,#4398,#4399,#4400,#4401,
    #4402,#4403,#4404,#4405,#4406,#4407,#4408,#4409,#4410,#4411,#4412,
    #4413,#4414,#4415,#4416,#4417,#4418,#4419,#4420,#4421,#4422,#4423,
    #4424,#4425,#4426,#4427,#4428,#4429,#4430,#4431,#4432,#4433,#4434,
    #4435,#4436,#4437,#4438,#4439,#4440,#4441,#4442),.UNSPECIFIED.,.F.,
  .F.,(5,3,3,3,3,3,3,3,3,3,3,3,3,3,3,3,3,3,3,3,3,3,3,3,3,3,3,3,3,3,3,3,3
    ,5),(0.,3.832661857541E-02,7.588616027402E-02,0.112697851853,
    0.148780767068,0.184153940431,0.218836486671,0.252847727222,
    0.286207325059,0.318935429062,0.351052828922,0.382581121221,
    0.413542886787,0.443961878574,0.47386321812,0.503273596996,
    0.532221477517,0.560737284348,0.588853575632,0.616605179129,
    0.644029276191,0.671165414825,0.69805543375,0.723856466375,
    0.750392376563,0.776817491054,0.80317991565,0.829528157021,
    0.855910545381,0.882374672274,0.908966882882,0.935731854039,
    0.962712277262,1.),.UNSPECIFIED.);
#4342 = CARTESIAN_POINT('',(3.102443253723,0.75,2.157));
#4343 = CARTESIAN_POINT('',(3.10159836505,0.747596502417,2.168307567096)
  );
#4344 = CARTESIAN_POINT('',(3.100760043871,0.745176893235,2.179690933308
    ));
#4345 = CARTESIAN_POINT('',(3.099928470497,0.742740885558,2.191151448372
    ));
#4346 = CARTESIAN_POINT('',(3.098295716868,0.737884563992,2.213998645033
    ));
#4347 = CARTESIAN_POINT('',(3.097494261506,0.735464911842,2.225382213394
    ));
#4348 = CARTESIAN_POINT('',(3.096699660478,0.733028942322,2.236842548942
    ));
#4349 = CARTESIAN_POINT('',(3.095140251405,0.728172618361,2.259689756871
    ));
#4350 = CARTESIAN_POINT('',(3.094375165256,0.725752918822,2.271073548177
    ));
#4351 = CARTESIAN_POINT('',(3.093617046982,0.72331699024,2.282533691129)
  );
#4352 = CARTESIAN_POINT('',(3.092130026932,0.718460661398,2.305380922018
    ));
#4353 = CARTESIAN_POINT('',(3.091400843964,0.716040908555,2.316764964101
    ));
#4354 = CARTESIAN_POINT('',(3.090678749632,0.71360502492,2.328224895597)
  );
#4355 = CARTESIAN_POINT('',(3.089263222812,0.708748688464,2.351072162308
    ));
#4356 = CARTESIAN_POINT('',(3.088569506013,0.706328874704,2.362456490983
    ));
#4357 = CARTESIAN_POINT('',(3.087883006017,0.703893041415,2.373916185615
    ));
#4358 = CARTESIAN_POINT('',(3.08653813337,0.699036694321,2.396763502377)
  );
#4359 = CARTESIAN_POINT('',(3.085879473324,0.696616810106,2.408148162516
    ));
#4360 = CARTESIAN_POINT('',(3.085228165819,0.694181034144,2.419607587444
    ));
#4361 = CARTESIAN_POINT('',(3.083953162281,0.689324673051,2.442454970066
    ));
#4362 = CARTESIAN_POINT('',(3.08332917589,0.686904706661,2.453840016811)
  );
#4363 = CARTESIAN_POINT('',(3.08271268547,0.684468996804,2.465299130741)
  );
#4364 = CARTESIAN_POINT('',(3.081506817467,0.67961261797,2.488146596824)
  );
#4365 = CARTESIAN_POINT('',(3.080917146787,0.677192555215,2.499532096932
    ));
#4366 = CARTESIAN_POINT('',(3.080335123266,0.674756922283,2.510990848958
    ));
#4367 = CARTESIAN_POINT('',(3.079197706436,0.669900521543,2.533838418102
    ));
#4368 = CARTESIAN_POINT('',(3.078642017638,0.667480345451,2.545224451414
    ));
#4369 = CARTESIAN_POINT('',(3.078094134929,0.665044802583,2.556682779723
    ));
#4370 = CARTESIAN_POINT('',(3.07702453204,0.66018837531,2.579530473698)
  );
#4371 = CARTESIAN_POINT('',(3.07650251448,0.657768065798,2.590917134701)
  );
#4372 = CARTESIAN_POINT('',(3.075988469554,0.655332628757,2.602374965137
    ));
#4373 = CARTESIAN_POINT('',(3.074986088616,0.650476169835,2.625222808007
    ));
#4374 = CARTESIAN_POINT('',(3.074497454016,0.648055703366,2.636610207432
    ));
#4375 = CARTESIAN_POINT('',(3.074016965933,0.645620390865,2.64806745195)
  );
#4376 = CARTESIAN_POINT('',(3.073081258485,0.640763894688,2.670915470094
    ));
#4377 = CARTESIAN_POINT('',(3.072625740214,0.638343243943,2.682303736473
    ));
#4378 = CARTESIAN_POINT('',(3.072178549227,0.635908077994,2.693760291517
    ));
#4379 = CARTESIAN_POINT('',(3.071309008778,0.631051538489,2.716608513501
    ));
#4380 = CARTESIAN_POINT('',(3.070886361242,0.628630672067,2.727997794563
    ));
#4381 = CARTESIAN_POINT('',(3.070472227939,0.626195678326,2.739453539431
    ));
#4382 = CARTESIAN_POINT('',(3.069668388574,0.621339089031,2.762301995656
    ));
#4383 = CARTESIAN_POINT('',(3.069278386703,0.618917971229,2.773692459367
    ));
#4384 = CARTESIAN_POINT('',(3.068897091202,0.616483179322,2.785147254684
    ));
#4385 = CARTESIAN_POINT('',(3.068158526316,0.611626533526,2.807995976726
    ));
#4386 = CARTESIAN_POINT('',(3.067800965147,0.609205124242,2.81938781175)
  );
#4387 = CARTESIAN_POINT('',(3.067452306324,0.606770568034,2.83084149819)
  );
#4388 = CARTESIAN_POINT('',(3.066778627491,0.601913859003,2.85369051773)
  );
#4389 = CARTESIAN_POINT('',(3.066453321841,0.599492113826,2.865083933008
    ));
#4390 = CARTESIAN_POINT('',(3.066137116583,0.597057831594,2.876536330492
    ));
#4391 = CARTESIAN_POINT('',(3.065527972543,0.592201052906,2.899385677745
    ));
#4392 = CARTESIAN_POINT('',(3.065234756765,0.589778923466,2.910780900835
    ));
#4393 = CARTESIAN_POINT('',(3.064950839246,0.587344957907,2.922231808487
    ));
#4394 = CARTESIAN_POINT('',(3.064405914993,0.582488103904,2.945081510067
    ));
#4395 = CARTESIAN_POINT('',(3.064144642791,0.580065538575,2.956478783859
    ));
#4396 = CARTESIAN_POINT('',(3.063892863774,0.577631936579,2.967927981082
    ));
#4397 = CARTESIAN_POINT('',(3.063411879734,0.572775002947,2.99077805729)
  );
#4398 = CARTESIAN_POINT('',(3.063182424021,0.570351947956,3.002177634756
    ));
#4399 = CARTESIAN_POINT('',(3.062962650185,0.567918760056,3.01362488381)
  );
#4400 = CARTESIAN_POINT('',(3.062545361468,0.563061744495,3.036475345463
    ));
#4401 = CARTESIAN_POINT('',(3.062347614228,0.560638145511,3.047877482217
    ));
#4402 = CARTESIAN_POINT('',(3.062159727543,0.558205424932,3.059322532699
    ));
#4403 = CARTESIAN_POINT('',(3.061805923247,0.553348327874,3.082173377761
    ));
#4404 = CARTESIAN_POINT('',(3.06163979537,0.550924132049,3.093578322432)
  );
#4405 = CARTESIAN_POINT('',(3.061483692536,0.548491933287,3.105020917961
    ));
#4406 = CARTESIAN_POINT('',(3.061193195095,0.543634758563,3.127872128414
    ));
#4407 = CARTESIAN_POINT('',(3.061058616139,0.541209916965,3.139280111208
    ));
#4408 = CARTESIAN_POINT('',(3.060934208127,0.538778293878,3.150719998397
    ));
#4409 = CARTESIAN_POINT('',(3.060710635538,0.534001445917,3.173193301142
    ));
#4410 = CARTESIAN_POINT('',(3.060610652449,0.531656709793,3.184224417312
    ));
#4411 = CARTESIAN_POINT('',(3.060520286222,0.529306845248,3.195279660803
    ));
#4412 = CARTESIAN_POINT('',(3.060356690777,0.524531015986,3.217748170946
    ));
#4413 = CARTESIAN_POINT('',(3.060284022745,0.522104789354,3.229162669811
    ));
#4414 = CARTESIAN_POINT('',(3.060221741893,0.519674441603,3.240596557019
    ));
#4415 = CARTESIAN_POINT('',(3.060118326142,0.514817097121,3.26344856612)
  );
#4416 = CARTESIAN_POINT('',(3.060077103863,0.512390127828,3.274866558929
    ));
#4417 = CARTESIAN_POINT('',(3.060046335552,0.509960487816,3.286297116485
    ));
#4418 = CARTESIAN_POINT('',(3.060005839486,0.505103118425,3.309149242777
    ));
#4419 = CARTESIAN_POINT('',(3.059996061896,0.502675397106,3.320570773588
    ));
#4420 = CARTESIAN_POINT('',(3.059996772537,0.500246491538,3.331997875857
    ));
#4421 = CARTESIAN_POINT('',(3.060019176318,0.49538911742,3.354850024389)
  );
#4422 = CARTESIAN_POINT('',(3.060040858167,0.492960648212,3.366275073744
    ));
#4423 = CARTESIAN_POINT('',(3.060073028876,0.490532491387,3.37769865345)
  );
#4424 = CARTESIAN_POINT('',(3.060158343526,0.485675133035,3.400550727806
    ));
#4425 = CARTESIAN_POINT('',(3.060211514682,0.483245933163,3.411979214666
    ));
#4426 = CARTESIAN_POINT('',(3.060275141935,0.480818526053,3.423399267246
    ));
#4427 = CARTESIAN_POINT('',(3.060423409398,0.475961202735,3.446251176778
    ));
#4428 = CARTESIAN_POINT('',(3.060508114269,0.473531301133,3.457682965016
    ));
#4429 = CARTESIAN_POINT('',(3.06060321063,0.471104631472,3.469099548169)
  );
#4430 = CARTESIAN_POINT('',(3.060814503999,0.466247359896,3.491951214278
    ));
#4431 = CARTESIAN_POINT('',(3.060930801132,0.463816795086,3.503386122664
    ));
#4432 = CARTESIAN_POINT('',(3.061057395988,0.461390838462,3.514799351241
    ));
#4433 = CARTESIAN_POINT('',(3.061331819874,0.456533631832,3.537650711804
    ));
#4434 = CARTESIAN_POINT('',(3.06147978178,0.454102449372,3.549088526007)
  );
#4435 = CARTESIAN_POINT('',(3.061637921998,0.451677171116,3.560498563111
    ));
#4436 = CARTESIAN_POINT('',(3.061975613012,0.446820038677,3.583349574633
    ));
#4437 = CARTESIAN_POINT('',(3.062155326198,0.444388288514,3.594790059667
    ));
#4438 = CARTESIAN_POINT('',(3.062345076673,0.441963646102,3.606197105365
    ));
#4439 = CARTESIAN_POINT('',(3.062820569592,0.436206135645,3.633284062415
    ));
#4440 = CARTESIAN_POINT('',(3.063115291368,0.432880166482,3.64893151708)
  );
#4441 = CARTESIAN_POINT('',(3.063428406313,0.42956992391,3.664504983956)
  );
#4442 = CARTESIAN_POINT('',(3.06375942217,0.426276356577,3.68));
#4443 = ORIENTED_EDGE('',*,*,#4444,.T.);
#4444 = EDGE_CURVE('',#4339,#4445,#4447,.T.);
#4445 = VERTEX_POINT('',#4446);
#4446 = CARTESIAN_POINT('',(4.559347495591,0.532554637412,3.18));
#4447 = B_SPLINE_CURVE_WITH_KNOTS('',4,(#4448,#4449,#4450,#4451,#4452,
    #4453,#4454,#4455,#4456,#4457,#4458,#4459,#4460,#4461,#4462,#4463,
    #4464,#4465,#4466,#4467,#4468,#4469,#4470,#4471,#4472,#4473,#4474,
    #4475,#4476,#4477,#4478,#4479,#4480,#4481,#4482,#4483,#4484,#4485,
    #4486,#4487,#4488,#4489,#4490,#4491,#4492,#4493,#4494,#4495,#4496,
    #4497,#4498,#4499,#4500,#4501,#4502,#4503,#4504,#4505,#4506,#4507,
    #4508,#4509,#4510,#4511,#4512,#4513,#4514,#4515,#4516,#4517,#4518,
    #4519,#4520,#4521,#4522,#4523,#4524,#4525,#4526,#4527,#4528,#4529,
    #4530,#4531,#4532,#4533,#4534,#4535,#4536,#4537,#4538,#4539,#4540,
    #4541,#4542,#4543,#4544,#4545,#4546,#4547,#4548),.UNSPECIFIED.,.F.,
  .F.,(5,3,3,3,3,3,3,3,3,3,3,3,3,3,3,3,3,3,3,3,3,3,3,3,3,3,3,3,3,3,3,3,3
    ,5),(0.,3.000000000006E-02,6.000000000009E-02,9.000000000011E-02,
    0.12,0.15,0.18,0.21,0.24,0.27,0.3,0.33,0.36,0.389,0.419,0.449,0.479,
    0.509,0.539,0.569,0.599,0.629,0.658,0.688,0.718,0.748,0.778,0.808,
    0.838,0.868,0.898,0.928,0.958,1.),.UNSPECIFIED.);
#4448 = CARTESIAN_POINT('',(0.927445362588,0.532554637412,3.18));
#4449 = CARTESIAN_POINT('',(0.97068368215,0.532554637412,3.18));
#4450 = CARTESIAN_POINT('',(1.013922001711,0.532554637412,3.18));
#4451 = CARTESIAN_POINT('',(1.057160321272,0.532554637412,3.18));
#4452 = CARTESIAN_POINT('',(1.143636960394,0.532554637412,3.18));
#4453 = CARTESIAN_POINT('',(1.186875279956,0.532554637412,3.18));
#4454 = CARTESIAN_POINT('',(1.230113599517,0.532554637412,3.18));
#4455 = CARTESIAN_POINT('',(1.316590238639,0.532554637412,3.18));
#4456 = CARTESIAN_POINT('',(1.3598285582,0.532554637412,3.18));
#4457 = CARTESIAN_POINT('',(1.403066877761,0.532554637412,3.18));
#4458 = CARTESIAN_POINT('',(1.489543516884,0.532554637412,3.18));
#4459 = CARTESIAN_POINT('',(1.532781836445,0.532554637412,3.18));
#4460 = CARTESIAN_POINT('',(1.576020156006,0.532554637412,3.18));
#4461 = CARTESIAN_POINT('',(1.662496795128,0.532554637412,3.18));
#4462 = CARTESIAN_POINT('',(1.70573511469,0.532554637412,3.18));
#4463 = CARTESIAN_POINT('',(1.748973434251,0.532554637412,3.18));
#4464 = CARTESIAN_POINT('',(1.835450073373,0.532554637412,3.18));
#4465 = CARTESIAN_POINT('',(1.878688392934,0.532554637412,3.18));
#4466 = CARTESIAN_POINT('',(1.921926712495,0.532554637412,3.18));
#4467 = CARTESIAN_POINT('',(2.008403351618,0.532554637412,3.18));
#4468 = CARTESIAN_POINT('',(2.051641671179,0.532554637412,3.18));
#4469 = CARTESIAN_POINT('',(2.09487999074,0.532554637412,3.18));
#4470 = CARTESIAN_POINT('',(2.181356629862,0.532554637412,3.18));
#4471 = CARTESIAN_POINT('',(2.224594949424,0.532554637412,3.18));
#4472 = CARTESIAN_POINT('',(2.267833268985,0.532554637412,3.18));
#4473 = CARTESIAN_POINT('',(2.354309908107,0.532554637412,3.18));
#4474 = CARTESIAN_POINT('',(2.397548227668,0.532554637412,3.18));
#4475 = CARTESIAN_POINT('',(2.440786547229,0.532554637412,3.18));
#4476 = CARTESIAN_POINT('',(2.527263186352,0.532554637412,3.18));
#4477 = CARTESIAN_POINT('',(2.570501505913,0.532554637412,3.18));
#4478 = CARTESIAN_POINT('',(2.613739825474,0.532554637412,3.18));
#4479 = CARTESIAN_POINT('',(2.700216464596,0.532554637412,3.18));
#4480 = CARTESIAN_POINT('',(2.743454784158,0.532554637412,3.18));
#4481 = CARTESIAN_POINT('',(2.786693103719,0.532554637412,3.18));
#4482 = CARTESIAN_POINT('',(2.873169742841,0.532554637412,3.18));
#4483 = CARTESIAN_POINT('',(2.916408062402,0.532554637412,3.18));
#4484 = CARTESIAN_POINT('',(2.959646381963,0.532554637412,3.18));
#4485 = CARTESIAN_POINT('',(3.044681743767,0.532554637412,3.18));
#4486 = CARTESIAN_POINT('',(3.08647878601,0.532554637412,3.18));
#4487 = CARTESIAN_POINT('',(3.128275828252,0.532554637412,3.18));
#4488 = CARTESIAN_POINT('',(3.213311190056,0.532554637412,3.18));
#4489 = CARTESIAN_POINT('',(3.256549509617,0.532554637412,3.18));
#4490 = CARTESIAN_POINT('',(3.299787829178,0.532554637412,3.18));
#4491 = CARTESIAN_POINT('',(3.3862644683,0.532554637412,3.18));
#4492 = CARTESIAN_POINT('',(3.429502787862,0.532554637412,3.18));
#4493 = CARTESIAN_POINT('',(3.472741107423,0.532554637412,3.18));
#4494 = CARTESIAN_POINT('',(3.559217746545,0.532554637412,3.18));
#4495 = CARTESIAN_POINT('',(3.602456066106,0.532554637412,3.18));
#4496 = CARTESIAN_POINT('',(3.645694385667,0.532554637412,3.18));
#4497 = CARTESIAN_POINT('',(3.73217102479,0.532554637412,3.18));
#4498 = CARTESIAN_POINT('',(3.775409344351,0.532554637412,3.18));
#4499 = CARTESIAN_POINT('',(3.818647663912,0.532554637412,3.18));
#4500 = CARTESIAN_POINT('',(3.905124303035,0.532554637412,3.18));
#4501 = CARTESIAN_POINT('',(3.948362622596,0.532554637412,3.18));
#4502 = CARTESIAN_POINT('',(3.991600942157,0.532554637412,3.18));
#4503 = CARTESIAN_POINT('',(4.078077581279,0.532554637412,3.18));
#4504 = CARTESIAN_POINT('',(4.12131590084,0.532554637412,3.18));
#4505 = CARTESIAN_POINT('',(4.164554220402,0.532554637412,3.18));
#4506 = CARTESIAN_POINT('',(4.251030859524,0.532554637412,3.18));
#4507 = CARTESIAN_POINT('',(4.294269179085,0.532554637412,3.18));
#4508 = CARTESIAN_POINT('',(4.337507498646,0.532554637412,3.18));
#4509 = CARTESIAN_POINT('',(4.423984137769,0.532554637412,3.18));
#4510 = CARTESIAN_POINT('',(4.46722245733,0.532554637412,3.18));
#4511 = CARTESIAN_POINT('',(4.510460776891,0.532554637412,3.18));
#4512 = CARTESIAN_POINT('',(4.595496138695,0.532554637412,3.18));
#4513 = CARTESIAN_POINT('',(4.637293180937,0.532554637412,3.18));
#4514 = CARTESIAN_POINT('',(4.67909022318,0.532554637412,3.18));
#4515 = CARTESIAN_POINT('',(4.764125584983,0.532554637412,3.18));
#4516 = CARTESIAN_POINT('',(4.807363904544,0.532554637412,3.18));
#4517 = CARTESIAN_POINT('',(4.850602224106,0.532554637412,3.18));
#4518 = CARTESIAN_POINT('',(4.937078863228,0.532554637412,3.18));
#4519 = CARTESIAN_POINT('',(4.980317182789,0.532554637412,3.18));
#4520 = CARTESIAN_POINT('',(5.02355550235,0.532554637412,3.18));
#4521 = CARTESIAN_POINT('',(5.110032141473,0.532554637412,3.18));
#4522 = CARTESIAN_POINT('',(5.153270461034,0.532554637412,3.18));
#4523 = CARTESIAN_POINT('',(5.196508780595,0.532554637412,3.18));
#4524 = CARTESIAN_POINT('',(5.282985419717,0.532554637412,3.18));
#4525 = CARTESIAN_POINT('',(5.326223739278,0.532554637412,3.18));
#4526 = CARTESIAN_POINT('',(5.36946205884,0.532554637412,3.18));
#4527 = CARTESIAN_POINT('',(5.455938697962,0.532554637412,3.18));
#4528 = CARTESIAN_POINT('',(5.499177017523,0.532554637412,3.18));
#4529 = CARTESIAN_POINT('',(5.542415337084,0.532554637412,3.18));
#4530 = CARTESIAN_POINT('',(5.628891976207,0.532554637412,3.18));
#4531 = CARTESIAN_POINT('',(5.672130295768,0.532554637412,3.18));
#4532 = CARTESIAN_POINT('',(5.715368615329,0.532554637412,3.18));
#4533 = CARTESIAN_POINT('',(5.801845254451,0.532554637412,3.18));
#4534 = CARTESIAN_POINT('',(5.845083574013,0.532554637412,3.18));
#4535 = CARTESIAN_POINT('',(5.888321893574,0.532554637412,3.18));
#4536 = CARTESIAN_POINT('',(5.974798532696,0.532554637412,3.18));
#4537 = CARTESIAN_POINT('',(6.018036852257,0.532554637412,3.18));
#4538 = CARTESIAN_POINT('',(6.061275171818,0.532554637412,3.18));
#4539 = CARTESIAN_POINT('',(6.147751810941,0.532554637412,3.18));
#4540 = CARTESIAN_POINT('',(6.190990130502,0.532554637412,3.18));
#4541 = CARTESIAN_POINT('',(6.234228450063,0.532554637412,3.18));
#4542 = CARTESIAN_POINT('',(6.320705089185,0.532554637412,3.18));
#4543 = CARTESIAN_POINT('',(6.363943408747,0.532554637412,3.18));
#4544 = CARTESIAN_POINT('',(6.407181728308,0.532554637412,3.18));
#4545 = CARTESIAN_POINT('',(6.510953695255,0.532554637412,3.18));
#4546 = CARTESIAN_POINT('',(6.57148734264,0.532554637412,3.18));
#4547 = CARTESIAN_POINT('',(6.632020990026,0.532554637412,3.18));
#4548 = CARTESIAN_POINT('',(6.692554637412,0.532554637412,3.18));
#4549 = ORIENTED_EDGE('',*,*,#4550,.T.);
#4550 = EDGE_CURVE('',#4445,#4551,#4553,.T.);
#4551 = VERTEX_POINT('',#4552);
#4552 = CARTESIAN_POINT('',(4.55624057783,0.426276356577,3.68));
#4553 = B_SPLINE_CURVE_WITH_KNOTS('',4,(#4554,#4555,#4556,#4557,#4558,
    #4559,#4560,#4561,#4562,#4563,#4564,#4565,#4566,#4567,#4568,#4569,
    #4570,#4571,#4572,#4573,#4574,#4575,#4576,#4577,#4578,#4579,#4580,
    #4581,#4582,#4583,#4584,#4585,#4586,#4587,#4588,#4589,#4590,#4591,
    #4592,#4593,#4594,#4595,#4596,#4597,#4598,#4599,#4600,#4601,#4602,
    #4603,#4604,#4605,#4606,#4607,#4608,#4609,#4610,#4611,#4612,#4613,
    #4614,#4615,#4616,#4617,#4618,#4619,#4620,#4621,#4622,#4623,#4624,
    #4625,#4626,#4627,#4628,#4629,#4630,#4631,#4632,#4633,#4634,#4635,
    #4636,#4637,#4638,#4639,#4640,#4641,#4642,#4643,#4644,#4645,#4646,
    #4647,#4648,#4649,#4650,#4651,#4652,#4653,#4654),.UNSPECIFIED.,.F.,
  .F.,(5,3,3,3,3,3,3,3,3,3,3,3,3,3,3,3,3,3,3,3,3,3,3,3,3,3,3,3,3,3,3,3,3
    ,5),(0.,3.832661857541E-02,7.588616027406E-02,0.112697851853,
    0.148780767068,0.184153940431,0.218836486671,0.252847727222,
    0.286207325059,0.318935429062,0.351052828922,0.382581121221,
    0.413542886787,0.443961878574,0.47386321812,0.503273596997,
    0.532221477517,0.560737284349,0.588853575632,0.61660517913,
    0.644029276191,0.671165414826,0.69805543375,0.723856466375,
    0.750392376563,0.776817491055,0.803179915651,0.829528157022,
    0.855910545381,0.882374672274,0.908966882882,0.935731854039,
    0.962712277262,1.),.UNSPECIFIED.);
#4554 = CARTESIAN_POINT('',(4.517556746277,0.75,2.157));
#4555 = CARTESIAN_POINT('',(4.51840163495,0.747596502417,2.168307567096)
  );
#4556 = CARTESIAN_POINT('',(4.519239956129,0.745176893235,2.179690933308
    ));
#4557 = CARTESIAN_POINT('',(4.520071529503,0.742740885558,2.191151448372
    ));
#4558 = CARTESIAN_POINT('',(4.521704283132,0.737884563992,2.213998645033
    ));
#4559 = CARTESIAN_POINT('',(4.522505738494,0.735464911842,2.225382213394
    ));
#4560 = CARTESIAN_POINT('',(4.523300339522,0.733028942322,2.236842548942
    ));
#4561 = CARTESIAN_POINT('',(4.524859748595,0.728172618361,2.259689756871
    ));
#4562 = CARTESIAN_POINT('',(4.525624834744,0.725752918822,2.271073548177
    ));
#4563 = CARTESIAN_POINT('',(4.526382953018,0.72331699024,2.282533691129)
  );
#4564 = CARTESIAN_POINT('',(4.527869973068,0.718460661398,2.305380922018
    ));
#4565 = CARTESIAN_POINT('',(4.528599156036,0.716040908555,2.316764964101
    ));
#4566 = CARTESIAN_POINT('',(4.529321250368,0.71360502492,2.328224895597)
  );
#4567 = CARTESIAN_POINT('',(4.530736777188,0.708748688464,2.351072162308
    ));
#4568 = CARTESIAN_POINT('',(4.531430493987,0.706328874704,2.362456490983
    ));
#4569 = CARTESIAN_POINT('',(4.532116993983,0.703893041415,2.373916185615
    ));
#4570 = CARTESIAN_POINT('',(4.53346186663,0.699036694321,2.396763502377)
  );
#4571 = CARTESIAN_POINT('',(4.534120526676,0.696616810106,2.408148162516
    ));
#4572 = CARTESIAN_POINT('',(4.534771834181,0.694181034144,2.419607587444
    ));
#4573 = CARTESIAN_POINT('',(4.536046837719,0.689324673051,2.442454970066
    ));
#4574 = CARTESIAN_POINT('',(4.53667082411,0.686904706661,2.453840016811)
  );
#4575 = CARTESIAN_POINT('',(4.53728731453,0.684468996804,2.465299130741)
  );
#4576 = CARTESIAN_POINT('',(4.538493182533,0.67961261797,2.488146596824)
  );
#4577 = CARTESIAN_POINT('',(4.539082853213,0.677192555215,2.499532096932
    ));
#4578 = CARTESIAN_POINT('',(4.539664876734,0.674756922283,2.510990848958
    ));
#4579 = CARTESIAN_POINT('',(4.540802293564,0.669900521543,2.533838418102
    ));
#4580 = CARTESIAN_POINT('',(4.541357982362,0.667480345451,2.545224451414
    ));
#4581 = CARTESIAN_POINT('',(4.541905865071,0.665044802583,2.556682779723
    ));
#4582 = CARTESIAN_POINT('',(4.54297546796,0.66018837531,2.579530473698)
  );
#4583 = CARTESIAN_POINT('',(4.54349748552,0.657768065798,2.590917134701)
  );
#4584 = CARTESIAN_POINT('',(4.544011530446,0.655332628757,2.602374965137
    ));
#4585 = CARTESIAN_POINT('',(4.545013911384,0.650476169835,2.625222808007
    ));
#4586 = CARTESIAN_POINT('',(4.545502545984,0.648055703366,2.636610207432
    ));
#4587 = CARTESIAN_POINT('',(4.545983034067,0.645620390865,2.64806745195)
  );
#4588 = CARTESIAN_POINT('',(4.546918741515,0.640763894688,2.670915470094
    ));
#4589 = CARTESIAN_POINT('',(4.547374259786,0.638343243943,2.682303736473
    ));
#4590 = CARTESIAN_POINT('',(4.547821450773,0.635908077994,2.693760291517
    ));
#4591 = CARTESIAN_POINT('',(4.548690991222,0.631051538489,2.716608513501
    ));
#4592 = CARTESIAN_POINT('',(4.549113638758,0.628630672067,2.727997794563
    ));
#4593 = CARTESIAN_POINT('',(4.549527772061,0.626195678326,2.739453539431
    ));
#4594 = CARTESIAN_POINT('',(4.550331611426,0.621339089031,2.762301995656
    ));
#4595 = CARTESIAN_POINT('',(4.550721613297,0.618917971229,2.773692459367
    ));
#4596 = CARTESIAN_POINT('',(4.551102908798,0.616483179322,2.785147254684
    ));
#4597 = CARTESIAN_POINT('',(4.551841473684,0.611626533526,2.807995976726
    ));
#4598 = CARTESIAN_POINT('',(4.552199034853,0.609205124242,2.81938781175)
  );
#4599 = CARTESIAN_POINT('',(4.552547693676,0.606770568034,2.83084149819)
  );
#4600 = CARTESIAN_POINT('',(4.553221372509,0.601913859003,2.85369051773)
  );
#4601 = CARTESIAN_POINT('',(4.553546678159,0.599492113826,2.865083933008
    ));
#4602 = CARTESIAN_POINT('',(4.553862883417,0.597057831594,2.876536330492
    ));
#4603 = CARTESIAN_POINT('',(4.554472027457,0.592201052906,2.899385677745
    ));
#4604 = CARTESIAN_POINT('',(4.554765243235,0.589778923466,2.910780900835
    ));
#4605 = CARTESIAN_POINT('',(4.555049160754,0.587344957907,2.922231808488
    ));
#4606 = CARTESIAN_POINT('',(4.555594085007,0.582488103904,2.945081510067
    ));
#4607 = CARTESIAN_POINT('',(4.555855357209,0.580065538575,2.956478783859
    ));
#4608 = CARTESIAN_POINT('',(4.556107136226,0.577631936579,2.967927981082
    ));
#4609 = CARTESIAN_POINT('',(4.556588120266,0.572775002947,2.99077805729)
  );
#4610 = CARTESIAN_POINT('',(4.556817575979,0.570351947956,3.002177634756
    ));
#4611 = CARTESIAN_POINT('',(4.557037349815,0.567918760056,3.01362488381)
  );
#4612 = CARTESIAN_POINT('',(4.557454638532,0.563061744495,3.036475345463
    ));
#4613 = CARTESIAN_POINT('',(4.557652385772,0.560638145511,3.047877482217
    ));
#4614 = CARTESIAN_POINT('',(4.557840272457,0.558205424932,3.059322532699
    ));
#4615 = CARTESIAN_POINT('',(4.558194076753,0.553348327874,3.082173377761
    ));
#4616 = CARTESIAN_POINT('',(4.55836020463,0.550924132049,3.093578322432)
  );
#4617 = CARTESIAN_POINT('',(4.558516307464,0.548491933287,3.105020917961
    ));
#4618 = CARTESIAN_POINT('',(4.558806804905,0.543634758563,3.127872128414
    ));
#4619 = CARTESIAN_POINT('',(4.558941383861,0.541209916965,3.139280111208
    ));
#4620 = CARTESIAN_POINT('',(4.559065791873,0.538778293878,3.150719998397
    ));
#4621 = CARTESIAN_POINT('',(4.559289364462,0.534001445917,3.173193301142
    ));
#4622 = CARTESIAN_POINT('',(4.559389347551,0.531656709793,3.184224417312
    ));
#4623 = CARTESIAN_POINT('',(4.559479713778,0.529306845248,3.195279660803
    ));
#4624 = CARTESIAN_POINT('',(4.559643309223,0.524531015986,3.217748170946
    ));
#4625 = CARTESIAN_POINT('',(4.559715977255,0.522104789354,3.229162669811
    ));
#4626 = CARTESIAN_POINT('',(4.559778258107,0.519674441603,3.240596557019
    ));
#4627 = CARTESIAN_POINT('',(4.559881673858,0.514817097121,3.263448566119
    ));
#4628 = CARTESIAN_POINT('',(4.559922896137,0.512390127828,3.274866558929
    ));
#4629 = CARTESIAN_POINT('',(4.559953664448,0.509960487816,3.286297116485
    ));
#4630 = CARTESIAN_POINT('',(4.559994160514,0.505103118425,3.309149242777
    ));
#4631 = CARTESIAN_POINT('',(4.560003938104,0.502675397106,3.320570773588
    ));
#4632 = CARTESIAN_POINT('',(4.560003227463,0.500246491538,3.331997875857
    ));
#4633 = CARTESIAN_POINT('',(4.559980823682,0.49538911742,3.354850024389)
  );
#4634 = CARTESIAN_POINT('',(4.559959141833,0.492960648212,3.366275073744
    ));
#4635 = CARTESIAN_POINT('',(4.559926971124,0.490532491387,3.37769865345)
  );
#4636 = CARTESIAN_POINT('',(4.559841656474,0.485675133035,3.400550727806
    ));
#4637 = CARTESIAN_POINT('',(4.559788485318,0.483245933163,3.411979214666
    ));
#4638 = CARTESIAN_POINT('',(4.559724858065,0.480818526053,3.423399267246
    ));
#4639 = CARTESIAN_POINT('',(4.559576590602,0.475961202735,3.446251176778
    ));
#4640 = CARTESIAN_POINT('',(4.559491885731,0.473531301133,3.457682965016
    ));
#4641 = CARTESIAN_POINT('',(4.55939678937,0.471104631472,3.469099548169)
  );
#4642 = CARTESIAN_POINT('',(4.559185496001,0.466247359896,3.491951214278
    ));
#4643 = CARTESIAN_POINT('',(4.559069198868,0.463816795086,3.503386122664
    ));
#4644 = CARTESIAN_POINT('',(4.558942604012,0.461390838462,3.514799351241
    ));
#4645 = CARTESIAN_POINT('',(4.558668180126,0.456533631832,3.537650711804
    ));
#4646 = CARTESIAN_POINT('',(4.55852021822,0.454102449372,3.549088526007)
  );
#4647 = CARTESIAN_POINT('',(4.558362078002,0.451677171116,3.560498563111
    ));
#4648 = CARTESIAN_POINT('',(4.558024386988,0.446820038677,3.583349574633
    ));
#4649 = CARTESIAN_POINT('',(4.557844673802,0.444388288514,3.594790059667
    ));
#4650 = CARTESIAN_POINT('',(4.557654923327,0.441963646102,3.606197105365
    ));
#4651 = CARTESIAN_POINT('',(4.557179430408,0.436206135645,3.633284062415
    ));
#4652 = CARTESIAN_POINT('',(4.556884708632,0.432880166482,3.64893151708)
  );
#4653 = CARTESIAN_POINT('',(4.556571593687,0.42956992391,3.664504983956)
  );
#4654 = CARTESIAN_POINT('',(4.55624057783,0.426276356577,3.68));
#4655 = ORIENTED_EDGE('',*,*,#4656,.F.);
#4656 = EDGE_CURVE('',#3558,#4551,#4657,.T.);
#4657 = LINE('',#4658,#4659);
#4658 = CARTESIAN_POINT('',(6.586276356577,0.426276356577,3.68));
#4659 = VECTOR('',#4660,1.);
#4660 = DIRECTION('',(-1.,-4.440892098501E-16,0.));
#4661 = B_SPLINE_SURFACE_WITH_KNOTS('',1,1,(
    (#4662,#4663)
    ,(#4664,#4665
    )),.UNSPECIFIED.,.F.,.F.,.F.,(2,2),(2,2),(0.,6.2),(0.,1.),
  .PIECEWISE_BEZIER_KNOTS.);
#4662 = CARTESIAN_POINT('',(6.91,0.75,2.157));
#4663 = CARTESIAN_POINT('',(6.586276356577,0.426276356577,3.68));
#4664 = CARTESIAN_POINT('',(0.71,0.75,2.157));
#4665 = CARTESIAN_POINT('',(1.033723643423,0.426276356577,3.68));
#4666 = ADVANCED_FACE('',(#4667),#4712,.T.);
#4667 = FACE_BOUND('',#4668,.T.);
#4668 = EDGE_LOOP('',(#4669,#4670,#4676,#4677,#4683,#4684,#4690,#4691,
    #4697,#4698,#4705,#4711));
#4669 = ORIENTED_EDGE('',*,*,#2842,.T.);
#4670 = ORIENTED_EDGE('',*,*,#4671,.T.);
#4671 = EDGE_CURVE('',#2835,#3153,#4672,.T.);
#4672 = LINE('',#4673,#4674);
#4673 = CARTESIAN_POINT('',(0.71,0.75,2.157));
#4674 = VECTOR('',#4675,1.);
#4675 = DIRECTION('',(4.440892098501E-16,-1.,0.));
#4676 = ORIENTED_EDGE('',*,*,#3169,.T.);
#4677 = ORIENTED_EDGE('',*,*,#4678,.T.);
#4678 = EDGE_CURVE('',#3162,#3481,#4679,.T.);
#4679 = LINE('',#4680,#4681);
#4680 = CARTESIAN_POINT('',(0.71,0.75,2.157));
#4681 = VECTOR('',#4682,1.);
#4682 = DIRECTION('',(4.440892098501E-16,-1.,0.));
#4683 = ORIENTED_EDGE('',*,*,#3497,.T.);
#4684 = ORIENTED_EDGE('',*,*,#4685,.T.);
#4685 = EDGE_CURVE('',#3490,#3300,#4686,.T.);
#4686 = LINE('',#4687,#4688);
#4687 = CARTESIAN_POINT('',(0.71,0.75,2.157));
#4688 = VECTOR('',#4689,1.);
#4689 = DIRECTION('',(4.440892098501E-16,-1.,0.));
#4690 = ORIENTED_EDGE('',*,*,#3316,.T.);
#4691 = ORIENTED_EDGE('',*,*,#4692,.T.);
#4692 = EDGE_CURVE('',#3309,#2973,#4693,.T.);
#4693 = LINE('',#4694,#4695);
#4694 = CARTESIAN_POINT('',(0.71,0.75,2.157));
#4695 = VECTOR('',#4696,1.);
#4696 = DIRECTION('',(4.440892098501E-16,-1.,0.));
#4697 = ORIENTED_EDGE('',*,*,#2988,.T.);
#4698 = ORIENTED_EDGE('',*,*,#4699,.T.);
#4699 = EDGE_CURVE('',#2982,#4700,#4702,.T.);
#4700 = VERTEX_POINT('',#4701);
#4701 = CARTESIAN_POINT('',(1.033723643423,-8.046276356577,3.68));
#4702 = B_SPLINE_CURVE_WITH_KNOTS('',1,(#4703,#4704),.UNSPECIFIED.,.F.,
  .F.,(2,2),(0.,1.),.PIECEWISE_BEZIER_KNOTS.);
#4703 = CARTESIAN_POINT('',(0.71,-8.37,2.157));
#4704 = CARTESIAN_POINT('',(1.033723643423,-8.046276356577,3.68));
#4705 = ORIENTED_EDGE('',*,*,#4706,.F.);
#4706 = EDGE_CURVE('',#4324,#4700,#4707,.T.);
#4707 = LINE('',#4708,#4709);
#4708 = CARTESIAN_POINT('',(1.033723643423,0.426276356577,3.68));
#4709 = VECTOR('',#4710,1.);
#4710 = DIRECTION('',(4.440892098501E-16,-1.,0.));
#4711 = ORIENTED_EDGE('',*,*,#4323,.F.);
#4712 = B_SPLINE_SURFACE_WITH_KNOTS('',1,1,(
    (#4713,#4714)
    ,(#4715,#4716
    )),.UNSPECIFIED.,.F.,.F.,.F.,(2,2),(2,2),(0.,9.12),(0.,1.),
  .PIECEWISE_BEZIER_KNOTS.);
#4713 = CARTESIAN_POINT('',(0.71,0.75,2.157));
#4714 = CARTESIAN_POINT('',(1.033723643423,0.426276356577,3.68));
#4715 = CARTESIAN_POINT('',(0.71,-8.37,2.157));
#4716 = CARTESIAN_POINT('',(1.033723643423,-8.046276356577,3.68));
#4717 = ADVANCED_FACE('',(#4718),#4731,.T.);
#4718 = FACE_BOUND('',#4719,.T.);
#4719 = EDGE_LOOP('',(#4720,#4721,#4722,#4723,#4724,#4730));
#4720 = ORIENTED_EDGE('',*,*,#3152,.F.);
#4721 = ORIENTED_EDGE('',*,*,#4671,.F.);
#4722 = ORIENTED_EDGE('',*,*,#2834,.F.);
#4723 = ORIENTED_EDGE('',*,*,#2856,.F.);
#4724 = ORIENTED_EDGE('',*,*,#4725,.F.);
#4725 = EDGE_CURVE('',#3003,#2857,#4726,.T.);
#4726 = LINE('',#4727,#4728);
#4727 = CARTESIAN_POINT('',(0.254,-0.762,2.157));
#4728 = VECTOR('',#4729,1.);
#4729 = DIRECTION('',(-4.440892098501E-16,1.,0.));
#4730 = ORIENTED_EDGE('',*,*,#3046,.F.);
#4731 = PLANE('',#4732);
#4732 = AXIS2_PLACEMENT_3D('',#4733,#4734,#4735);
#4733 = CARTESIAN_POINT('',(3.81,-0.762,2.157));
#4734 = DIRECTION('',(0.,0.,1.));
#4735 = DIRECTION('',(-4.440892098501E-16,1.,0.));
#4736 = ADVANCED_FACE('',(#4737),#4780,.T.);
#4737 = FACE_BOUND('',#4738,.T.);
#4738 = EDGE_LOOP('',(#4739,#4740,#4741,#4742,#4750,#4758,#4766,#4774));
#4739 = ORIENTED_EDGE('',*,*,#2889,.F.);
#4740 = ORIENTED_EDGE('',*,*,#3060,.T.);
#4741 = ORIENTED_EDGE('',*,*,#3029,.F.);
#4742 = ORIENTED_EDGE('',*,*,#4743,.F.);
#4743 = EDGE_CURVE('',#4744,#3022,#4746,.T.);
#4744 = VERTEX_POINT('',#4745);
#4745 = CARTESIAN_POINT('',(0.127,-0.2285,0.));
#4746 = LINE('',#4747,#4748);
#4747 = CARTESIAN_POINT('',(0.127,-0.2285,0.));
#4748 = VECTOR('',#4749,1.);
#4749 = DIRECTION('',(4.440892098501E-16,-1.,0.));
#4750 = ORIENTED_EDGE('',*,*,#4751,.F.);
#4751 = EDGE_CURVE('',#4752,#4744,#4754,.T.);
#4752 = VERTEX_POINT('',#4753);
#4753 = CARTESIAN_POINT('',(0.127,-0.2285,-2.843));
#4754 = LINE('',#4755,#4756);
#4755 = CARTESIAN_POINT('',(0.127,-0.2285,-2.843));
#4756 = VECTOR('',#4757,1.);
#4757 = DIRECTION('',(0.,0.,1.));
#4758 = ORIENTED_EDGE('',*,*,#4759,.F.);
#4759 = EDGE_CURVE('',#4760,#4752,#4762,.T.);
#4760 = VERTEX_POINT('',#4761);
#4761 = CARTESIAN_POINT('',(0.127,-0.11425,-3.3));
#4762 = LINE('',#4763,#4764);
#4763 = CARTESIAN_POINT('',(0.127,-0.11425,-3.3));
#4764 = VECTOR('',#4765,1.);
#4765 = DIRECTION('',(1.077074540829E-16,-0.242535625036,0.970142500145)
  );
#4766 = ORIENTED_EDGE('',*,*,#4767,.F.);
#4767 = EDGE_CURVE('',#4768,#4760,#4770,.T.);
#4768 = VERTEX_POINT('',#4769);
#4769 = CARTESIAN_POINT('',(0.127,0.11425,-3.3));
#4770 = LINE('',#4771,#4772);
#4771 = CARTESIAN_POINT('',(0.127,0.11425,-3.3));
#4772 = VECTOR('',#4773,1.);
#4773 = DIRECTION('',(4.440892098501E-16,-1.,0.));
#4774 = ORIENTED_EDGE('',*,*,#4775,.F.);
#4775 = EDGE_CURVE('',#2882,#4768,#4776,.T.);
#4776 = LINE('',#4777,#4778);
#4777 = CARTESIAN_POINT('',(0.127,0.2285,-2.843));
#4778 = VECTOR('',#4779,1.);
#4779 = DIRECTION('',(1.077074540829E-16,-0.242535625036,-0.970142500145
    ));
#4780 = PLANE('',#4781);
#4781 = AXIS2_PLACEMENT_3D('',#4782,#4783,#4784);
#4782 = CARTESIAN_POINT('',(0.127,0.2285,2.157));
#4783 = DIRECTION('',(1.,4.440892098501E-16,0.));
#4784 = DIRECTION('',(0.,0.,-1.));
#4785 = ADVANCED_FACE('',(#4786),#4804,.T.);
#4786 = FACE_BOUND('',#4787,.T.);
#4787 = EDGE_LOOP('',(#4788,#4789,#4790,#4798));
#4788 = ORIENTED_EDGE('',*,*,#2881,.T.);
#4789 = ORIENTED_EDGE('',*,*,#4775,.T.);
#4790 = ORIENTED_EDGE('',*,*,#4791,.F.);
#4791 = EDGE_CURVE('',#4792,#4768,#4794,.T.);
#4792 = VERTEX_POINT('',#4793);
#4793 = CARTESIAN_POINT('',(-0.127,0.11425,-3.3));
#4794 = LINE('',#4795,#4796);
#4795 = CARTESIAN_POINT('',(-0.127,0.11425,-3.3));
#4796 = VECTOR('',#4797,1.);
#4797 = DIRECTION('',(1.,4.440892098501E-16,0.));
#4798 = ORIENTED_EDGE('',*,*,#4799,.F.);
#4799 = EDGE_CURVE('',#2874,#4792,#4800,.T.);
#4800 = LINE('',#4801,#4802);
#4801 = CARTESIAN_POINT('',(-0.127,0.2285,-2.843));
#4802 = VECTOR('',#4803,1.);
#4803 = DIRECTION('',(1.077074540829E-16,-0.242535625036,-0.970142500145
    ));
#4804 = PLANE('',#4805);
#4805 = AXIS2_PLACEMENT_3D('',#4806,#4807,#4808);
#4806 = CARTESIAN_POINT('',(-0.127,0.2285,-2.843));
#4807 = DIRECTION('',(-4.308298163317E-16,0.970142500145,-0.242535625036
    ));
#4808 = DIRECTION('',(1.077074540829E-16,-0.242535625036,-0.970142500145
    ));
#4809 = ADVANCED_FACE('',(#4810),#4851,.F.);
#4810 = FACE_BOUND('',#4811,.F.);
#4811 = EDGE_LOOP('',(#4812,#4813,#4819,#4820,#4828,#4836,#4844,#4850));
#4812 = ORIENTED_EDGE('',*,*,#2873,.F.);
#4813 = ORIENTED_EDGE('',*,*,#4814,.F.);
#4814 = EDGE_CURVE('',#3005,#2865,#4815,.T.);
#4815 = LINE('',#4816,#4817);
#4816 = CARTESIAN_POINT('',(-0.127,-0.762,1.776));
#4817 = VECTOR('',#4818,1.);
#4818 = DIRECTION('',(-4.440892098501E-16,1.,0.));
#4819 = ORIENTED_EDGE('',*,*,#3013,.F.);
#4820 = ORIENTED_EDGE('',*,*,#4821,.F.);
#4821 = EDGE_CURVE('',#4822,#3014,#4824,.T.);
#4822 = VERTEX_POINT('',#4823);
#4823 = CARTESIAN_POINT('',(-0.127,-0.2285,0.));
#4824 = LINE('',#4825,#4826);
#4825 = CARTESIAN_POINT('',(-0.127,-0.2285,0.));
#4826 = VECTOR('',#4827,1.);
#4827 = DIRECTION('',(4.440892098501E-16,-1.,0.));
#4828 = ORIENTED_EDGE('',*,*,#4829,.F.);
#4829 = EDGE_CURVE('',#4830,#4822,#4832,.T.);
#4830 = VERTEX_POINT('',#4831);
#4831 = CARTESIAN_POINT('',(-0.127,-0.2285,-2.843));
#4832 = LINE('',#4833,#4834);
#4833 = CARTESIAN_POINT('',(-0.127,-0.2285,-2.843));
#4834 = VECTOR('',#4835,1.);
#4835 = DIRECTION('',(0.,0.,1.));
#4836 = ORIENTED_EDGE('',*,*,#4837,.F.);
#4837 = EDGE_CURVE('',#4838,#4830,#4840,.T.);
#4838 = VERTEX_POINT('',#4839);
#4839 = CARTESIAN_POINT('',(-0.127,-0.11425,-3.3));
#4840 = LINE('',#4841,#4842);
#4841 = CARTESIAN_POINT('',(-0.127,-0.11425,-3.3));
#4842 = VECTOR('',#4843,1.);
#4843 = DIRECTION('',(1.077074540829E-16,-0.242535625036,0.970142500145)
  );
#4844 = ORIENTED_EDGE('',*,*,#4845,.F.);
#4845 = EDGE_CURVE('',#4792,#4838,#4846,.T.);
#4846 = LINE('',#4847,#4848);
#4847 = CARTESIAN_POINT('',(-0.127,0.11425,-3.3));
#4848 = VECTOR('',#4849,1.);
#4849 = DIRECTION('',(4.440892098501E-16,-1.,0.));
#4850 = ORIENTED_EDGE('',*,*,#4799,.F.);
#4851 = PLANE('',#4852);
#4852 = AXIS2_PLACEMENT_3D('',#4853,#4854,#4855);
#4853 = CARTESIAN_POINT('',(-0.127,0.2285,2.157));
#4854 = DIRECTION('',(1.,4.440892098501E-16,0.));
#4855 = DIRECTION('',(0.,0.,-1.));
#4856 = ADVANCED_FACE('',(#4857),#4863,.T.);
#4857 = FACE_BOUND('',#4858,.T.);
#4858 = EDGE_LOOP('',(#4859,#4860,#4861,#4862));
#4859 = ORIENTED_EDGE('',*,*,#4725,.T.);
#4860 = ORIENTED_EDGE('',*,*,#2864,.T.);
#4861 = ORIENTED_EDGE('',*,*,#4814,.F.);
#4862 = ORIENTED_EDGE('',*,*,#3002,.F.);
#4863 = CYLINDRICAL_SURFACE('',#4864,0.381);
#4864 = AXIS2_PLACEMENT_3D('',#4865,#4866,#4867);
#4865 = CARTESIAN_POINT('',(0.254,-0.762,1.776));
#4866 = DIRECTION('',(-4.440892098501E-16,1.,0.));
#4867 = DIRECTION('',(0.,0.,1.));
#4868 = ADVANCED_FACE('',(#4869),#4917,.T.);
#4869 = FACE_BOUND('',#4870,.T.);
#4870 = EDGE_LOOP('',(#4871,#4872,#4878,#4879,#4887,#4895,#4903,#4911));
#4871 = ORIENTED_EDGE('',*,*,#2914,.F.);
#4872 = ORIENTED_EDGE('',*,*,#4873,.T.);
#4873 = EDGE_CURVE('',#2915,#3086,#4874,.T.);
#4874 = LINE('',#4875,#4876);
#4875 = CARTESIAN_POINT('',(-0.127,-7.8485,1.776));
#4876 = VECTOR('',#4877,1.);
#4877 = DIRECTION('',(-4.440892098501E-16,1.,0.));
#4878 = ORIENTED_EDGE('',*,*,#3094,.F.);
#4879 = ORIENTED_EDGE('',*,*,#4880,.F.);
#4880 = EDGE_CURVE('',#4881,#3095,#4883,.T.);
#4881 = VERTEX_POINT('',#4882);
#4882 = CARTESIAN_POINT('',(-0.127,-7.3915,0.));
#4883 = LINE('',#4884,#4885);
#4884 = CARTESIAN_POINT('',(-0.127,-7.3915,0.));
#4885 = VECTOR('',#4886,1.);
#4886 = DIRECTION('',(-4.440892098501E-16,1.,0.));
#4887 = ORIENTED_EDGE('',*,*,#4888,.F.);
#4888 = EDGE_CURVE('',#4889,#4881,#4891,.T.);
#4889 = VERTEX_POINT('',#4890);
#4890 = CARTESIAN_POINT('',(-0.127,-7.3915,-2.843));
#4891 = LINE('',#4892,#4893);
#4892 = CARTESIAN_POINT('',(-0.127,-7.3915,-2.843));
#4893 = VECTOR('',#4894,1.);
#4894 = DIRECTION('',(0.,0.,1.));
#4895 = ORIENTED_EDGE('',*,*,#4896,.F.);
#4896 = EDGE_CURVE('',#4897,#4889,#4899,.T.);
#4897 = VERTEX_POINT('',#4898);
#4898 = CARTESIAN_POINT('',(-0.127,-7.50575,-3.3));
#4899 = LINE('',#4900,#4901);
#4900 = CARTESIAN_POINT('',(-0.127,-7.50575,-3.3));
#4901 = VECTOR('',#4902,1.);
#4902 = DIRECTION('',(-1.077074540829E-16,0.242535625036,0.970142500145)
  );
#4903 = ORIENTED_EDGE('',*,*,#4904,.F.);
#4904 = EDGE_CURVE('',#4905,#4897,#4907,.T.);
#4905 = VERTEX_POINT('',#4906);
#4906 = CARTESIAN_POINT('',(-0.127,-7.73425,-3.3));
#4907 = LINE('',#4908,#4909);
#4908 = CARTESIAN_POINT('',(-0.127,-7.73425,-3.3));
#4909 = VECTOR('',#4910,1.);
#4910 = DIRECTION('',(-4.440892098501E-16,1.,0.));
#4911 = ORIENTED_EDGE('',*,*,#4912,.F.);
#4912 = EDGE_CURVE('',#2917,#4905,#4913,.T.);
#4913 = LINE('',#4914,#4915);
#4914 = CARTESIAN_POINT('',(-0.127,-7.8485,-2.843));
#4915 = VECTOR('',#4916,1.);
#4916 = DIRECTION('',(-1.077074540829E-16,0.242535625036,-0.970142500145
    ));
#4917 = PLANE('',#4918);
#4918 = AXIS2_PLACEMENT_3D('',#4919,#4920,#4921);
#4919 = CARTESIAN_POINT('',(-0.127,-7.8485,2.157));
#4920 = DIRECTION('',(-1.,-4.440892098501E-16,0.));
#4921 = DIRECTION('',(0.,0.,1.));
#4922 = ADVANCED_FACE('',(#4923),#4941,.F.);
#4923 = FACE_BOUND('',#4924,.F.);
#4924 = EDGE_LOOP('',(#4925,#4926,#4934,#4940));
#4925 = ORIENTED_EDGE('',*,*,#2958,.T.);
#4926 = ORIENTED_EDGE('',*,*,#4927,.T.);
#4927 = EDGE_CURVE('',#2951,#4928,#4930,.T.);
#4928 = VERTEX_POINT('',#4929);
#4929 = CARTESIAN_POINT('',(0.127,-7.73425,-3.3));
#4930 = LINE('',#4931,#4932);
#4931 = CARTESIAN_POINT('',(0.127,-7.8485,-2.843));
#4932 = VECTOR('',#4933,1.);
#4933 = DIRECTION('',(-1.077074540829E-16,0.242535625036,-0.970142500145
    ));
#4934 = ORIENTED_EDGE('',*,*,#4935,.F.);
#4935 = EDGE_CURVE('',#4905,#4928,#4936,.T.);
#4936 = LINE('',#4937,#4938);
#4937 = CARTESIAN_POINT('',(-0.127,-7.73425,-3.3));
#4938 = VECTOR('',#4939,1.);
#4939 = DIRECTION('',(1.,4.440892098501E-16,0.));
#4940 = ORIENTED_EDGE('',*,*,#4912,.F.);
#4941 = PLANE('',#4942);
#4942 = AXIS2_PLACEMENT_3D('',#4943,#4944,#4945);
#4943 = CARTESIAN_POINT('',(-0.127,-7.8485,-2.843));
#4944 = DIRECTION('',(-4.308298163317E-16,0.970142500145,0.242535625036)
  );
#4945 = DIRECTION('',(-1.077074540829E-16,0.242535625036,-0.970142500145
    ));
#4946 = ADVANCED_FACE('',(#4947),#4983,.F.);
#4947 = FACE_BOUND('',#4948,.F.);
#4948 = EDGE_LOOP('',(#4949,#4950,#4951,#4952,#4960,#4968,#4976,#4982));
#4949 = ORIENTED_EDGE('',*,*,#2950,.F.);
#4950 = ORIENTED_EDGE('',*,*,#3138,.T.);
#4951 = ORIENTED_EDGE('',*,*,#3110,.F.);
#4952 = ORIENTED_EDGE('',*,*,#4953,.F.);
#4953 = EDGE_CURVE('',#4954,#3103,#4956,.T.);
#4954 = VERTEX_POINT('',#4955);
#4955 = CARTESIAN_POINT('',(0.127,-7.3915,0.));
#4956 = LINE('',#4957,#4958);
#4957 = CARTESIAN_POINT('',(0.127,-7.3915,0.));
#4958 = VECTOR('',#4959,1.);
#4959 = DIRECTION('',(-4.440892098501E-16,1.,0.));
#4960 = ORIENTED_EDGE('',*,*,#4961,.F.);
#4961 = EDGE_CURVE('',#4962,#4954,#4964,.T.);
#4962 = VERTEX_POINT('',#4963);
#4963 = CARTESIAN_POINT('',(0.127,-7.3915,-2.843));
#4964 = LINE('',#4965,#4966);
#4965 = CARTESIAN_POINT('',(0.127,-7.3915,-2.843));
#4966 = VECTOR('',#4967,1.);
#4967 = DIRECTION('',(0.,0.,1.));
#4968 = ORIENTED_EDGE('',*,*,#4969,.F.);
#4969 = EDGE_CURVE('',#4970,#4962,#4972,.T.);
#4970 = VERTEX_POINT('',#4971);
#4971 = CARTESIAN_POINT('',(0.127,-7.50575,-3.3));
#4972 = LINE('',#4973,#4974);
#4973 = CARTESIAN_POINT('',(0.127,-7.50575,-3.3));
#4974 = VECTOR('',#4975,1.);
#4975 = DIRECTION('',(-1.077074540829E-16,0.242535625036,0.970142500145)
  );
#4976 = ORIENTED_EDGE('',*,*,#4977,.F.);
#4977 = EDGE_CURVE('',#4928,#4970,#4978,.T.);
#4978 = LINE('',#4979,#4980);
#4979 = CARTESIAN_POINT('',(0.127,-7.73425,-3.3));
#4980 = VECTOR('',#4981,1.);
#4981 = DIRECTION('',(-4.440892098501E-16,1.,0.));
#4982 = ORIENTED_EDGE('',*,*,#4927,.F.);
#4983 = PLANE('',#4984);
#4984 = AXIS2_PLACEMENT_3D('',#4985,#4986,#4987);
#4985 = CARTESIAN_POINT('',(0.127,-7.8485,2.157));
#4986 = DIRECTION('',(-1.,-4.440892098501E-16,0.));
#4987 = DIRECTION('',(0.,0.,1.));
#4988 = ADVANCED_FACE('',(#4989),#5002,.T.);
#4989 = FACE_BOUND('',#4990,.T.);
#4990 = EDGE_LOOP('',(#4991,#4992,#4993,#4994,#4995,#5001));
#4991 = ORIENTED_EDGE('',*,*,#2972,.F.);
#4992 = ORIENTED_EDGE('',*,*,#4692,.F.);
#4993 = ORIENTED_EDGE('',*,*,#3308,.F.);
#4994 = ORIENTED_EDGE('',*,*,#3077,.F.);
#4995 = ORIENTED_EDGE('',*,*,#4996,.F.);
#4996 = EDGE_CURVE('',#2925,#3078,#4997,.T.);
#4997 = LINE('',#4998,#4999);
#4998 = CARTESIAN_POINT('',(0.254,-7.8485,2.157));
#4999 = VECTOR('',#5000,1.);
#5000 = DIRECTION('',(-4.440892098501E-16,1.,0.));
#5001 = ORIENTED_EDGE('',*,*,#2933,.F.);
#5002 = PLANE('',#5003);
#5003 = AXIS2_PLACEMENT_3D('',#5004,#5005,#5006);
#5004 = CARTESIAN_POINT('',(3.81,-7.8485,2.157));
#5005 = DIRECTION('',(0.,0.,1.));
#5006 = DIRECTION('',(-4.440892098501E-16,1.,0.));
#5007 = ADVANCED_FACE('',(#5008),#5014,.T.);
#5008 = FACE_BOUND('',#5009,.T.);
#5009 = EDGE_LOOP('',(#5010,#5011,#5012,#5013));
#5010 = ORIENTED_EDGE('',*,*,#2924,.T.);
#5011 = ORIENTED_EDGE('',*,*,#4996,.T.);
#5012 = ORIENTED_EDGE('',*,*,#3085,.F.);
#5013 = ORIENTED_EDGE('',*,*,#4873,.F.);
#5014 = CYLINDRICAL_SURFACE('',#5015,0.381);
#5015 = AXIS2_PLACEMENT_3D('',#5016,#5017,#5018);
#5016 = CARTESIAN_POINT('',(0.254,-7.8485,1.776));
#5017 = DIRECTION('',(-4.440892098501E-16,1.,0.));
#5018 = DIRECTION('',(-1.,-4.440892098501E-16,0.));
#5019 = ADVANCED_FACE('',(#5020),#5031,.T.);
#5020 = FACE_BOUND('',#5021,.T.);
#5021 = EDGE_LOOP('',(#5022,#5028,#5029,#5030));
#5022 = ORIENTED_EDGE('',*,*,#5023,.T.);
#5023 = EDGE_CURVE('',#4822,#4744,#5024,.T.);
#5024 = LINE('',#5025,#5026);
#5025 = CARTESIAN_POINT('',(-0.127,-0.2285,0.));
#5026 = VECTOR('',#5027,1.);
#5027 = DIRECTION('',(1.,4.440892098501E-16,0.));
#5028 = ORIENTED_EDGE('',*,*,#4743,.T.);
#5029 = ORIENTED_EDGE('',*,*,#3021,.F.);
#5030 = ORIENTED_EDGE('',*,*,#4821,.F.);
#5031 = PLANE('',#5032);
#5032 = AXIS2_PLACEMENT_3D('',#5033,#5034,#5035);
#5033 = CARTESIAN_POINT('',(-0.127,-0.2285,0.));
#5034 = DIRECTION('',(0.,0.,-1.));
#5035 = DIRECTION('',(4.440892098501E-16,-1.,0.));
#5036 = ADVANCED_FACE('',(#5037),#5048,.F.);
#5037 = FACE_BOUND('',#5038,.F.);
#5038 = EDGE_LOOP('',(#5039,#5045,#5046,#5047));
#5039 = ORIENTED_EDGE('',*,*,#5040,.T.);
#5040 = EDGE_CURVE('',#4881,#4954,#5041,.T.);
#5041 = LINE('',#5042,#5043);
#5042 = CARTESIAN_POINT('',(-0.127,-7.3915,0.));
#5043 = VECTOR('',#5044,1.);
#5044 = DIRECTION('',(1.,4.440892098501E-16,0.));
#5045 = ORIENTED_EDGE('',*,*,#4953,.T.);
#5046 = ORIENTED_EDGE('',*,*,#3102,.F.);
#5047 = ORIENTED_EDGE('',*,*,#4880,.F.);
#5048 = PLANE('',#5049);
#5049 = AXIS2_PLACEMENT_3D('',#5050,#5051,#5052);
#5050 = CARTESIAN_POINT('',(-0.127,-7.3915,0.));
#5051 = DIRECTION('',(0.,0.,1.));
#5052 = DIRECTION('',(-4.440892098501E-16,1.,0.));
#5053 = ADVANCED_FACE('',(#5054),#5067,.T.);
#5054 = FACE_BOUND('',#5055,.T.);
#5055 = EDGE_LOOP('',(#5056,#5057,#5058,#5059,#5060,#5066));
#5056 = ORIENTED_EDGE('',*,*,#3480,.F.);
#5057 = ORIENTED_EDGE('',*,*,#4678,.F.);
#5058 = ORIENTED_EDGE('',*,*,#3161,.F.);
#5059 = ORIENTED_EDGE('',*,*,#3194,.F.);
#5060 = ORIENTED_EDGE('',*,*,#5061,.F.);
#5061 = EDGE_CURVE('',#3331,#3184,#5062,.T.);
#5062 = LINE('',#5063,#5064);
#5063 = CARTESIAN_POINT('',(0.254,-3.302,2.157));
#5064 = VECTOR('',#5065,1.);
#5065 = DIRECTION('',(-4.440892098501E-16,1.,0.));
#5066 = ORIENTED_EDGE('',*,*,#3341,.F.);
#5067 = PLANE('',#5068);
#5068 = AXIS2_PLACEMENT_3D('',#5069,#5070,#5071);
#5069 = CARTESIAN_POINT('',(3.683,-3.302,2.157));
#5070 = DIRECTION('',(0.,0.,1.));
#5071 = DIRECTION('',(-4.440892098501E-16,1.,0.));
#5072 = ADVANCED_FACE('',(#5073),#5084,.T.);
#5073 = FACE_BOUND('',#5074,.T.);
#5074 = EDGE_LOOP('',(#5075,#5076,#5077,#5083));
#5075 = ORIENTED_EDGE('',*,*,#5061,.T.);
#5076 = ORIENTED_EDGE('',*,*,#3183,.T.);
#5077 = ORIENTED_EDGE('',*,*,#5078,.F.);
#5078 = EDGE_CURVE('',#3333,#3186,#5079,.T.);
#5079 = LINE('',#5080,#5081);
#5080 = CARTESIAN_POINT('',(-0.127,-3.302,1.776));
#5081 = VECTOR('',#5082,1.);
#5082 = DIRECTION('',(-4.440892098501E-16,1.,0.));
#5083 = ORIENTED_EDGE('',*,*,#3330,.F.);
#5084 = CYLINDRICAL_SURFACE('',#5085,0.381);
#5085 = AXIS2_PLACEMENT_3D('',#5086,#5087,#5088);
#5086 = CARTESIAN_POINT('',(0.254,-3.302,1.776));
#5087 = DIRECTION('',(-4.440892098501E-16,1.,0.));
#5088 = DIRECTION('',(0.,0.,1.));
#5089 = ADVANCED_FACE('',(#5090),#5149,.F.);
#5090 = FACE_BOUND('',#5091,.F.);
#5091 = EDGE_LOOP('',(#5092,#5093,#5094,#5095,#5103,#5111,#5119,#5127,
    #5135,#5143));
#5092 = ORIENTED_EDGE('',*,*,#3227,.F.);
#5093 = ORIENTED_EDGE('',*,*,#5078,.F.);
#5094 = ORIENTED_EDGE('',*,*,#3374,.F.);
#5095 = ORIENTED_EDGE('',*,*,#5096,.F.);
#5096 = EDGE_CURVE('',#5097,#3367,#5099,.T.);
#5097 = VERTEX_POINT('',#5098);
#5098 = CARTESIAN_POINT('',(-0.127,-2.7685,0.));
#5099 = LINE('',#5100,#5101);
#5100 = CARTESIAN_POINT('',(-0.127,-2.7685,0.));
#5101 = VECTOR('',#5102,1.);
#5102 = DIRECTION('',(4.440892098501E-16,-1.,0.));
#5103 = ORIENTED_EDGE('',*,*,#5104,.F.);
#5104 = EDGE_CURVE('',#5105,#5097,#5107,.T.);
#5105 = VERTEX_POINT('',#5106);
#5106 = CARTESIAN_POINT('',(-0.127,-2.7685,-2.843));
#5107 = LINE('',#5108,#5109);
#5108 = CARTESIAN_POINT('',(-0.127,-2.7685,-2.843));
#5109 = VECTOR('',#5110,1.);
#5110 = DIRECTION('',(0.,0.,1.));
#5111 = ORIENTED_EDGE('',*,*,#5112,.F.);
#5112 = EDGE_CURVE('',#5113,#5105,#5115,.T.);
#5113 = VERTEX_POINT('',#5114);
#5114 = CARTESIAN_POINT('',(-0.127,-2.65425,-3.3));
#5115 = LINE('',#5116,#5117);
#5116 = CARTESIAN_POINT('',(-0.127,-2.65425,-3.3));
#5117 = VECTOR('',#5118,1.);
#5118 = DIRECTION('',(1.077074540829E-16,-0.242535625036,0.970142500145)
  );
#5119 = ORIENTED_EDGE('',*,*,#5120,.F.);
#5120 = EDGE_CURVE('',#5121,#5113,#5123,.T.);
#5121 = VERTEX_POINT('',#5122);
#5122 = CARTESIAN_POINT('',(-0.127,-2.42575,-3.3));
#5123 = LINE('',#5124,#5125);
#5124 = CARTESIAN_POINT('',(-0.127,-2.42575,-3.3));
#5125 = VECTOR('',#5126,1.);
#5126 = DIRECTION('',(4.440892098501E-16,-1.,0.));
#5127 = ORIENTED_EDGE('',*,*,#5128,.F.);
#5128 = EDGE_CURVE('',#5129,#5121,#5131,.T.);
#5129 = VERTEX_POINT('',#5130);
#5130 = CARTESIAN_POINT('',(-0.127,-2.3115,-2.843));
#5131 = LINE('',#5132,#5133);
#5132 = CARTESIAN_POINT('',(-0.127,-2.3115,-2.843));
#5133 = VECTOR('',#5134,1.);
#5134 = DIRECTION('',(1.077074540829E-16,-0.242535625036,-0.970142500145
    ));
#5135 = ORIENTED_EDGE('',*,*,#5136,.F.);
#5136 = EDGE_CURVE('',#5137,#5129,#5139,.T.);
#5137 = VERTEX_POINT('',#5138);
#5138 = CARTESIAN_POINT('',(-0.127,-2.3115,0.));
#5139 = LINE('',#5140,#5141);
#5140 = CARTESIAN_POINT('',(-0.127,-2.3115,0.));
#5141 = VECTOR('',#5142,1.);
#5142 = DIRECTION('',(-0.,0.,-1.));
#5143 = ORIENTED_EDGE('',*,*,#5144,.F.);
#5144 = EDGE_CURVE('',#3220,#5137,#5145,.T.);
#5145 = LINE('',#5146,#5147);
#5146 = CARTESIAN_POINT('',(-0.127,-1.778,0.));
#5147 = VECTOR('',#5148,1.);
#5148 = DIRECTION('',(4.440892098501E-16,-1.,0.));
#5149 = PLANE('',#5150);
#5150 = AXIS2_PLACEMENT_3D('',#5151,#5152,#5153);
#5151 = CARTESIAN_POINT('',(-0.127,-1.778,2.157));
#5152 = DIRECTION('',(1.,4.440892098501E-16,0.));
#5153 = DIRECTION('',(0.,0.,-1.));
#5154 = ADVANCED_FACE('',(#5155),#5173,.T.);
#5155 = FACE_BOUND('',#5156,.T.);
#5156 = EDGE_LOOP('',(#5157,#5158,#5166,#5172));
#5157 = ORIENTED_EDGE('',*,*,#3219,.T.);
#5158 = ORIENTED_EDGE('',*,*,#5159,.T.);
#5159 = EDGE_CURVE('',#3212,#5160,#5162,.T.);
#5160 = VERTEX_POINT('',#5161);
#5161 = CARTESIAN_POINT('',(0.127,-2.3115,0.));
#5162 = LINE('',#5163,#5164);
#5163 = CARTESIAN_POINT('',(0.127,-1.778,0.));
#5164 = VECTOR('',#5165,1.);
#5165 = DIRECTION('',(4.440892098501E-16,-1.,0.));
#5166 = ORIENTED_EDGE('',*,*,#5167,.F.);
#5167 = EDGE_CURVE('',#5137,#5160,#5168,.T.);
#5168 = LINE('',#5169,#5170);
#5169 = CARTESIAN_POINT('',(-0.127,-2.3115,0.));
#5170 = VECTOR('',#5171,1.);
#5171 = DIRECTION('',(1.,4.440892098501E-16,0.));
#5172 = ORIENTED_EDGE('',*,*,#5144,.F.);
#5173 = PLANE('',#5174);
#5174 = AXIS2_PLACEMENT_3D('',#5175,#5176,#5177);
#5175 = CARTESIAN_POINT('',(-0.127,-1.778,0.));
#5176 = DIRECTION('',(0.,0.,-1.));
#5177 = DIRECTION('',(4.440892098501E-16,-1.,0.));
#5178 = ADVANCED_FACE('',(#5179),#5231,.T.);
#5179 = FACE_BOUND('',#5180,.T.);
#5180 = EDGE_LOOP('',(#5181,#5182,#5183,#5184,#5192,#5200,#5208,#5216,
    #5224,#5230));
#5181 = ORIENTED_EDGE('',*,*,#3211,.F.);
#5182 = ORIENTED_EDGE('',*,*,#3388,.T.);
#5183 = ORIENTED_EDGE('',*,*,#3358,.F.);
#5184 = ORIENTED_EDGE('',*,*,#5185,.F.);
#5185 = EDGE_CURVE('',#5186,#3359,#5188,.T.);
#5186 = VERTEX_POINT('',#5187);
#5187 = CARTESIAN_POINT('',(0.127,-2.7685,0.));
#5188 = LINE('',#5189,#5190);
#5189 = CARTESIAN_POINT('',(0.127,-2.7685,0.));
#5190 = VECTOR('',#5191,1.);
#5191 = DIRECTION('',(4.440892098501E-16,-1.,0.));
#5192 = ORIENTED_EDGE('',*,*,#5193,.F.);
#5193 = EDGE_CURVE('',#5194,#5186,#5196,.T.);
#5194 = VERTEX_POINT('',#5195);
#5195 = CARTESIAN_POINT('',(0.127,-2.7685,-2.843));
#5196 = LINE('',#5197,#5198);
#5197 = CARTESIAN_POINT('',(0.127,-2.7685,-2.843));
#5198 = VECTOR('',#5199,1.);
#5199 = DIRECTION('',(0.,0.,1.));
#5200 = ORIENTED_EDGE('',*,*,#5201,.F.);
#5201 = EDGE_CURVE('',#5202,#5194,#5204,.T.);
#5202 = VERTEX_POINT('',#5203);
#5203 = CARTESIAN_POINT('',(0.127,-2.65425,-3.3));
#5204 = LINE('',#5205,#5206);
#5205 = CARTESIAN_POINT('',(0.127,-2.65425,-3.3));
#5206 = VECTOR('',#5207,1.);
#5207 = DIRECTION('',(1.077074540829E-16,-0.242535625036,0.970142500145)
  );
#5208 = ORIENTED_EDGE('',*,*,#5209,.F.);
#5209 = EDGE_CURVE('',#5210,#5202,#5212,.T.);
#5210 = VERTEX_POINT('',#5211);
#5211 = CARTESIAN_POINT('',(0.127,-2.42575,-3.3));
#5212 = LINE('',#5213,#5214);
#5213 = CARTESIAN_POINT('',(0.127,-2.42575,-3.3));
#5214 = VECTOR('',#5215,1.);
#5215 = DIRECTION('',(4.440892098501E-16,-1.,0.));
#5216 = ORIENTED_EDGE('',*,*,#5217,.F.);
#5217 = EDGE_CURVE('',#5218,#5210,#5220,.T.);
#5218 = VERTEX_POINT('',#5219);
#5219 = CARTESIAN_POINT('',(0.127,-2.3115,-2.843));
#5220 = LINE('',#5221,#5222);
#5221 = CARTESIAN_POINT('',(0.127,-2.3115,-2.843));
#5222 = VECTOR('',#5223,1.);
#5223 = DIRECTION('',(1.077074540829E-16,-0.242535625036,-0.970142500145
    ));
#5224 = ORIENTED_EDGE('',*,*,#5225,.F.);
#5225 = EDGE_CURVE('',#5160,#5218,#5226,.T.);
#5226 = LINE('',#5227,#5228);
#5227 = CARTESIAN_POINT('',(0.127,-2.3115,0.));
#5228 = VECTOR('',#5229,1.);
#5229 = DIRECTION('',(-0.,0.,-1.));
#5230 = ORIENTED_EDGE('',*,*,#5159,.F.);
#5231 = PLANE('',#5232);
#5232 = AXIS2_PLACEMENT_3D('',#5233,#5234,#5235);
#5233 = CARTESIAN_POINT('',(0.127,-1.778,2.157));
#5234 = DIRECTION('',(1.,4.440892098501E-16,0.));
#5235 = DIRECTION('',(0.,0.,-1.));
#5236 = ADVANCED_FACE('',(#5237),#5253,.T.);
#5237 = FACE_BOUND('',#5238,.T.);
#5238 = EDGE_LOOP('',(#5239,#5245,#5246,#5252));
#5239 = ORIENTED_EDGE('',*,*,#5240,.T.);
#5240 = EDGE_CURVE('',#3242,#3406,#5241,.T.);
#5241 = LINE('',#5242,#5243);
#5242 = CARTESIAN_POINT('',(0.254,-5.842,2.157));
#5243 = VECTOR('',#5244,1.);
#5244 = DIRECTION('',(-4.440892098501E-16,1.,0.));
#5245 = ORIENTED_EDGE('',*,*,#3405,.T.);
#5246 = ORIENTED_EDGE('',*,*,#5247,.F.);
#5247 = EDGE_CURVE('',#3244,#3408,#5248,.T.);
#5248 = LINE('',#5249,#5250);
#5249 = CARTESIAN_POINT('',(-0.127,-5.842,1.776));
#5250 = VECTOR('',#5251,1.);
#5251 = DIRECTION('',(-4.440892098501E-16,1.,0.));
#5252 = ORIENTED_EDGE('',*,*,#3241,.F.);
#5253 = CYLINDRICAL_SURFACE('',#5254,0.381);
#5254 = AXIS2_PLACEMENT_3D('',#5255,#5256,#5257);
#5255 = CARTESIAN_POINT('',(0.254,-5.842,1.776));
#5256 = DIRECTION('',(-4.440892098501E-16,1.,0.));
#5257 = DIRECTION('',(0.,0.,1.));
#5258 = ADVANCED_FACE('',(#5259),#5318,.F.);
#5259 = FACE_BOUND('',#5260,.F.);
#5260 = EDGE_LOOP('',(#5261,#5262,#5263,#5264,#5272,#5280,#5288,#5296,
    #5304,#5312));
#5261 = ORIENTED_EDGE('',*,*,#3449,.F.);
#5262 = ORIENTED_EDGE('',*,*,#5247,.F.);
#5263 = ORIENTED_EDGE('',*,*,#3285,.F.);
#5264 = ORIENTED_EDGE('',*,*,#5265,.F.);
#5265 = EDGE_CURVE('',#5266,#3278,#5268,.T.);
#5266 = VERTEX_POINT('',#5267);
#5267 = CARTESIAN_POINT('',(-0.127,-5.3085,0.));
#5268 = LINE('',#5269,#5270);
#5269 = CARTESIAN_POINT('',(-0.127,-5.3085,0.));
#5270 = VECTOR('',#5271,1.);
#5271 = DIRECTION('',(4.440892098501E-16,-1.,0.));
#5272 = ORIENTED_EDGE('',*,*,#5273,.F.);
#5273 = EDGE_CURVE('',#5274,#5266,#5276,.T.);
#5274 = VERTEX_POINT('',#5275);
#5275 = CARTESIAN_POINT('',(-0.127,-5.3085,-2.843));
#5276 = LINE('',#5277,#5278);
#5277 = CARTESIAN_POINT('',(-0.127,-5.3085,-2.843));
#5278 = VECTOR('',#5279,1.);
#5279 = DIRECTION('',(0.,0.,1.));
#5280 = ORIENTED_EDGE('',*,*,#5281,.F.);
#5281 = EDGE_CURVE('',#5282,#5274,#5284,.T.);
#5282 = VERTEX_POINT('',#5283);
#5283 = CARTESIAN_POINT('',(-0.127,-5.19425,-3.3));
#5284 = LINE('',#5285,#5286);
#5285 = CARTESIAN_POINT('',(-0.127,-5.19425,-3.3));
#5286 = VECTOR('',#5287,1.);
#5287 = DIRECTION('',(1.077074540829E-16,-0.242535625036,0.970142500145)
  );
#5288 = ORIENTED_EDGE('',*,*,#5289,.F.);
#5289 = EDGE_CURVE('',#5290,#5282,#5292,.T.);
#5290 = VERTEX_POINT('',#5291);
#5291 = CARTESIAN_POINT('',(-0.127,-4.96575,-3.3));
#5292 = LINE('',#5293,#5294);
#5293 = CARTESIAN_POINT('',(-0.127,-4.96575,-3.3));
#5294 = VECTOR('',#5295,1.);
#5295 = DIRECTION('',(4.440892098501E-16,-1.,0.));
#5296 = ORIENTED_EDGE('',*,*,#5297,.F.);
#5297 = EDGE_CURVE('',#5298,#5290,#5300,.T.);
#5298 = VERTEX_POINT('',#5299);
#5299 = CARTESIAN_POINT('',(-0.127,-4.8515,-2.843));
#5300 = LINE('',#5301,#5302);
#5301 = CARTESIAN_POINT('',(-0.127,-4.8515,-2.843));
#5302 = VECTOR('',#5303,1.);
#5303 = DIRECTION('',(1.077074540829E-16,-0.242535625036,-0.970142500145
    ));
#5304 = ORIENTED_EDGE('',*,*,#5305,.F.);
#5305 = EDGE_CURVE('',#5306,#5298,#5308,.T.);
#5306 = VERTEX_POINT('',#5307);
#5307 = CARTESIAN_POINT('',(-0.127,-4.8515,0.));
#5308 = LINE('',#5309,#5310);
#5309 = CARTESIAN_POINT('',(-0.127,-4.8515,0.));
#5310 = VECTOR('',#5311,1.);
#5311 = DIRECTION('',(-0.,0.,-1.));
#5312 = ORIENTED_EDGE('',*,*,#5313,.F.);
#5313 = EDGE_CURVE('',#3442,#5306,#5314,.T.);
#5314 = LINE('',#5315,#5316);
#5315 = CARTESIAN_POINT('',(-0.127,-4.318,0.));
#5316 = VECTOR('',#5317,1.);
#5317 = DIRECTION('',(4.440892098501E-16,-1.,0.));
#5318 = PLANE('',#5319);
#5319 = AXIS2_PLACEMENT_3D('',#5320,#5321,#5322);
#5320 = CARTESIAN_POINT('',(-0.127,-4.318,2.157));
#5321 = DIRECTION('',(1.,4.440892098501E-16,0.));
#5322 = DIRECTION('',(0.,0.,-1.));
#5323 = ADVANCED_FACE('',(#5324),#5342,.T.);
#5324 = FACE_BOUND('',#5325,.T.);
#5325 = EDGE_LOOP('',(#5326,#5334,#5340,#5341));
#5326 = ORIENTED_EDGE('',*,*,#5327,.T.);
#5327 = EDGE_CURVE('',#5266,#5328,#5330,.T.);
#5328 = VERTEX_POINT('',#5329);
#5329 = CARTESIAN_POINT('',(0.127,-5.3085,0.));
#5330 = LINE('',#5331,#5332);
#5331 = CARTESIAN_POINT('',(-0.127,-5.3085,0.));
#5332 = VECTOR('',#5333,1.);
#5333 = DIRECTION('',(1.,4.440892098501E-16,0.));
#5334 = ORIENTED_EDGE('',*,*,#5335,.T.);
#5335 = EDGE_CURVE('',#5328,#3270,#5336,.T.);
#5336 = LINE('',#5337,#5338);
#5337 = CARTESIAN_POINT('',(0.127,-5.3085,0.));
#5338 = VECTOR('',#5339,1.);
#5339 = DIRECTION('',(4.440892098501E-16,-1.,0.));
#5340 = ORIENTED_EDGE('',*,*,#3277,.F.);
#5341 = ORIENTED_EDGE('',*,*,#5265,.F.);
#5342 = PLANE('',#5343);
#5343 = AXIS2_PLACEMENT_3D('',#5344,#5345,#5346);
#5344 = CARTESIAN_POINT('',(-0.127,-5.3085,0.));
#5345 = DIRECTION('',(0.,0.,-1.));
#5346 = DIRECTION('',(4.440892098501E-16,-1.,0.));
#5347 = ADVANCED_FACE('',(#5348),#5400,.T.);
#5348 = FACE_BOUND('',#5349,.T.);
#5349 = EDGE_LOOP('',(#5350,#5351,#5352,#5353,#5354,#5362,#5370,#5378,
    #5386,#5394));
#5350 = ORIENTED_EDGE('',*,*,#3433,.F.);
#5351 = ORIENTED_EDGE('',*,*,#3463,.T.);
#5352 = ORIENTED_EDGE('',*,*,#3269,.F.);
#5353 = ORIENTED_EDGE('',*,*,#5335,.F.);
#5354 = ORIENTED_EDGE('',*,*,#5355,.F.);
#5355 = EDGE_CURVE('',#5356,#5328,#5358,.T.);
#5356 = VERTEX_POINT('',#5357);
#5357 = CARTESIAN_POINT('',(0.127,-5.3085,-2.843));
#5358 = LINE('',#5359,#5360);
#5359 = CARTESIAN_POINT('',(0.127,-5.3085,-2.843));
#5360 = VECTOR('',#5361,1.);
#5361 = DIRECTION('',(0.,0.,1.));
#5362 = ORIENTED_EDGE('',*,*,#5363,.F.);
#5363 = EDGE_CURVE('',#5364,#5356,#5366,.T.);
#5364 = VERTEX_POINT('',#5365);
#5365 = CARTESIAN_POINT('',(0.127,-5.19425,-3.3));
#5366 = LINE('',#5367,#5368);
#5367 = CARTESIAN_POINT('',(0.127,-5.19425,-3.3));
#5368 = VECTOR('',#5369,1.);
#5369 = DIRECTION('',(1.077074540829E-16,-0.242535625036,0.970142500145)
  );
#5370 = ORIENTED_EDGE('',*,*,#5371,.F.);
#5371 = EDGE_CURVE('',#5372,#5364,#5374,.T.);
#5372 = VERTEX_POINT('',#5373);
#5373 = CARTESIAN_POINT('',(0.127,-4.96575,-3.3));
#5374 = LINE('',#5375,#5376);
#5375 = CARTESIAN_POINT('',(0.127,-4.96575,-3.3));
#5376 = VECTOR('',#5377,1.);
#5377 = DIRECTION('',(4.440892098501E-16,-1.,0.));
#5378 = ORIENTED_EDGE('',*,*,#5379,.F.);
#5379 = EDGE_CURVE('',#5380,#5372,#5382,.T.);
#5380 = VERTEX_POINT('',#5381);
#5381 = CARTESIAN_POINT('',(0.127,-4.8515,-2.843));
#5382 = LINE('',#5383,#5384);
#5383 = CARTESIAN_POINT('',(0.127,-4.8515,-2.843));
#5384 = VECTOR('',#5385,1.);
#5385 = DIRECTION('',(1.077074540829E-16,-0.242535625036,-0.970142500145
    ));
#5386 = ORIENTED_EDGE('',*,*,#5387,.F.);
#5387 = EDGE_CURVE('',#5388,#5380,#5390,.T.);
#5388 = VERTEX_POINT('',#5389);
#5389 = CARTESIAN_POINT('',(0.127,-4.8515,0.));
#5390 = LINE('',#5391,#5392);
#5391 = CARTESIAN_POINT('',(0.127,-4.8515,0.));
#5392 = VECTOR('',#5393,1.);
#5393 = DIRECTION('',(-0.,0.,-1.));
#5394 = ORIENTED_EDGE('',*,*,#5395,.F.);
#5395 = EDGE_CURVE('',#3434,#5388,#5396,.T.);
#5396 = LINE('',#5397,#5398);
#5397 = CARTESIAN_POINT('',(0.127,-4.318,0.));
#5398 = VECTOR('',#5399,1.);
#5399 = DIRECTION('',(4.440892098501E-16,-1.,0.));
#5400 = PLANE('',#5401);
#5401 = AXIS2_PLACEMENT_3D('',#5402,#5403,#5404);
#5402 = CARTESIAN_POINT('',(0.127,-4.318,2.157));
#5403 = DIRECTION('',(1.,4.440892098501E-16,0.));
#5404 = DIRECTION('',(0.,0.,-1.));
#5405 = ADVANCED_FACE('',(#5406),#5414,.T.);
#5406 = FACE_BOUND('',#5407,.T.);
#5407 = EDGE_LOOP('',(#5408,#5409,#5410,#5411,#5412,#5413));
#5408 = ORIENTED_EDGE('',*,*,#3299,.F.);
#5409 = ORIENTED_EDGE('',*,*,#4685,.F.);
#5410 = ORIENTED_EDGE('',*,*,#3489,.F.);
#5411 = ORIENTED_EDGE('',*,*,#3416,.F.);
#5412 = ORIENTED_EDGE('',*,*,#5240,.F.);
#5413 = ORIENTED_EDGE('',*,*,#3252,.F.);
#5414 = PLANE('',#5415);
#5415 = AXIS2_PLACEMENT_3D('',#5416,#5417,#5418);
#5416 = CARTESIAN_POINT('',(3.683,-5.842,2.157));
#5417 = DIRECTION('',(0.,0.,1.));
#5418 = DIRECTION('',(-4.440892098501E-16,1.,0.));
#5419 = ADVANCED_FACE('',(#5420),#5431,.T.);
#5420 = FACE_BOUND('',#5421,.T.);
#5421 = EDGE_LOOP('',(#5422,#5428,#5429,#5430));
#5422 = ORIENTED_EDGE('',*,*,#5423,.T.);
#5423 = EDGE_CURVE('',#5097,#5186,#5424,.T.);
#5424 = LINE('',#5425,#5426);
#5425 = CARTESIAN_POINT('',(-0.127,-2.7685,0.));
#5426 = VECTOR('',#5427,1.);
#5427 = DIRECTION('',(1.,4.440892098501E-16,0.));
#5428 = ORIENTED_EDGE('',*,*,#5185,.T.);
#5429 = ORIENTED_EDGE('',*,*,#3366,.F.);
#5430 = ORIENTED_EDGE('',*,*,#5096,.F.);
#5431 = PLANE('',#5432);
#5432 = AXIS2_PLACEMENT_3D('',#5433,#5434,#5435);
#5433 = CARTESIAN_POINT('',(-0.127,-2.7685,0.));
#5434 = DIRECTION('',(0.,0.,-1.));
#5435 = DIRECTION('',(4.440892098501E-16,-1.,0.));
#5436 = ADVANCED_FACE('',(#5437),#5448,.T.);
#5437 = FACE_BOUND('',#5438,.T.);
#5438 = EDGE_LOOP('',(#5439,#5440,#5441,#5447));
#5439 = ORIENTED_EDGE('',*,*,#3441,.T.);
#5440 = ORIENTED_EDGE('',*,*,#5395,.T.);
#5441 = ORIENTED_EDGE('',*,*,#5442,.F.);
#5442 = EDGE_CURVE('',#5306,#5388,#5443,.T.);
#5443 = LINE('',#5444,#5445);
#5444 = CARTESIAN_POINT('',(-0.127,-4.8515,0.));
#5445 = VECTOR('',#5446,1.);
#5446 = DIRECTION('',(1.,4.440892098501E-16,0.));
#5447 = ORIENTED_EDGE('',*,*,#5313,.F.);
#5448 = PLANE('',#5449);
#5449 = AXIS2_PLACEMENT_3D('',#5450,#5451,#5452);
#5450 = CARTESIAN_POINT('',(-0.127,-4.318,0.));
#5451 = DIRECTION('',(0.,0.,-1.));
#5452 = DIRECTION('',(4.440892098501E-16,-1.,0.));
#5453 = ADVANCED_FACE('',(#5454),#5465,.T.);
#5454 = FACE_BOUND('',#5455,.T.);
#5455 = EDGE_LOOP('',(#5456,#5457,#5458,#5464));
#5456 = ORIENTED_EDGE('',*,*,#3513,.T.);
#5457 = ORIENTED_EDGE('',*,*,#3572,.T.);
#5458 = ORIENTED_EDGE('',*,*,#5459,.F.);
#5459 = EDGE_CURVE('',#4700,#3565,#5460,.T.);
#5460 = LINE('',#5461,#5462);
#5461 = CARTESIAN_POINT('',(1.033723643423,-8.046276356577,3.68));
#5462 = VECTOR('',#5463,1.);
#5463 = DIRECTION('',(1.,4.440892098501E-16,0.));
#5464 = ORIENTED_EDGE('',*,*,#4699,.F.);
#5465 = B_SPLINE_SURFACE_WITH_KNOTS('',1,1,(
    (#5466,#5467)
    ,(#5468,#5469
    )),.UNSPECIFIED.,.F.,.F.,.F.,(2,2),(2,2),(0.,6.2),(0.,1.),
  .PIECEWISE_BEZIER_KNOTS.);
#5466 = CARTESIAN_POINT('',(0.71,-8.37,2.157));
#5467 = CARTESIAN_POINT('',(1.033723643423,-8.046276356577,3.68));
#5468 = CARTESIAN_POINT('',(6.91,-8.37,2.157));
#5469 = CARTESIAN_POINT('',(6.586276356577,-8.046276356577,3.68));
#5470 = ADVANCED_FACE('',(#5471),#5494,.F.);
#5471 = FACE_BOUND('',#5472,.F.);
#5472 = EDGE_LOOP('',(#5473,#5474,#5475,#5476,#5477,#5486,#5493));
#5473 = ORIENTED_EDGE('',*,*,#3564,.F.);
#5474 = ORIENTED_EDGE('',*,*,#5459,.F.);
#5475 = ORIENTED_EDGE('',*,*,#4706,.F.);
#5476 = ORIENTED_EDGE('',*,*,#4330,.F.);
#5477 = ORIENTED_EDGE('',*,*,#5478,.F.);
#5478 = EDGE_CURVE('',#5479,#4331,#5481,.T.);
#5479 = VERTEX_POINT('',#5480);
#5480 = CARTESIAN_POINT('',(3.81,-0.248723643423,3.68));
#5481 = CIRCLE('',#5482,0.75);
#5482 = AXIS2_PLACEMENT_3D('',#5483,#5484,#5485);
#5483 = CARTESIAN_POINT('',(3.81,0.501276356577,3.68));
#5484 = DIRECTION('',(0.,-0.,-1.));
#5485 = DIRECTION('',(4.440892098501E-16,-1.,0.));
#5486 = ORIENTED_EDGE('',*,*,#5487,.F.);
#5487 = EDGE_CURVE('',#4551,#5479,#5488,.T.);
#5488 = CIRCLE('',#5489,0.75);
#5489 = AXIS2_PLACEMENT_3D('',#5490,#5491,#5492);
#5490 = CARTESIAN_POINT('',(3.81,0.501276356577,3.68));
#5491 = DIRECTION('',(0.,-0.,-1.));
#5492 = DIRECTION('',(4.440892098501E-16,-1.,0.));
#5493 = ORIENTED_EDGE('',*,*,#4656,.F.);
#5494 = PLANE('',#5495);
#5495 = AXIS2_PLACEMENT_3D('',#5496,#5497,#5498);
#5496 = CARTESIAN_POINT('',(6.586276356577,-8.046276356577,3.68));
#5497 = DIRECTION('',(-0.,0.,-1.));
#5498 = DIRECTION('',(-0.548134684942,0.836390080742,0.));
#5499 = ADVANCED_FACE('',(#5500),#5511,.T.);
#5500 = FACE_BOUND('',#5501,.T.);
#5501 = EDGE_LOOP('',(#5502,#5503,#5504,#5510));
#5502 = ORIENTED_EDGE('',*,*,#3655,.T.);
#5503 = ORIENTED_EDGE('',*,*,#3631,.T.);
#5504 = ORIENTED_EDGE('',*,*,#5505,.F.);
#5505 = EDGE_CURVE('',#3702,#3624,#5506,.T.);
#5506 = LINE('',#5507,#5508);
#5507 = CARTESIAN_POINT('',(7.747,-7.50575,-3.3));
#5508 = VECTOR('',#5509,1.);
#5509 = DIRECTION('',(-1.,-3.216245299353E-16,0.));
#5510 = ORIENTED_EDGE('',*,*,#3709,.F.);
#5511 = PLANE('',#5512);
#5512 = AXIS2_PLACEMENT_3D('',#5513,#5514,#5515);
#5513 = CARTESIAN_POINT('',(7.747,-7.73425,-3.3));
#5514 = DIRECTION('',(-0.,0.,-1.));
#5515 = DIRECTION('',(-3.216245299353E-16,1.,0.));
#5516 = ADVANCED_FACE('',(#5517),#5528,.T.);
#5517 = FACE_BOUND('',#5518,.T.);
#5518 = EDGE_LOOP('',(#5519,#5520,#5521,#5527));
#5519 = ORIENTED_EDGE('',*,*,#5505,.T.);
#5520 = ORIENTED_EDGE('',*,*,#3623,.T.);
#5521 = ORIENTED_EDGE('',*,*,#5522,.F.);
#5522 = EDGE_CURVE('',#3694,#3616,#5523,.T.);
#5523 = LINE('',#5524,#5525);
#5524 = CARTESIAN_POINT('',(7.747,-7.3915,-2.843));
#5525 = VECTOR('',#5526,1.);
#5526 = DIRECTION('',(-1.,-3.216245299353E-16,0.));
#5527 = ORIENTED_EDGE('',*,*,#3701,.F.);
#5528 = PLANE('',#5529);
#5529 = AXIS2_PLACEMENT_3D('',#5530,#5531,#5532);
#5530 = CARTESIAN_POINT('',(7.747,-7.50575,-3.3));
#5531 = DIRECTION('',(-3.120216255796E-16,0.970142500145,-0.242535625036
    ));
#5532 = DIRECTION('',(-7.800540639491E-17,0.242535625036,0.970142500145)
  );
#5533 = ADVANCED_FACE('',(#5534),#5540,.T.);
#5534 = FACE_BOUND('',#5535,.T.);
#5535 = EDGE_LOOP('',(#5536,#5537,#5538,#5539));
#5536 = ORIENTED_EDGE('',*,*,#5522,.T.);
#5537 = ORIENTED_EDGE('',*,*,#3615,.T.);
#5538 = ORIENTED_EDGE('',*,*,#3887,.F.);
#5539 = ORIENTED_EDGE('',*,*,#3693,.F.);
#5540 = PLANE('',#5541);
#5541 = AXIS2_PLACEMENT_3D('',#5542,#5543,#5544);
#5542 = CARTESIAN_POINT('',(7.747,-7.3915,-2.843));
#5543 = DIRECTION('',(-3.216245299353E-16,1.,0.));
#5544 = DIRECTION('',(0.,0.,1.));
#5545 = ADVANCED_FACE('',(#5546),#5557,.F.);
#5546 = FACE_BOUND('',#5547,.F.);
#5547 = EDGE_LOOP('',(#5548,#5549,#5550,#5556));
#5548 = ORIENTED_EDGE('',*,*,#3830,.T.);
#5549 = ORIENTED_EDGE('',*,*,#3872,.T.);
#5550 = ORIENTED_EDGE('',*,*,#5551,.F.);
#5551 = EDGE_CURVE('',#3792,#3865,#5552,.T.);
#5552 = LINE('',#5553,#5554);
#5553 = CARTESIAN_POINT('',(7.747,-0.11425,-3.3));
#5554 = VECTOR('',#5555,1.);
#5555 = DIRECTION('',(-1.,-3.216245299353E-16,0.));
#5556 = ORIENTED_EDGE('',*,*,#3799,.F.);
#5557 = PLANE('',#5558);
#5558 = AXIS2_PLACEMENT_3D('',#5559,#5560,#5561);
#5559 = CARTESIAN_POINT('',(7.747,0.11425,-3.3));
#5560 = DIRECTION('',(0.,0.,1.));
#5561 = DIRECTION('',(3.216245299353E-16,-1.,0.));
#5562 = ADVANCED_FACE('',(#5563),#5574,.F.);
#5563 = FACE_BOUND('',#5564,.F.);
#5564 = EDGE_LOOP('',(#5565,#5566,#5567,#5573));
#5565 = ORIENTED_EDGE('',*,*,#5551,.T.);
#5566 = ORIENTED_EDGE('',*,*,#3864,.T.);
#5567 = ORIENTED_EDGE('',*,*,#5568,.F.);
#5568 = EDGE_CURVE('',#3784,#3857,#5569,.T.);
#5569 = LINE('',#5570,#5571);
#5570 = CARTESIAN_POINT('',(7.747,-0.2285,-2.843));
#5571 = VECTOR('',#5572,1.);
#5572 = DIRECTION('',(-1.,-3.216245299353E-16,0.));
#5573 = ORIENTED_EDGE('',*,*,#3791,.F.);
#5574 = PLANE('',#5575);
#5575 = AXIS2_PLACEMENT_3D('',#5576,#5577,#5578);
#5576 = CARTESIAN_POINT('',(7.747,-0.11425,-3.3));
#5577 = DIRECTION('',(-3.120216255796E-16,0.970142500145,0.242535625036)
  );
#5578 = DIRECTION('',(7.800540639491E-17,-0.242535625036,0.970142500145)
  );
#5579 = ADVANCED_FACE('',(#5580),#5586,.F.);
#5580 = FACE_BOUND('',#5581,.F.);
#5581 = EDGE_LOOP('',(#5582,#5583,#5584,#5585));
#5582 = ORIENTED_EDGE('',*,*,#5568,.T.);
#5583 = ORIENTED_EDGE('',*,*,#3856,.T.);
#5584 = ORIENTED_EDGE('',*,*,#3904,.F.);
#5585 = ORIENTED_EDGE('',*,*,#3783,.F.);
#5586 = PLANE('',#5587);
#5587 = AXIS2_PLACEMENT_3D('',#5588,#5589,#5590);
#5588 = CARTESIAN_POINT('',(7.747,-0.2285,-2.843));
#5589 = DIRECTION('',(-3.216245299353E-16,1.,0.));
#5590 = DIRECTION('',(0.,0.,1.));
#5591 = ADVANCED_FACE('',(#5592),#5603,.T.);
#5592 = FACE_BOUND('',#5593,.T.);
#5593 = EDGE_LOOP('',(#5594,#5595,#5596,#5602));
#5594 = ORIENTED_EDGE('',*,*,#4007,.T.);
#5595 = ORIENTED_EDGE('',*,*,#3983,.T.);
#5596 = ORIENTED_EDGE('',*,*,#5597,.F.);
#5597 = EDGE_CURVE('',#4070,#3976,#5598,.T.);
#5598 = LINE('',#5599,#5600);
#5599 = CARTESIAN_POINT('',(7.747,-5.3085,-2.843));
#5600 = VECTOR('',#5601,1.);
#5601 = DIRECTION('',(-1.,-3.216245299353E-16,0.));
#5602 = ORIENTED_EDGE('',*,*,#4077,.F.);
#5603 = PLANE('',#5604);
#5604 = AXIS2_PLACEMENT_3D('',#5605,#5606,#5607);
#5605 = CARTESIAN_POINT('',(7.747,-5.3085,0.));
#5606 = DIRECTION('',(3.216245299353E-16,-1.,0.));
#5607 = DIRECTION('',(0.,0.,-1.));
#5608 = ADVANCED_FACE('',(#5609),#5620,.T.);
#5609 = FACE_BOUND('',#5610,.T.);
#5610 = EDGE_LOOP('',(#5611,#5612,#5613,#5619));
#5611 = ORIENTED_EDGE('',*,*,#5597,.T.);
#5612 = ORIENTED_EDGE('',*,*,#3975,.T.);
#5613 = ORIENTED_EDGE('',*,*,#5614,.F.);
#5614 = EDGE_CURVE('',#4062,#3968,#5615,.T.);
#5615 = LINE('',#5616,#5617);
#5616 = CARTESIAN_POINT('',(7.747,-5.19425,-3.3));
#5617 = VECTOR('',#5618,1.);
#5618 = DIRECTION('',(-1.,-3.216245299353E-16,0.));
#5619 = ORIENTED_EDGE('',*,*,#4069,.F.);
#5620 = PLANE('',#5621);
#5621 = AXIS2_PLACEMENT_3D('',#5622,#5623,#5624);
#5622 = CARTESIAN_POINT('',(7.747,-5.3085,-2.843));
#5623 = DIRECTION('',(3.120216255796E-16,-0.970142500145,-0.242535625036
    ));
#5624 = DIRECTION('',(-7.800540639491E-17,0.242535625036,-0.970142500145
    ));
#5625 = ADVANCED_FACE('',(#5626),#5637,.T.);
#5626 = FACE_BOUND('',#5627,.T.);
#5627 = EDGE_LOOP('',(#5628,#5634,#5635,#5636));
#5628 = ORIENTED_EDGE('',*,*,#5629,.T.);
#5629 = EDGE_CURVE('',#4046,#3952,#5630,.T.);
#5630 = LINE('',#5631,#5632);
#5631 = CARTESIAN_POINT('',(7.747,-4.8515,-2.843));
#5632 = VECTOR('',#5633,1.);
#5633 = DIRECTION('',(-1.,-3.216245299353E-16,0.));
#5634 = ORIENTED_EDGE('',*,*,#3951,.T.);
#5635 = ORIENTED_EDGE('',*,*,#4287,.F.);
#5636 = ORIENTED_EDGE('',*,*,#4045,.F.);
#5637 = PLANE('',#5638);
#5638 = AXIS2_PLACEMENT_3D('',#5639,#5640,#5641);
#5639 = CARTESIAN_POINT('',(7.747,-4.8515,-2.843));
#5640 = DIRECTION('',(-3.216245299353E-16,1.,0.));
#5641 = DIRECTION('',(0.,0.,1.));
#5642 = ADVANCED_FACE('',(#5643),#5654,.T.);
#5643 = FACE_BOUND('',#5644,.T.);
#5644 = EDGE_LOOP('',(#5645,#5646,#5647,#5653));
#5645 = ORIENTED_EDGE('',*,*,#5614,.T.);
#5646 = ORIENTED_EDGE('',*,*,#3967,.T.);
#5647 = ORIENTED_EDGE('',*,*,#5648,.F.);
#5648 = EDGE_CURVE('',#4054,#3960,#5649,.T.);
#5649 = LINE('',#5650,#5651);
#5650 = CARTESIAN_POINT('',(7.747,-4.96575,-3.3));
#5651 = VECTOR('',#5652,1.);
#5652 = DIRECTION('',(-1.,-3.216245299353E-16,0.));
#5653 = ORIENTED_EDGE('',*,*,#4061,.F.);
#5654 = PLANE('',#5655);
#5655 = AXIS2_PLACEMENT_3D('',#5656,#5657,#5658);
#5656 = CARTESIAN_POINT('',(7.747,-5.19425,-3.3));
#5657 = DIRECTION('',(-0.,0.,-1.));
#5658 = DIRECTION('',(-3.216245299353E-16,1.,0.));
#5659 = ADVANCED_FACE('',(#5660),#5666,.T.);
#5660 = FACE_BOUND('',#5661,.T.);
#5661 = EDGE_LOOP('',(#5662,#5663,#5664,#5665));
#5662 = ORIENTED_EDGE('',*,*,#5648,.T.);
#5663 = ORIENTED_EDGE('',*,*,#3959,.T.);
#5664 = ORIENTED_EDGE('',*,*,#5629,.F.);
#5665 = ORIENTED_EDGE('',*,*,#4053,.F.);
#5666 = PLANE('',#5667);
#5667 = AXIS2_PLACEMENT_3D('',#5668,#5669,#5670);
#5668 = CARTESIAN_POINT('',(7.747,-4.96575,-3.3));
#5669 = DIRECTION('',(-3.120216255796E-16,0.970142500145,-0.242535625036
    ));
#5670 = DIRECTION('',(-7.800540639491E-17,0.242535625036,0.970142500145)
  );
#5671 = ADVANCED_FACE('',(#5672),#5683,.T.);
#5672 = FACE_BOUND('',#5673,.T.);
#5673 = EDGE_LOOP('',(#5674,#5675,#5676,#5682));
#5674 = ORIENTED_EDGE('',*,*,#4306,.T.);
#5675 = ORIENTED_EDGE('',*,*,#4147,.T.);
#5676 = ORIENTED_EDGE('',*,*,#5677,.F.);
#5677 = EDGE_CURVE('',#4227,#4140,#5678,.T.);
#5678 = LINE('',#5679,#5680);
#5679 = CARTESIAN_POINT('',(7.747,-2.7685,-2.843));
#5680 = VECTOR('',#5681,1.);
#5681 = DIRECTION('',(-1.,-3.216245299353E-16,0.));
#5682 = ORIENTED_EDGE('',*,*,#4234,.F.);
#5683 = PLANE('',#5684);
#5684 = AXIS2_PLACEMENT_3D('',#5685,#5686,#5687);
#5685 = CARTESIAN_POINT('',(7.747,-2.7685,0.));
#5686 = DIRECTION('',(3.216245299353E-16,-1.,0.));
#5687 = DIRECTION('',(0.,0.,-1.));
#5688 = ADVANCED_FACE('',(#5689),#5700,.T.);
#5689 = FACE_BOUND('',#5690,.T.);
#5690 = EDGE_LOOP('',(#5691,#5692,#5693,#5699));
#5691 = ORIENTED_EDGE('',*,*,#5677,.T.);
#5692 = ORIENTED_EDGE('',*,*,#4139,.T.);
#5693 = ORIENTED_EDGE('',*,*,#5694,.F.);
#5694 = EDGE_CURVE('',#4219,#4132,#5695,.T.);
#5695 = LINE('',#5696,#5697);
#5696 = CARTESIAN_POINT('',(7.747,-2.65425,-3.3));
#5697 = VECTOR('',#5698,1.);
#5698 = DIRECTION('',(-1.,-3.216245299353E-16,0.));
#5699 = ORIENTED_EDGE('',*,*,#4226,.F.);
#5700 = PLANE('',#5701);
#5701 = AXIS2_PLACEMENT_3D('',#5702,#5703,#5704);
#5702 = CARTESIAN_POINT('',(7.747,-2.7685,-2.843));
#5703 = DIRECTION('',(3.120216255796E-16,-0.970142500145,-0.242535625036
    ));
#5704 = DIRECTION('',(-7.800540639491E-17,0.242535625036,-0.970142500145
    ));
#5705 = ADVANCED_FACE('',(#5706),#5717,.T.);
#5706 = FACE_BOUND('',#5707,.T.);
#5707 = EDGE_LOOP('',(#5708,#5714,#5715,#5716));
#5708 = ORIENTED_EDGE('',*,*,#5709,.T.);
#5709 = EDGE_CURVE('',#4203,#4116,#5710,.T.);
#5710 = LINE('',#5711,#5712);
#5711 = CARTESIAN_POINT('',(7.747,-2.3115,-2.843));
#5712 = VECTOR('',#5713,1.);
#5713 = DIRECTION('',(-1.,-3.216245299353E-16,0.));
#5714 = ORIENTED_EDGE('',*,*,#4115,.T.);
#5715 = ORIENTED_EDGE('',*,*,#4169,.F.);
#5716 = ORIENTED_EDGE('',*,*,#4202,.F.);
#5717 = PLANE('',#5718);
#5718 = AXIS2_PLACEMENT_3D('',#5719,#5720,#5721);
#5719 = CARTESIAN_POINT('',(7.747,-2.3115,-2.843));
#5720 = DIRECTION('',(-3.216245299353E-16,1.,0.));
#5721 = DIRECTION('',(0.,0.,1.));
#5722 = ADVANCED_FACE('',(#5723),#5734,.T.);
#5723 = FACE_BOUND('',#5724,.T.);
#5724 = EDGE_LOOP('',(#5725,#5726,#5727,#5733));
#5725 = ORIENTED_EDGE('',*,*,#5694,.T.);
#5726 = ORIENTED_EDGE('',*,*,#4131,.T.);
#5727 = ORIENTED_EDGE('',*,*,#5728,.F.);
#5728 = EDGE_CURVE('',#4211,#4124,#5729,.T.);
#5729 = LINE('',#5730,#5731);
#5730 = CARTESIAN_POINT('',(7.747,-2.42575,-3.3));
#5731 = VECTOR('',#5732,1.);
#5732 = DIRECTION('',(-1.,-3.216245299353E-16,0.));
#5733 = ORIENTED_EDGE('',*,*,#4218,.F.);
#5734 = PLANE('',#5735);
#5735 = AXIS2_PLACEMENT_3D('',#5736,#5737,#5738);
#5736 = CARTESIAN_POINT('',(7.747,-2.65425,-3.3));
#5737 = DIRECTION('',(-0.,0.,-1.));
#5738 = DIRECTION('',(-3.216245299353E-16,1.,0.));
#5739 = ADVANCED_FACE('',(#5740),#5746,.T.);
#5740 = FACE_BOUND('',#5741,.T.);
#5741 = EDGE_LOOP('',(#5742,#5743,#5744,#5745));
#5742 = ORIENTED_EDGE('',*,*,#5728,.T.);
#5743 = ORIENTED_EDGE('',*,*,#4123,.T.);
#5744 = ORIENTED_EDGE('',*,*,#5709,.F.);
#5745 = ORIENTED_EDGE('',*,*,#4210,.F.);
#5746 = PLANE('',#5747);
#5747 = AXIS2_PLACEMENT_3D('',#5748,#5749,#5750);
#5748 = CARTESIAN_POINT('',(7.747,-2.42575,-3.3));
#5749 = DIRECTION('',(-3.120216255796E-16,0.970142500145,-0.242535625036
    ));
#5750 = DIRECTION('',(-7.800540639491E-17,0.242535625036,0.970142500145)
  );
#5751 = ADVANCED_FACE('',(#5752),#5774,.F.);
#5752 = FACE_BOUND('',#5753,.F.);
#5753 = EDGE_LOOP('',(#5754,#5755,#5764,#5771,#5772,#5773));
#5754 = ORIENTED_EDGE('',*,*,#4338,.F.);
#5755 = ORIENTED_EDGE('',*,*,#5756,.F.);
#5756 = EDGE_CURVE('',#5757,#4339,#5759,.T.);
#5757 = VERTEX_POINT('',#5758);
#5758 = CARTESIAN_POINT('',(3.81,-0.248723643423,3.18));
#5759 = CIRCLE('',#5760,0.75);
#5760 = AXIS2_PLACEMENT_3D('',#5761,#5762,#5763);
#5761 = CARTESIAN_POINT('',(3.81,0.501276356577,3.18));
#5762 = DIRECTION('',(0.,-0.,-1.));
#5763 = DIRECTION('',(4.440892098501E-16,-1.,0.));
#5764 = ORIENTED_EDGE('',*,*,#5765,.F.);
#5765 = EDGE_CURVE('',#4445,#5757,#5766,.T.);
#5766 = CIRCLE('',#5767,0.75);
#5767 = AXIS2_PLACEMENT_3D('',#5768,#5769,#5770);
#5768 = CARTESIAN_POINT('',(3.81,0.501276356577,3.18));
#5769 = DIRECTION('',(0.,-0.,-1.));
#5770 = DIRECTION('',(4.440892098501E-16,-1.,0.));
#5771 = ORIENTED_EDGE('',*,*,#4550,.T.);
#5772 = ORIENTED_EDGE('',*,*,#5487,.T.);
#5773 = ORIENTED_EDGE('',*,*,#5478,.T.);
#5774 = CYLINDRICAL_SURFACE('',#5775,0.75);
#5775 = AXIS2_PLACEMENT_3D('',#5776,#5777,#5778);
#5776 = CARTESIAN_POINT('',(3.81,0.501276356577,3.68));
#5777 = DIRECTION('',(-0.,0.,-1.));
#5778 = DIRECTION('',(4.440892098501E-16,-1.,-0.));
#5779 = ADVANCED_FACE('',(#5780),#5785,.F.);
#5780 = FACE_BOUND('',#5781,.F.);
#5781 = EDGE_LOOP('',(#5782,#5783,#5784));
#5782 = ORIENTED_EDGE('',*,*,#5765,.T.);
#5783 = ORIENTED_EDGE('',*,*,#5756,.T.);
#5784 = ORIENTED_EDGE('',*,*,#4444,.T.);
#5785 = PLANE('',#5786);
#5786 = AXIS2_PLACEMENT_3D('',#5787,#5788,#5789);
#5787 = CARTESIAN_POINT('',(3.81,0.501276356577,3.18));
#5788 = DIRECTION('',(-0.,0.,-1.));
#5789 = DIRECTION('',(4.440892098501E-16,-1.,-0.));
#5790 = ADVANCED_FACE('',(#5791),#5802,.T.);
#5791 = FACE_BOUND('',#5792,.T.);
#5792 = EDGE_LOOP('',(#5793,#5794,#5795,#5801));
#5793 = ORIENTED_EDGE('',*,*,#4791,.T.);
#5794 = ORIENTED_EDGE('',*,*,#4767,.T.);
#5795 = ORIENTED_EDGE('',*,*,#5796,.F.);
#5796 = EDGE_CURVE('',#4838,#4760,#5797,.T.);
#5797 = LINE('',#5798,#5799);
#5798 = CARTESIAN_POINT('',(-0.127,-0.11425,-3.3));
#5799 = VECTOR('',#5800,1.);
#5800 = DIRECTION('',(1.,4.440892098501E-16,0.));
#5801 = ORIENTED_EDGE('',*,*,#4845,.F.);
#5802 = PLANE('',#5803);
#5803 = AXIS2_PLACEMENT_3D('',#5804,#5805,#5806);
#5804 = CARTESIAN_POINT('',(-0.127,0.11425,-3.3));
#5805 = DIRECTION('',(0.,0.,-1.));
#5806 = DIRECTION('',(4.440892098501E-16,-1.,0.));
#5807 = ADVANCED_FACE('',(#5808),#5819,.T.);
#5808 = FACE_BOUND('',#5809,.T.);
#5809 = EDGE_LOOP('',(#5810,#5811,#5812,#5818));
#5810 = ORIENTED_EDGE('',*,*,#5796,.T.);
#5811 = ORIENTED_EDGE('',*,*,#4759,.T.);
#5812 = ORIENTED_EDGE('',*,*,#5813,.F.);
#5813 = EDGE_CURVE('',#4830,#4752,#5814,.T.);
#5814 = LINE('',#5815,#5816);
#5815 = CARTESIAN_POINT('',(-0.127,-0.2285,-2.843));
#5816 = VECTOR('',#5817,1.);
#5817 = DIRECTION('',(1.,4.440892098501E-16,0.));
#5818 = ORIENTED_EDGE('',*,*,#4837,.F.);
#5819 = PLANE('',#5820);
#5820 = AXIS2_PLACEMENT_3D('',#5821,#5822,#5823);
#5821 = CARTESIAN_POINT('',(-0.127,-0.11425,-3.3));
#5822 = DIRECTION('',(4.308298163317E-16,-0.970142500145,-0.242535625036
    ));
#5823 = DIRECTION('',(1.077074540829E-16,-0.242535625036,0.970142500145)
  );
#5824 = ADVANCED_FACE('',(#5825),#5831,.T.);
#5825 = FACE_BOUND('',#5826,.T.);
#5826 = EDGE_LOOP('',(#5827,#5828,#5829,#5830));
#5827 = ORIENTED_EDGE('',*,*,#5813,.T.);
#5828 = ORIENTED_EDGE('',*,*,#4751,.T.);
#5829 = ORIENTED_EDGE('',*,*,#5023,.F.);
#5830 = ORIENTED_EDGE('',*,*,#4829,.F.);
#5831 = PLANE('',#5832);
#5832 = AXIS2_PLACEMENT_3D('',#5833,#5834,#5835);
#5833 = CARTESIAN_POINT('',(-0.127,-0.2285,-2.843));
#5834 = DIRECTION('',(4.440892098501E-16,-1.,0.));
#5835 = DIRECTION('',(0.,0.,1.));
#5836 = ADVANCED_FACE('',(#5837),#5848,.F.);
#5837 = FACE_BOUND('',#5838,.F.);
#5838 = EDGE_LOOP('',(#5839,#5840,#5841,#5847));
#5839 = ORIENTED_EDGE('',*,*,#4935,.T.);
#5840 = ORIENTED_EDGE('',*,*,#4977,.T.);
#5841 = ORIENTED_EDGE('',*,*,#5842,.F.);
#5842 = EDGE_CURVE('',#4897,#4970,#5843,.T.);
#5843 = LINE('',#5844,#5845);
#5844 = CARTESIAN_POINT('',(-0.127,-7.50575,-3.3));
#5845 = VECTOR('',#5846,1.);
#5846 = DIRECTION('',(1.,4.440892098501E-16,0.));
#5847 = ORIENTED_EDGE('',*,*,#4904,.F.);
#5848 = PLANE('',#5849);
#5849 = AXIS2_PLACEMENT_3D('',#5850,#5851,#5852);
#5850 = CARTESIAN_POINT('',(-0.127,-7.73425,-3.3));
#5851 = DIRECTION('',(0.,0.,1.));
#5852 = DIRECTION('',(-4.440892098501E-16,1.,0.));
#5853 = ADVANCED_FACE('',(#5854),#5865,.F.);
#5854 = FACE_BOUND('',#5855,.F.);
#5855 = EDGE_LOOP('',(#5856,#5857,#5858,#5864));
#5856 = ORIENTED_EDGE('',*,*,#5842,.T.);
#5857 = ORIENTED_EDGE('',*,*,#4969,.T.);
#5858 = ORIENTED_EDGE('',*,*,#5859,.F.);
#5859 = EDGE_CURVE('',#4889,#4962,#5860,.T.);
#5860 = LINE('',#5861,#5862);
#5861 = CARTESIAN_POINT('',(-0.127,-7.3915,-2.843));
#5862 = VECTOR('',#5863,1.);
#5863 = DIRECTION('',(1.,4.440892098501E-16,0.));
#5864 = ORIENTED_EDGE('',*,*,#4896,.F.);
#5865 = PLANE('',#5866);
#5866 = AXIS2_PLACEMENT_3D('',#5867,#5868,#5869);
#5867 = CARTESIAN_POINT('',(-0.127,-7.50575,-3.3));
#5868 = DIRECTION('',(4.308298163317E-16,-0.970142500145,0.242535625036)
  );
#5869 = DIRECTION('',(-1.077074540829E-16,0.242535625036,0.970142500145)
  );
#5870 = ADVANCED_FACE('',(#5871),#5877,.F.);
#5871 = FACE_BOUND('',#5872,.F.);
#5872 = EDGE_LOOP('',(#5873,#5874,#5875,#5876));
#5873 = ORIENTED_EDGE('',*,*,#5859,.T.);
#5874 = ORIENTED_EDGE('',*,*,#4961,.T.);
#5875 = ORIENTED_EDGE('',*,*,#5040,.F.);
#5876 = ORIENTED_EDGE('',*,*,#4888,.F.);
#5877 = PLANE('',#5878);
#5878 = AXIS2_PLACEMENT_3D('',#5879,#5880,#5881);
#5879 = CARTESIAN_POINT('',(-0.127,-7.3915,-2.843));
#5880 = DIRECTION('',(4.440892098501E-16,-1.,0.));
#5881 = DIRECTION('',(0.,0.,1.));
#5882 = ADVANCED_FACE('',(#5883),#5894,.T.);
#5883 = FACE_BOUND('',#5884,.T.);
#5884 = EDGE_LOOP('',(#5885,#5886,#5887,#5893));
#5885 = ORIENTED_EDGE('',*,*,#5167,.T.);
#5886 = ORIENTED_EDGE('',*,*,#5225,.T.);
#5887 = ORIENTED_EDGE('',*,*,#5888,.F.);
#5888 = EDGE_CURVE('',#5129,#5218,#5889,.T.);
#5889 = LINE('',#5890,#5891);
#5890 = CARTESIAN_POINT('',(-0.127,-2.3115,-2.843));
#5891 = VECTOR('',#5892,1.);
#5892 = DIRECTION('',(1.,4.440892098501E-16,0.));
#5893 = ORIENTED_EDGE('',*,*,#5136,.F.);
#5894 = PLANE('',#5895);
#5895 = AXIS2_PLACEMENT_3D('',#5896,#5897,#5898);
#5896 = CARTESIAN_POINT('',(-0.127,-2.3115,0.));
#5897 = DIRECTION('',(-4.440892098501E-16,1.,0.));
#5898 = DIRECTION('',(0.,0.,-1.));
#5899 = ADVANCED_FACE('',(#5900),#5911,.T.);
#5900 = FACE_BOUND('',#5901,.T.);
#5901 = EDGE_LOOP('',(#5902,#5903,#5904,#5910));
#5902 = ORIENTED_EDGE('',*,*,#5888,.T.);
#5903 = ORIENTED_EDGE('',*,*,#5217,.T.);
#5904 = ORIENTED_EDGE('',*,*,#5905,.F.);
#5905 = EDGE_CURVE('',#5121,#5210,#5906,.T.);
#5906 = LINE('',#5907,#5908);
#5907 = CARTESIAN_POINT('',(-0.127,-2.42575,-3.3));
#5908 = VECTOR('',#5909,1.);
#5909 = DIRECTION('',(1.,4.440892098501E-16,0.));
#5910 = ORIENTED_EDGE('',*,*,#5128,.F.);
#5911 = PLANE('',#5912);
#5912 = AXIS2_PLACEMENT_3D('',#5913,#5914,#5915);
#5913 = CARTESIAN_POINT('',(-0.127,-2.3115,-2.843));
#5914 = DIRECTION('',(-4.308298163317E-16,0.970142500145,-0.242535625036
    ));
#5915 = DIRECTION('',(1.077074540829E-16,-0.242535625036,-0.970142500145
    ));
#5916 = ADVANCED_FACE('',(#5917),#5928,.T.);
#5917 = FACE_BOUND('',#5918,.T.);
#5918 = EDGE_LOOP('',(#5919,#5925,#5926,#5927));
#5919 = ORIENTED_EDGE('',*,*,#5920,.T.);
#5920 = EDGE_CURVE('',#5105,#5194,#5921,.T.);
#5921 = LINE('',#5922,#5923);
#5922 = CARTESIAN_POINT('',(-0.127,-2.7685,-2.843));
#5923 = VECTOR('',#5924,1.);
#5924 = DIRECTION('',(1.,4.440892098501E-16,0.));
#5925 = ORIENTED_EDGE('',*,*,#5193,.T.);
#5926 = ORIENTED_EDGE('',*,*,#5423,.F.);
#5927 = ORIENTED_EDGE('',*,*,#5104,.F.);
#5928 = PLANE('',#5929);
#5929 = AXIS2_PLACEMENT_3D('',#5930,#5931,#5932);
#5930 = CARTESIAN_POINT('',(-0.127,-2.7685,-2.843));
#5931 = DIRECTION('',(4.440892098501E-16,-1.,0.));
#5932 = DIRECTION('',(0.,0.,1.));
#5933 = ADVANCED_FACE('',(#5934),#5945,.T.);
#5934 = FACE_BOUND('',#5935,.T.);
#5935 = EDGE_LOOP('',(#5936,#5937,#5938,#5944));
#5936 = ORIENTED_EDGE('',*,*,#5905,.T.);
#5937 = ORIENTED_EDGE('',*,*,#5209,.T.);
#5938 = ORIENTED_EDGE('',*,*,#5939,.F.);
#5939 = EDGE_CURVE('',#5113,#5202,#5940,.T.);
#5940 = LINE('',#5941,#5942);
#5941 = CARTESIAN_POINT('',(-0.127,-2.65425,-3.3));
#5942 = VECTOR('',#5943,1.);
#5943 = DIRECTION('',(1.,4.440892098501E-16,0.));
#5944 = ORIENTED_EDGE('',*,*,#5120,.F.);
#5945 = PLANE('',#5946);
#5946 = AXIS2_PLACEMENT_3D('',#5947,#5948,#5949);
#5947 = CARTESIAN_POINT('',(-0.127,-2.42575,-3.3));
#5948 = DIRECTION('',(0.,0.,-1.));
#5949 = DIRECTION('',(4.440892098501E-16,-1.,0.));
#5950 = ADVANCED_FACE('',(#5951),#5957,.T.);
#5951 = FACE_BOUND('',#5952,.T.);
#5952 = EDGE_LOOP('',(#5953,#5954,#5955,#5956));
#5953 = ORIENTED_EDGE('',*,*,#5939,.T.);
#5954 = ORIENTED_EDGE('',*,*,#5201,.T.);
#5955 = ORIENTED_EDGE('',*,*,#5920,.F.);
#5956 = ORIENTED_EDGE('',*,*,#5112,.F.);
#5957 = PLANE('',#5958);
#5958 = AXIS2_PLACEMENT_3D('',#5959,#5960,#5961);
#5959 = CARTESIAN_POINT('',(-0.127,-2.65425,-3.3));
#5960 = DIRECTION('',(4.308298163317E-16,-0.970142500145,-0.242535625036
    ));
#5961 = DIRECTION('',(1.077074540829E-16,-0.242535625036,0.970142500145)
  );
#5962 = ADVANCED_FACE('',(#5963),#5974,.T.);
#5963 = FACE_BOUND('',#5964,.T.);
#5964 = EDGE_LOOP('',(#5965,#5966,#5967,#5973));
#5965 = ORIENTED_EDGE('',*,*,#5442,.T.);
#5966 = ORIENTED_EDGE('',*,*,#5387,.T.);
#5967 = ORIENTED_EDGE('',*,*,#5968,.F.);
#5968 = EDGE_CURVE('',#5298,#5380,#5969,.T.);
#5969 = LINE('',#5970,#5971);
#5970 = CARTESIAN_POINT('',(-0.127,-4.8515,-2.843));
#5971 = VECTOR('',#5972,1.);
#5972 = DIRECTION('',(1.,4.440892098501E-16,0.));
#5973 = ORIENTED_EDGE('',*,*,#5305,.F.);
#5974 = PLANE('',#5975);
#5975 = AXIS2_PLACEMENT_3D('',#5976,#5977,#5978);
#5976 = CARTESIAN_POINT('',(-0.127,-4.8515,0.));
#5977 = DIRECTION('',(-4.440892098501E-16,1.,0.));
#5978 = DIRECTION('',(0.,0.,-1.));
#5979 = ADVANCED_FACE('',(#5980),#5991,.T.);
#5980 = FACE_BOUND('',#5981,.T.);
#5981 = EDGE_LOOP('',(#5982,#5983,#5984,#5990));
#5982 = ORIENTED_EDGE('',*,*,#5968,.T.);
#5983 = ORIENTED_EDGE('',*,*,#5379,.T.);
#5984 = ORIENTED_EDGE('',*,*,#5985,.F.);
#5985 = EDGE_CURVE('',#5290,#5372,#5986,.T.);
#5986 = LINE('',#5987,#5988);
#5987 = CARTESIAN_POINT('',(-0.127,-4.96575,-3.3));
#5988 = VECTOR('',#5989,1.);
#5989 = DIRECTION('',(1.,4.440892098501E-16,0.));
#5990 = ORIENTED_EDGE('',*,*,#5297,.F.);
#5991 = PLANE('',#5992);
#5992 = AXIS2_PLACEMENT_3D('',#5993,#5994,#5995);
#5993 = CARTESIAN_POINT('',(-0.127,-4.8515,-2.843));
#5994 = DIRECTION('',(-4.308298163317E-16,0.970142500145,-0.242535625036
    ));
#5995 = DIRECTION('',(1.077074540829E-16,-0.242535625036,-0.970142500145
    ));
#5996 = ADVANCED_FACE('',(#5997),#6008,.T.);
#5997 = FACE_BOUND('',#5998,.T.);
#5998 = EDGE_LOOP('',(#5999,#6005,#6006,#6007));
#5999 = ORIENTED_EDGE('',*,*,#6000,.T.);
#6000 = EDGE_CURVE('',#5274,#5356,#6001,.T.);
#6001 = LINE('',#6002,#6003);
#6002 = CARTESIAN_POINT('',(-0.127,-5.3085,-2.843));
#6003 = VECTOR('',#6004,1.);
#6004 = DIRECTION('',(1.,4.440892098501E-16,0.));
#6005 = ORIENTED_EDGE('',*,*,#5355,.T.);
#6006 = ORIENTED_EDGE('',*,*,#5327,.F.);
#6007 = ORIENTED_EDGE('',*,*,#5273,.F.);
#6008 = PLANE('',#6009);
#6009 = AXIS2_PLACEMENT_3D('',#6010,#6011,#6012);
#6010 = CARTESIAN_POINT('',(-0.127,-5.3085,-2.843));
#6011 = DIRECTION('',(4.440892098501E-16,-1.,0.));
#6012 = DIRECTION('',(0.,0.,1.));
#6013 = ADVANCED_FACE('',(#6014),#6025,.T.);
#6014 = FACE_BOUND('',#6015,.T.);
#6015 = EDGE_LOOP('',(#6016,#6017,#6018,#6024));
#6016 = ORIENTED_EDGE('',*,*,#5985,.T.);
#6017 = ORIENTED_EDGE('',*,*,#5371,.T.);
#6018 = ORIENTED_EDGE('',*,*,#6019,.F.);
#6019 = EDGE_CURVE('',#5282,#5364,#6020,.T.);
#6020 = LINE('',#6021,#6022);
#6021 = CARTESIAN_POINT('',(-0.127,-5.19425,-3.3));
#6022 = VECTOR('',#6023,1.);
#6023 = DIRECTION('',(1.,4.440892098501E-16,0.));
#6024 = ORIENTED_EDGE('',*,*,#5289,.F.);
#6025 = PLANE('',#6026);
#6026 = AXIS2_PLACEMENT_3D('',#6027,#6028,#6029);
#6027 = CARTESIAN_POINT('',(-0.127,-4.96575,-3.3));
#6028 = DIRECTION('',(0.,0.,-1.));
#6029 = DIRECTION('',(4.440892098501E-16,-1.,0.));
#6030 = ADVANCED_FACE('',(#6031),#6037,.T.);
#6031 = FACE_BOUND('',#6032,.T.);
#6032 = EDGE_LOOP('',(#6033,#6034,#6035,#6036));
#6033 = ORIENTED_EDGE('',*,*,#6019,.T.);
#6034 = ORIENTED_EDGE('',*,*,#5363,.T.);
#6035 = ORIENTED_EDGE('',*,*,#6000,.F.);
#6036 = ORIENTED_EDGE('',*,*,#5281,.F.);
#6037 = PLANE('',#6038);
#6038 = AXIS2_PLACEMENT_3D('',#6039,#6040,#6041);
#6039 = CARTESIAN_POINT('',(-0.127,-5.19425,-3.3));
#6040 = DIRECTION('',(4.308298163317E-16,-0.970142500145,-0.242535625036
    ));
#6041 = DIRECTION('',(1.077074540829E-16,-0.242535625036,0.970142500145)
  );
#6042 = ( GEOMETRIC_REPRESENTATION_CONTEXT(3) 
GLOBAL_UNCERTAINTY_ASSIGNED_CONTEXT((#6046)) 
GLOBAL_UNIT_ASSIGNED_CONTEXT((#6043,#6044,#6045)) REPRESENTATION_CONTEXT
('Context #1','3D Context with UNIT and UNCERTAINTY') );
#6043 = ( LENGTH_UNIT() NAMED_UNIT(*) SI_UNIT(.MILLI.,.METRE.) );
#6044 = ( NAMED_UNIT(*) PLANE_ANGLE_UNIT() SI_UNIT($,.RADIAN.) );
#6045 = ( NAMED_UNIT(*) SI_UNIT($,.STERADIAN.) SOLID_ANGLE_UNIT() );
#6046 = UNCERTAINTY_MEASURE_WITH_UNIT(LENGTH_MEASURE(1.E-06),#6043,
  'distance_accuracy_value','confusion accuracy');
#6047 = CONTEXT_DEPENDENT_SHAPE_REPRESENTATION(#6048,#6050);
#6048 = ( REPRESENTATION_RELATIONSHIP('','',#1269,#10) 
REPRESENTATION_RELATIONSHIP_WITH_TRANSFORMATION(#6049) 
SHAPE_REPRESENTATION_RELATIONSHIP() );
#6049 = ITEM_DEFINED_TRANSFORMATION('','',#11,#27);
#6050 = PRODUCT_DEFINITION_SHAPE('Placement','Placement of an item',
  #6051);
#6051 = NEXT_ASSEMBLY_USAGE_OCCURRENCE('4','U1','',#5,#1264,$);
#6052 = PRODUCT_RELATED_PRODUCT_CATEGORY('part',$,(#1266));
#6053 = CONTEXT_DEPENDENT_SHAPE_REPRESENTATION(#6054,#6056);
#6054 = ( REPRESENTATION_RELATIONSHIP('','',#782,#10) 
REPRESENTATION_RELATIONSHIP_WITH_TRANSFORMATION(#6055) 
SHAPE_REPRESENTATION_RELATIONSHIP() );
#6055 = ITEM_DEFINED_TRANSFORMATION('','',#11,#31);
#6056 = PRODUCT_DEFINITION_SHAPE('Placement','Placement of an item',
  #6057);
#6057 = NEXT_ASSEMBLY_USAGE_OCCURRENCE('5','D5','',#5,#777,$);
#6058 = SHAPE_DEFINITION_REPRESENTATION(#6059,#6065);
#6059 = PRODUCT_DEFINITION_SHAPE('','',#6060);
#6060 = PRODUCT_DEFINITION('design','',#6061,#6064);
#6061 = PRODUCT_DEFINITION_FORMATION('','',#6062);
#6062 = PRODUCT('PinHeader_1x02_P2.54mm_Vertical',
  'PinHeader_1x02_P2.54mm_Vertical','',(#6063));
#6063 = PRODUCT_CONTEXT('',#2,'mechanical');
#6064 = PRODUCT_DEFINITION_CONTEXT('part definition',#2,'design');
#6065 = ADVANCED_BREP_SHAPE_REPRESENTATION('',(#11,#6066),#7498);
#6066 = MANIFOLD_SOLID_BREP('',#6067);
#6067 = CLOSED_SHELL('',(#6068,#6108,#6139,#6170,#6335,#6500,#6517,#6534
    ,#6551,#6568,#6585,#6602,#6619,#6636,#6653,#6670,#6682,#6713,#6737,
    #6761,#6778,#6809,#6833,#6857,#6874,#6905,#6929,#6953,#6970,#7001,
    #7025,#7049,#7066,#7097,#7121,#7145,#7162,#7193,#7217,#7241,#7258,
    #7289,#7313,#7337,#7354,#7385,#7409,#7433,#7450,#7462,#7474,#7486));
#6068 = ADVANCED_FACE('',(#6069),#6103,.F.);
#6069 = FACE_BOUND('',#6070,.F.);
#6070 = EDGE_LOOP('',(#6071,#6081,#6089,#6097));
#6071 = ORIENTED_EDGE('',*,*,#6072,.T.);
#6072 = EDGE_CURVE('',#6073,#6075,#6077,.T.);
#6073 = VERTEX_POINT('',#6074);
#6074 = CARTESIAN_POINT('',(-1.016,1.27,0.));
#6075 = VERTEX_POINT('',#6076);
#6076 = CARTESIAN_POINT('',(-1.016,1.27,2.54));
#6077 = LINE('',#6078,#6079);
#6078 = CARTESIAN_POINT('',(-1.016,1.27,0.));
#6079 = VECTOR('',#6080,1.);
#6080 = DIRECTION('',(0.,0.,1.));
#6081 = ORIENTED_EDGE('',*,*,#6082,.T.);
#6082 = EDGE_CURVE('',#6075,#6083,#6085,.T.);
#6083 = VERTEX_POINT('',#6084);
#6084 = CARTESIAN_POINT('',(-1.27,1.016,2.54));
#6085 = LINE('',#6086,#6087);
#6086 = CARTESIAN_POINT('',(-1.016,1.27,2.54));
#6087 = VECTOR('',#6088,1.);
#6088 = DIRECTION('',(-0.707106781187,-0.707106781187,0.));
#6089 = ORIENTED_EDGE('',*,*,#6090,.F.);
#6090 = EDGE_CURVE('',#6091,#6083,#6093,.T.);
#6091 = VERTEX_POINT('',#6092);
#6092 = CARTESIAN_POINT('',(-1.27,1.016,0.));
#6093 = LINE('',#6094,#6095);
#6094 = CARTESIAN_POINT('',(-1.27,1.016,0.));
#6095 = VECTOR('',#6096,1.);
#6096 = DIRECTION('',(0.,0.,1.));
#6097 = ORIENTED_EDGE('',*,*,#6098,.F.);
#6098 = EDGE_CURVE('',#6073,#6091,#6099,.T.);
#6099 = LINE('',#6100,#6101);
#6100 = CARTESIAN_POINT('',(-1.016,1.27,0.));
#6101 = VECTOR('',#6102,1.);
#6102 = DIRECTION('',(-0.707106781187,-0.707106781187,0.));
#6103 = PLANE('',#6104);
#6104 = AXIS2_PLACEMENT_3D('',#6105,#6106,#6107);
#6105 = CARTESIAN_POINT('',(-1.016,1.27,0.));
#6106 = DIRECTION('',(0.707106781187,-0.707106781187,0.));
#6107 = DIRECTION('',(-0.707106781187,-0.707106781187,0.));
#6108 = ADVANCED_FACE('',(#6109),#6134,.F.);
#6109 = FACE_BOUND('',#6110,.F.);
#6110 = EDGE_LOOP('',(#6111,#6121,#6127,#6128));
#6111 = ORIENTED_EDGE('',*,*,#6112,.T.);
#6112 = EDGE_CURVE('',#6113,#6115,#6117,.T.);
#6113 = VERTEX_POINT('',#6114);
#6114 = CARTESIAN_POINT('',(1.016,1.27,0.));
#6115 = VERTEX_POINT('',#6116);
#6116 = CARTESIAN_POINT('',(1.016,1.27,2.54));
#6117 = LINE('',#6118,#6119);
#6118 = CARTESIAN_POINT('',(1.016,1.27,0.));
#6119 = VECTOR('',#6120,1.);
#6120 = DIRECTION('',(0.,0.,1.));
#6121 = ORIENTED_EDGE('',*,*,#6122,.T.);
#6122 = EDGE_CURVE('',#6115,#6075,#6123,.T.);
#6123 = LINE('',#6124,#6125);
#6124 = CARTESIAN_POINT('',(1.016,1.27,2.54));
#6125 = VECTOR('',#6126,1.);
#6126 = DIRECTION('',(-1.,0.,0.));
#6127 = ORIENTED_EDGE('',*,*,#6072,.F.);
#6128 = ORIENTED_EDGE('',*,*,#6129,.F.);
#6129 = EDGE_CURVE('',#6113,#6073,#6130,.T.);
#6130 = LINE('',#6131,#6132);
#6131 = CARTESIAN_POINT('',(1.016,1.27,0.));
#6132 = VECTOR('',#6133,1.);
#6133 = DIRECTION('',(-1.,0.,0.));
#6134 = PLANE('',#6135);
#6135 = AXIS2_PLACEMENT_3D('',#6136,#6137,#6138);
#6136 = CARTESIAN_POINT('',(1.016,1.27,0.));
#6137 = DIRECTION('',(0.,-1.,0.));
#6138 = DIRECTION('',(-1.,0.,0.));
#6139 = ADVANCED_FACE('',(#6140),#6165,.F.);
#6140 = FACE_BOUND('',#6141,.F.);
#6141 = EDGE_LOOP('',(#6142,#6143,#6151,#6159));
#6142 = ORIENTED_EDGE('',*,*,#6090,.T.);
#6143 = ORIENTED_EDGE('',*,*,#6144,.T.);
#6144 = EDGE_CURVE('',#6083,#6145,#6147,.T.);
#6145 = VERTEX_POINT('',#6146);
#6146 = CARTESIAN_POINT('',(-1.27,-1.016,2.54));
#6147 = LINE('',#6148,#6149);
#6148 = CARTESIAN_POINT('',(-1.27,1.016,2.54));
#6149 = VECTOR('',#6150,1.);
#6150 = DIRECTION('',(0.,-1.,0.));
#6151 = ORIENTED_EDGE('',*,*,#6152,.F.);
#6152 = EDGE_CURVE('',#6153,#6145,#6155,.T.);
#6153 = VERTEX_POINT('',#6154);
#6154 = CARTESIAN_POINT('',(-1.27,-1.016,0.));
#6155 = LINE('',#6156,#6157);
#6156 = CARTESIAN_POINT('',(-1.27,-1.016,0.));
#6157 = VECTOR('',#6158,1.);
#6158 = DIRECTION('',(0.,0.,1.));
#6159 = ORIENTED_EDGE('',*,*,#6160,.F.);
#6160 = EDGE_CURVE('',#6091,#6153,#6161,.T.);
#6161 = LINE('',#6162,#6163);
#6162 = CARTESIAN_POINT('',(-1.27,1.016,0.));
#6163 = VECTOR('',#6164,1.);
#6164 = DIRECTION('',(0.,-1.,0.));
#6165 = PLANE('',#6166);
#6166 = AXIS2_PLACEMENT_3D('',#6167,#6168,#6169);
#6167 = CARTESIAN_POINT('',(-1.27,1.016,0.));
#6168 = DIRECTION('',(1.,0.,0.));
#6169 = DIRECTION('',(0.,-1.,0.));
#6170 = ADVANCED_FACE('',(#6171,#6262,#6296),#6330,.F.);
#6171 = FACE_BOUND('',#6172,.F.);
#6172 = EDGE_LOOP('',(#6173,#6174,#6175,#6183,#6191,#6199,#6207,#6215,
    #6223,#6231,#6239,#6247,#6255,#6261));
#6173 = ORIENTED_EDGE('',*,*,#6098,.T.);
#6174 = ORIENTED_EDGE('',*,*,#6160,.T.);
#6175 = ORIENTED_EDGE('',*,*,#6176,.T.);
#6176 = EDGE_CURVE('',#6153,#6177,#6179,.T.);
#6177 = VERTEX_POINT('',#6178);
#6178 = CARTESIAN_POINT('',(-1.016,-1.27,0.));
#6179 = LINE('',#6180,#6181);
#6180 = CARTESIAN_POINT('',(-1.27,-1.016,0.));
#6181 = VECTOR('',#6182,1.);
#6182 = DIRECTION('',(0.707106781187,-0.707106781187,0.));
#6183 = ORIENTED_EDGE('',*,*,#6184,.T.);
#6184 = EDGE_CURVE('',#6177,#6185,#6187,.T.);
#6185 = VERTEX_POINT('',#6186);
#6186 = CARTESIAN_POINT('',(-1.27,-1.524,0.));
#6187 = LINE('',#6188,#6189);
#6188 = CARTESIAN_POINT('',(-1.016,-1.27,0.));
#6189 = VECTOR('',#6190,1.);
#6190 = DIRECTION('',(-0.707106781187,-0.707106781187,0.));
#6191 = ORIENTED_EDGE('',*,*,#6192,.T.);
#6192 = EDGE_CURVE('',#6185,#6193,#6195,.T.);
#6193 = VERTEX_POINT('',#6194);
#6194 = CARTESIAN_POINT('',(-1.27,-3.556,0.));
#6195 = LINE('',#6196,#6197);
#6196 = CARTESIAN_POINT('',(-1.27,-1.524,0.));
#6197 = VECTOR('',#6198,1.);
#6198 = DIRECTION('',(0.,-1.,0.));
#6199 = ORIENTED_EDGE('',*,*,#6200,.T.);
#6200 = EDGE_CURVE('',#6193,#6201,#6203,.T.);
#6201 = VERTEX_POINT('',#6202);
#6202 = CARTESIAN_POINT('',(-1.016,-3.81,0.));
#6203 = LINE('',#6204,#6205);
#6204 = CARTESIAN_POINT('',(-1.27,-3.556,0.));
#6205 = VECTOR('',#6206,1.);
#6206 = DIRECTION('',(0.707106781187,-0.707106781187,0.));
#6207 = ORIENTED_EDGE('',*,*,#6208,.T.);
#6208 = EDGE_CURVE('',#6201,#6209,#6211,.T.);
#6209 = VERTEX_POINT('',#6210);
#6210 = CARTESIAN_POINT('',(1.016,-3.81,0.));
#6211 = LINE('',#6212,#6213);
#6212 = CARTESIAN_POINT('',(-1.016,-3.81,0.));
#6213 = VECTOR('',#6214,1.);
#6214 = DIRECTION('',(1.,0.,0.));
#6215 = ORIENTED_EDGE('',*,*,#6216,.T.);
#6216 = EDGE_CURVE('',#6209,#6217,#6219,.T.);
#6217 = VERTEX_POINT('',#6218);
#6218 = CARTESIAN_POINT('',(1.27,-3.556,0.));
#6219 = LINE('',#6220,#6221);
#6220 = CARTESIAN_POINT('',(1.016,-3.81,0.));
#6221 = VECTOR('',#6222,1.);
#6222 = DIRECTION('',(0.707106781187,0.707106781187,0.));
#6223 = ORIENTED_EDGE('',*,*,#6224,.T.);
#6224 = EDGE_CURVE('',#6217,#6225,#6227,.T.);
#6225 = VERTEX_POINT('',#6226);
#6226 = CARTESIAN_POINT('',(1.27,-1.524,0.));
#6227 = LINE('',#6228,#6229);
#6228 = CARTESIAN_POINT('',(1.27,-3.556,0.));
#6229 = VECTOR('',#6230,1.);
#6230 = DIRECTION('',(0.,1.,0.));
#6231 = ORIENTED_EDGE('',*,*,#6232,.T.);
#6232 = EDGE_CURVE('',#6225,#6233,#6235,.T.);
#6233 = VERTEX_POINT('',#6234);
#6234 = CARTESIAN_POINT('',(1.016,-1.27,0.));
#6235 = LINE('',#6236,#6237);
#6236 = CARTESIAN_POINT('',(1.27,-1.524,0.));
#6237 = VECTOR('',#6238,1.);
#6238 = DIRECTION('',(-0.707106781187,0.707106781187,0.));
#6239 = ORIENTED_EDGE('',*,*,#6240,.T.);
#6240 = EDGE_CURVE('',#6233,#6241,#6243,.T.);
#6241 = VERTEX_POINT('',#6242);
#6242 = CARTESIAN_POINT('',(1.27,-1.016,0.));
#6243 = LINE('',#6244,#6245);
#6244 = CARTESIAN_POINT('',(1.016,-1.27,0.));
#6245 = VECTOR('',#6246,1.);
#6246 = DIRECTION('',(0.707106781187,0.707106781187,0.));
#6247 = ORIENTED_EDGE('',*,*,#6248,.T.);
#6248 = EDGE_CURVE('',#6241,#6249,#6251,.T.);
#6249 = VERTEX_POINT('',#6250);
#6250 = CARTESIAN_POINT('',(1.27,1.016,0.));
#6251 = LINE('',#6252,#6253);
#6252 = CARTESIAN_POINT('',(1.27,-1.016,0.));
#6253 = VECTOR('',#6254,1.);
#6254 = DIRECTION('',(0.,1.,0.));
#6255 = ORIENTED_EDGE('',*,*,#6256,.T.);
#6256 = EDGE_CURVE('',#6249,#6113,#6257,.T.);
#6257 = LINE('',#6258,#6259);
#6258 = CARTESIAN_POINT('',(1.27,1.016,0.));
#6259 = VECTOR('',#6260,1.);
#6260 = DIRECTION('',(-0.707106781187,0.707106781187,0.));
#6261 = ORIENTED_EDGE('',*,*,#6129,.T.);
#6262 = FACE_BOUND('',#6263,.F.);
#6263 = EDGE_LOOP('',(#6264,#6274,#6282,#6290));
#6264 = ORIENTED_EDGE('',*,*,#6265,.T.);
#6265 = EDGE_CURVE('',#6266,#6268,#6270,.T.);
#6266 = VERTEX_POINT('',#6267);
#6267 = CARTESIAN_POINT('',(0.32,-0.32,0.));
#6268 = VERTEX_POINT('',#6269);
#6269 = CARTESIAN_POINT('',(-0.32,-0.32,0.));
#6270 = LINE('',#6271,#6272);
#6271 = CARTESIAN_POINT('',(-0.16,-0.32,0.));
#6272 = VECTOR('',#6273,1.);
#6273 = DIRECTION('',(-1.,0.,0.));
#6274 = ORIENTED_EDGE('',*,*,#6275,.T.);
#6275 = EDGE_CURVE('',#6268,#6276,#6278,.T.);
#6276 = VERTEX_POINT('',#6277);
#6277 = CARTESIAN_POINT('',(-0.32,0.32,0.));
#6278 = LINE('',#6279,#6280);
#6279 = CARTESIAN_POINT('',(-0.32,-0.795,0.));
#6280 = VECTOR('',#6281,1.);
#6281 = DIRECTION('',(0.,1.,0.));
#6282 = ORIENTED_EDGE('',*,*,#6283,.F.);
#6283 = EDGE_CURVE('',#6284,#6276,#6286,.T.);
#6284 = VERTEX_POINT('',#6285);
#6285 = CARTESIAN_POINT('',(0.32,0.32,0.));
#6286 = LINE('',#6287,#6288);
#6287 = CARTESIAN_POINT('',(-0.16,0.32,0.));
#6288 = VECTOR('',#6289,1.);
#6289 = DIRECTION('',(-1.,0.,0.));
#6290 = ORIENTED_EDGE('',*,*,#6291,.F.);
#6291 = EDGE_CURVE('',#6266,#6284,#6292,.T.);
#6292 = LINE('',#6293,#6294);
#6293 = CARTESIAN_POINT('',(0.32,-0.795,0.));
#6294 = VECTOR('',#6295,1.);
#6295 = DIRECTION('',(0.,1.,0.));
#6296 = FACE_BOUND('',#6297,.F.);
#6297 = EDGE_LOOP('',(#6298,#6308,#6316,#6324));
#6298 = ORIENTED_EDGE('',*,*,#6299,.T.);
#6299 = EDGE_CURVE('',#6300,#6302,#6304,.T.);
#6300 = VERTEX_POINT('',#6301);
#6301 = CARTESIAN_POINT('',(0.32,-2.86,0.));
#6302 = VERTEX_POINT('',#6303);
#6303 = CARTESIAN_POINT('',(-0.32,-2.86,0.));
#6304 = LINE('',#6305,#6306);
#6305 = CARTESIAN_POINT('',(-0.16,-2.86,0.));
#6306 = VECTOR('',#6307,1.);
#6307 = DIRECTION('',(-1.,0.,0.));
#6308 = ORIENTED_EDGE('',*,*,#6309,.T.);
#6309 = EDGE_CURVE('',#6302,#6310,#6312,.T.);
#6310 = VERTEX_POINT('',#6311);
#6311 = CARTESIAN_POINT('',(-0.32,-2.22,0.));
#6312 = LINE('',#6313,#6314);
#6313 = CARTESIAN_POINT('',(-0.32,-2.065,0.));
#6314 = VECTOR('',#6315,1.);
#6315 = DIRECTION('',(0.,1.,0.));
#6316 = ORIENTED_EDGE('',*,*,#6317,.F.);
#6317 = EDGE_CURVE('',#6318,#6310,#6320,.T.);
#6318 = VERTEX_POINT('',#6319);
#6319 = CARTESIAN_POINT('',(0.32,-2.22,0.));
#6320 = LINE('',#6321,#6322);
#6321 = CARTESIAN_POINT('',(-0.16,-2.22,0.));
#6322 = VECTOR('',#6323,1.);
#6323 = DIRECTION('',(-1.,0.,0.));
#6324 = ORIENTED_EDGE('',*,*,#6325,.F.);
#6325 = EDGE_CURVE('',#6300,#6318,#6326,.T.);
#6326 = LINE('',#6327,#6328);
#6327 = CARTESIAN_POINT('',(0.32,-2.065,0.));
#6328 = VECTOR('',#6329,1.);
#6329 = DIRECTION('',(0.,1.,0.));
#6330 = PLANE('',#6331);
#6331 = AXIS2_PLACEMENT_3D('',#6332,#6333,#6334);
#6332 = CARTESIAN_POINT('',(1.473843703412E-17,-1.27,0.));
#6333 = DIRECTION('',(0.,0.,1.));
#6334 = DIRECTION('',(1.,0.,-0.));
#6335 = ADVANCED_FACE('',(#6336,#6427,#6461),#6495,.T.);
#6336 = FACE_BOUND('',#6337,.T.);
#6337 = EDGE_LOOP('',(#6338,#6339,#6340,#6348,#6356,#6364,#6372,#6380,
    #6388,#6396,#6404,#6412,#6420,#6426));
#6338 = ORIENTED_EDGE('',*,*,#6082,.T.);
#6339 = ORIENTED_EDGE('',*,*,#6144,.T.);
#6340 = ORIENTED_EDGE('',*,*,#6341,.T.);
#6341 = EDGE_CURVE('',#6145,#6342,#6344,.T.);
#6342 = VERTEX_POINT('',#6343);
#6343 = CARTESIAN_POINT('',(-1.016,-1.27,2.54));
#6344 = LINE('',#6345,#6346);
#6345 = CARTESIAN_POINT('',(-1.27,-1.016,2.54));
#6346 = VECTOR('',#6347,1.);
#6347 = DIRECTION('',(0.707106781187,-0.707106781187,0.));
#6348 = ORIENTED_EDGE('',*,*,#6349,.T.);
#6349 = EDGE_CURVE('',#6342,#6350,#6352,.T.);
#6350 = VERTEX_POINT('',#6351);
#6351 = CARTESIAN_POINT('',(-1.27,-1.524,2.54));
#6352 = LINE('',#6353,#6354);
#6353 = CARTESIAN_POINT('',(-1.016,-1.27,2.54));
#6354 = VECTOR('',#6355,1.);
#6355 = DIRECTION('',(-0.707106781187,-0.707106781187,0.));
#6356 = ORIENTED_EDGE('',*,*,#6357,.T.);
#6357 = EDGE_CURVE('',#6350,#6358,#6360,.T.);
#6358 = VERTEX_POINT('',#6359);
#6359 = CARTESIAN_POINT('',(-1.27,-3.556,2.54));
#6360 = LINE('',#6361,#6362);
#6361 = CARTESIAN_POINT('',(-1.27,-1.524,2.54));
#6362 = VECTOR('',#6363,1.);
#6363 = DIRECTION('',(0.,-1.,0.));
#6364 = ORIENTED_EDGE('',*,*,#6365,.T.);
#6365 = EDGE_CURVE('',#6358,#6366,#6368,.T.);
#6366 = VERTEX_POINT('',#6367);
#6367 = CARTESIAN_POINT('',(-1.016,-3.81,2.54));
#6368 = LINE('',#6369,#6370);
#6369 = CARTESIAN_POINT('',(-1.27,-3.556,2.54));
#6370 = VECTOR('',#6371,1.);
#6371 = DIRECTION('',(0.707106781187,-0.707106781187,0.));
#6372 = ORIENTED_EDGE('',*,*,#6373,.T.);
#6373 = EDGE_CURVE('',#6366,#6374,#6376,.T.);
#6374 = VERTEX_POINT('',#6375);
#6375 = CARTESIAN_POINT('',(1.016,-3.81,2.54));
#6376 = LINE('',#6377,#6378);
#6377 = CARTESIAN_POINT('',(-1.016,-3.81,2.54));
#6378 = VECTOR('',#6379,1.);
#6379 = DIRECTION('',(1.,0.,0.));
#6380 = ORIENTED_EDGE('',*,*,#6381,.T.);
#6381 = EDGE_CURVE('',#6374,#6382,#6384,.T.);
#6382 = VERTEX_POINT('',#6383);
#6383 = CARTESIAN_POINT('',(1.27,-3.556,2.54));
#6384 = LINE('',#6385,#6386);
#6385 = CARTESIAN_POINT('',(1.016,-3.81,2.54));
#6386 = VECTOR('',#6387,1.);
#6387 = DIRECTION('',(0.707106781187,0.707106781187,0.));
#6388 = ORIENTED_EDGE('',*,*,#6389,.T.);
#6389 = EDGE_CURVE('',#6382,#6390,#6392,.T.);
#6390 = VERTEX_POINT('',#6391);
#6391 = CARTESIAN_POINT('',(1.27,-1.524,2.54));
#6392 = LINE('',#6393,#6394);
#6393 = CARTESIAN_POINT('',(1.27,-3.556,2.54));
#6394 = VECTOR('',#6395,1.);
#6395 = DIRECTION('',(0.,1.,0.));
#6396 = ORIENTED_EDGE('',*,*,#6397,.T.);
#6397 = EDGE_CURVE('',#6390,#6398,#6400,.T.);
#6398 = VERTEX_POINT('',#6399);
#6399 = CARTESIAN_POINT('',(1.016,-1.27,2.54));
#6400 = LINE('',#6401,#6402);
#6401 = CARTESIAN_POINT('',(1.27,-1.524,2.54));
#6402 = VECTOR('',#6403,1.);
#6403 = DIRECTION('',(-0.707106781187,0.707106781187,0.));
#6404 = ORIENTED_EDGE('',*,*,#6405,.T.);
#6405 = EDGE_CURVE('',#6398,#6406,#6408,.T.);
#6406 = VERTEX_POINT('',#6407);
#6407 = CARTESIAN_POINT('',(1.27,-1.016,2.54));
#6408 = LINE('',#6409,#6410);
#6409 = CARTESIAN_POINT('',(1.016,-1.27,2.54));
#6410 = VECTOR('',#6411,1.);
#6411 = DIRECTION('',(0.707106781187,0.707106781187,0.));
#6412 = ORIENTED_EDGE('',*,*,#6413,.T.);
#6413 = EDGE_CURVE('',#6406,#6414,#6416,.T.);
#6414 = VERTEX_POINT('',#6415);
#6415 = CARTESIAN_POINT('',(1.27,1.016,2.54));
#6416 = LINE('',#6417,#6418);
#6417 = CARTESIAN_POINT('',(1.27,-1.016,2.54));
#6418 = VECTOR('',#6419,1.);
#6419 = DIRECTION('',(0.,1.,0.));
#6420 = ORIENTED_EDGE('',*,*,#6421,.T.);
#6421 = EDGE_CURVE('',#6414,#6115,#6422,.T.);
#6422 = LINE('',#6423,#6424);
#6423 = CARTESIAN_POINT('',(1.27,1.016,2.54));
#6424 = VECTOR('',#6425,1.);
#6425 = DIRECTION('',(-0.707106781187,0.707106781187,0.));
#6426 = ORIENTED_EDGE('',*,*,#6122,.T.);
#6427 = FACE_BOUND('',#6428,.T.);
#6428 = EDGE_LOOP('',(#6429,#6439,#6447,#6455));
#6429 = ORIENTED_EDGE('',*,*,#6430,.T.);
#6430 = EDGE_CURVE('',#6431,#6433,#6435,.T.);
#6431 = VERTEX_POINT('',#6432);
#6432 = CARTESIAN_POINT('',(0.32,-0.32,2.54));
#6433 = VERTEX_POINT('',#6434);
#6434 = CARTESIAN_POINT('',(-0.32,-0.32,2.54));
#6435 = LINE('',#6436,#6437);
#6436 = CARTESIAN_POINT('',(-0.16,-0.32,2.54));
#6437 = VECTOR('',#6438,1.);
#6438 = DIRECTION('',(-1.,0.,0.));
#6439 = ORIENTED_EDGE('',*,*,#6440,.T.);
#6440 = EDGE_CURVE('',#6433,#6441,#6443,.T.);
#6441 = VERTEX_POINT('',#6442);
#6442 = CARTESIAN_POINT('',(-0.32,0.32,2.54));
#6443 = LINE('',#6444,#6445);
#6444 = CARTESIAN_POINT('',(-0.32,-0.795,2.54));
#6445 = VECTOR('',#6446,1.);
#6446 = DIRECTION('',(0.,1.,0.));
#6447 = ORIENTED_EDGE('',*,*,#6448,.F.);
#6448 = EDGE_CURVE('',#6449,#6441,#6451,.T.);
#6449 = VERTEX_POINT('',#6450);
#6450 = CARTESIAN_POINT('',(0.32,0.32,2.54));
#6451 = LINE('',#6452,#6453);
#6452 = CARTESIAN_POINT('',(-0.16,0.32,2.54));
#6453 = VECTOR('',#6454,1.);
#6454 = DIRECTION('',(-1.,0.,0.));
#6455 = ORIENTED_EDGE('',*,*,#6456,.F.);
#6456 = EDGE_CURVE('',#6431,#6449,#6457,.T.);
#6457 = LINE('',#6458,#6459);
#6458 = CARTESIAN_POINT('',(0.32,-0.795,2.54));
#6459 = VECTOR('',#6460,1.);
#6460 = DIRECTION('',(0.,1.,0.));
#6461 = FACE_BOUND('',#6462,.T.);
#6462 = EDGE_LOOP('',(#6463,#6473,#6481,#6489));
#6463 = ORIENTED_EDGE('',*,*,#6464,.T.);
#6464 = EDGE_CURVE('',#6465,#6467,#6469,.T.);
#6465 = VERTEX_POINT('',#6466);
#6466 = CARTESIAN_POINT('',(0.32,-2.86,2.54));
#6467 = VERTEX_POINT('',#6468);
#6468 = CARTESIAN_POINT('',(-0.32,-2.86,2.54));
#6469 = LINE('',#6470,#6471);
#6470 = CARTESIAN_POINT('',(-0.16,-2.86,2.54));
#6471 = VECTOR('',#6472,1.);
#6472 = DIRECTION('',(-1.,0.,0.));
#6473 = ORIENTED_EDGE('',*,*,#6474,.T.);
#6474 = EDGE_CURVE('',#6467,#6475,#6477,.T.);
#6475 = VERTEX_POINT('',#6476);
#6476 = CARTESIAN_POINT('',(-0.32,-2.22,2.54));
#6477 = LINE('',#6478,#6479);
#6478 = CARTESIAN_POINT('',(-0.32,-2.065,2.54));
#6479 = VECTOR('',#6480,1.);
#6480 = DIRECTION('',(0.,1.,0.));
#6481 = ORIENTED_EDGE('',*,*,#6482,.F.);
#6482 = EDGE_CURVE('',#6483,#6475,#6485,.T.);
#6483 = VERTEX_POINT('',#6484);
#6484 = CARTESIAN_POINT('',(0.32,-2.22,2.54));
#6485 = LINE('',#6486,#6487);
#6486 = CARTESIAN_POINT('',(-0.16,-2.22,2.54));
#6487 = VECTOR('',#6488,1.);
#6488 = DIRECTION('',(-1.,0.,0.));
#6489 = ORIENTED_EDGE('',*,*,#6490,.F.);
#6490 = EDGE_CURVE('',#6465,#6483,#6491,.T.);
#6491 = LINE('',#6492,#6493);
#6492 = CARTESIAN_POINT('',(0.32,-2.065,2.54));
#6493 = VECTOR('',#6494,1.);
#6494 = DIRECTION('',(0.,1.,0.));
#6495 = PLANE('',#6496);
#6496 = AXIS2_PLACEMENT_3D('',#6497,#6498,#6499);
#6497 = CARTESIAN_POINT('',(1.473843703412E-17,-1.27,2.54));
#6498 = DIRECTION('',(0.,0.,1.));
#6499 = DIRECTION('',(1.,0.,-0.));
#6500 = ADVANCED_FACE('',(#6501),#6512,.F.);
#6501 = FACE_BOUND('',#6502,.F.);
#6502 = EDGE_LOOP('',(#6503,#6509,#6510,#6511));
#6503 = ORIENTED_EDGE('',*,*,#6504,.T.);
#6504 = EDGE_CURVE('',#6249,#6414,#6505,.T.);
#6505 = LINE('',#6506,#6507);
#6506 = CARTESIAN_POINT('',(1.27,1.016,0.));
#6507 = VECTOR('',#6508,1.);
#6508 = DIRECTION('',(0.,0.,1.));
#6509 = ORIENTED_EDGE('',*,*,#6421,.T.);
#6510 = ORIENTED_EDGE('',*,*,#6112,.F.);
#6511 = ORIENTED_EDGE('',*,*,#6256,.F.);
#6512 = PLANE('',#6513);
#6513 = AXIS2_PLACEMENT_3D('',#6514,#6515,#6516);
#6514 = CARTESIAN_POINT('',(1.27,1.016,0.));
#6515 = DIRECTION('',(-0.707106781187,-0.707106781187,0.));
#6516 = DIRECTION('',(-0.707106781187,0.707106781187,0.));
#6517 = ADVANCED_FACE('',(#6518),#6529,.F.);
#6518 = FACE_BOUND('',#6519,.F.);
#6519 = EDGE_LOOP('',(#6520,#6521,#6522,#6528));
#6520 = ORIENTED_EDGE('',*,*,#6152,.T.);
#6521 = ORIENTED_EDGE('',*,*,#6341,.T.);
#6522 = ORIENTED_EDGE('',*,*,#6523,.F.);
#6523 = EDGE_CURVE('',#6177,#6342,#6524,.T.);
#6524 = LINE('',#6525,#6526);
#6525 = CARTESIAN_POINT('',(-1.016,-1.27,0.));
#6526 = VECTOR('',#6527,1.);
#6527 = DIRECTION('',(0.,0.,1.));
#6528 = ORIENTED_EDGE('',*,*,#6176,.F.);
#6529 = PLANE('',#6530);
#6530 = AXIS2_PLACEMENT_3D('',#6531,#6532,#6533);
#6531 = CARTESIAN_POINT('',(-1.27,-1.016,0.));
#6532 = DIRECTION('',(0.707106781187,0.707106781187,0.));
#6533 = DIRECTION('',(0.707106781187,-0.707106781187,0.));
#6534 = ADVANCED_FACE('',(#6535),#6546,.F.);
#6535 = FACE_BOUND('',#6536,.F.);
#6536 = EDGE_LOOP('',(#6537,#6543,#6544,#6545));
#6537 = ORIENTED_EDGE('',*,*,#6538,.T.);
#6538 = EDGE_CURVE('',#6241,#6406,#6539,.T.);
#6539 = LINE('',#6540,#6541);
#6540 = CARTESIAN_POINT('',(1.27,-1.016,0.));
#6541 = VECTOR('',#6542,1.);
#6542 = DIRECTION('',(0.,0.,1.));
#6543 = ORIENTED_EDGE('',*,*,#6413,.T.);
#6544 = ORIENTED_EDGE('',*,*,#6504,.F.);
#6545 = ORIENTED_EDGE('',*,*,#6248,.F.);
#6546 = PLANE('',#6547);
#6547 = AXIS2_PLACEMENT_3D('',#6548,#6549,#6550);
#6548 = CARTESIAN_POINT('',(1.27,-1.016,0.));
#6549 = DIRECTION('',(-1.,0.,0.));
#6550 = DIRECTION('',(0.,1.,0.));
#6551 = ADVANCED_FACE('',(#6552),#6563,.F.);
#6552 = FACE_BOUND('',#6553,.F.);
#6553 = EDGE_LOOP('',(#6554,#6555,#6556,#6562));
#6554 = ORIENTED_EDGE('',*,*,#6523,.T.);
#6555 = ORIENTED_EDGE('',*,*,#6349,.T.);
#6556 = ORIENTED_EDGE('',*,*,#6557,.F.);
#6557 = EDGE_CURVE('',#6185,#6350,#6558,.T.);
#6558 = LINE('',#6559,#6560);
#6559 = CARTESIAN_POINT('',(-1.27,-1.524,0.));
#6560 = VECTOR('',#6561,1.);
#6561 = DIRECTION('',(0.,0.,1.));
#6562 = ORIENTED_EDGE('',*,*,#6184,.F.);
#6563 = PLANE('',#6564);
#6564 = AXIS2_PLACEMENT_3D('',#6565,#6566,#6567);
#6565 = CARTESIAN_POINT('',(-1.016,-1.27,0.));
#6566 = DIRECTION('',(0.707106781187,-0.707106781187,0.));
#6567 = DIRECTION('',(-0.707106781187,-0.707106781187,0.));
#6568 = ADVANCED_FACE('',(#6569),#6580,.F.);
#6569 = FACE_BOUND('',#6570,.F.);
#6570 = EDGE_LOOP('',(#6571,#6577,#6578,#6579));
#6571 = ORIENTED_EDGE('',*,*,#6572,.T.);
#6572 = EDGE_CURVE('',#6233,#6398,#6573,.T.);
#6573 = LINE('',#6574,#6575);
#6574 = CARTESIAN_POINT('',(1.016,-1.27,0.));
#6575 = VECTOR('',#6576,1.);
#6576 = DIRECTION('',(0.,0.,1.));
#6577 = ORIENTED_EDGE('',*,*,#6405,.T.);
#6578 = ORIENTED_EDGE('',*,*,#6538,.F.);
#6579 = ORIENTED_EDGE('',*,*,#6240,.F.);
#6580 = PLANE('',#6581);
#6581 = AXIS2_PLACEMENT_3D('',#6582,#6583,#6584);
#6582 = CARTESIAN_POINT('',(1.016,-1.27,0.));
#6583 = DIRECTION('',(-0.707106781187,0.707106781187,0.));
#6584 = DIRECTION('',(0.707106781187,0.707106781187,0.));
#6585 = ADVANCED_FACE('',(#6586),#6597,.F.);
#6586 = FACE_BOUND('',#6587,.F.);
#6587 = EDGE_LOOP('',(#6588,#6589,#6590,#6596));
#6588 = ORIENTED_EDGE('',*,*,#6557,.T.);
#6589 = ORIENTED_EDGE('',*,*,#6357,.T.);
#6590 = ORIENTED_EDGE('',*,*,#6591,.F.);
#6591 = EDGE_CURVE('',#6193,#6358,#6592,.T.);
#6592 = LINE('',#6593,#6594);
#6593 = CARTESIAN_POINT('',(-1.27,-3.556,0.));
#6594 = VECTOR('',#6595,1.);
#6595 = DIRECTION('',(0.,0.,1.));
#6596 = ORIENTED_EDGE('',*,*,#6192,.F.);
#6597 = PLANE('',#6598);
#6598 = AXIS2_PLACEMENT_3D('',#6599,#6600,#6601);
#6599 = CARTESIAN_POINT('',(-1.27,-1.524,0.));
#6600 = DIRECTION('',(1.,0.,0.));
#6601 = DIRECTION('',(0.,-1.,0.));
#6602 = ADVANCED_FACE('',(#6603),#6614,.F.);
#6603 = FACE_BOUND('',#6604,.F.);
#6604 = EDGE_LOOP('',(#6605,#6611,#6612,#6613));
#6605 = ORIENTED_EDGE('',*,*,#6606,.T.);
#6606 = EDGE_CURVE('',#6225,#6390,#6607,.T.);
#6607 = LINE('',#6608,#6609);
#6608 = CARTESIAN_POINT('',(1.27,-1.524,0.));
#6609 = VECTOR('',#6610,1.);
#6610 = DIRECTION('',(0.,0.,1.));
#6611 = ORIENTED_EDGE('',*,*,#6397,.T.);
#6612 = ORIENTED_EDGE('',*,*,#6572,.F.);
#6613 = ORIENTED_EDGE('',*,*,#6232,.F.);
#6614 = PLANE('',#6615);
#6615 = AXIS2_PLACEMENT_3D('',#6616,#6617,#6618);
#6616 = CARTESIAN_POINT('',(1.27,-1.524,0.));
#6617 = DIRECTION('',(-0.707106781187,-0.707106781187,0.));
#6618 = DIRECTION('',(-0.707106781187,0.707106781187,0.));
#6619 = ADVANCED_FACE('',(#6620),#6631,.F.);
#6620 = FACE_BOUND('',#6621,.F.);
#6621 = EDGE_LOOP('',(#6622,#6623,#6624,#6630));
#6622 = ORIENTED_EDGE('',*,*,#6591,.T.);
#6623 = ORIENTED_EDGE('',*,*,#6365,.T.);
#6624 = ORIENTED_EDGE('',*,*,#6625,.F.);
#6625 = EDGE_CURVE('',#6201,#6366,#6626,.T.);
#6626 = LINE('',#6627,#6628);
#6627 = CARTESIAN_POINT('',(-1.016,-3.81,0.));
#6628 = VECTOR('',#6629,1.);
#6629 = DIRECTION('',(0.,0.,1.));
#6630 = ORIENTED_EDGE('',*,*,#6200,.F.);
#6631 = PLANE('',#6632);
#6632 = AXIS2_PLACEMENT_3D('',#6633,#6634,#6635);
#6633 = CARTESIAN_POINT('',(-1.27,-3.556,0.));
#6634 = DIRECTION('',(0.707106781187,0.707106781187,0.));
#6635 = DIRECTION('',(0.707106781187,-0.707106781187,0.));
#6636 = ADVANCED_FACE('',(#6637),#6648,.F.);
#6637 = FACE_BOUND('',#6638,.F.);
#6638 = EDGE_LOOP('',(#6639,#6645,#6646,#6647));
#6639 = ORIENTED_EDGE('',*,*,#6640,.T.);
#6640 = EDGE_CURVE('',#6217,#6382,#6641,.T.);
#6641 = LINE('',#6642,#6643);
#6642 = CARTESIAN_POINT('',(1.27,-3.556,0.));
#6643 = VECTOR('',#6644,1.);
#6644 = DIRECTION('',(0.,0.,1.));
#6645 = ORIENTED_EDGE('',*,*,#6389,.T.);
#6646 = ORIENTED_EDGE('',*,*,#6606,.F.);
#6647 = ORIENTED_EDGE('',*,*,#6224,.F.);
#6648 = PLANE('',#6649);
#6649 = AXIS2_PLACEMENT_3D('',#6650,#6651,#6652);
#6650 = CARTESIAN_POINT('',(1.27,-3.556,0.));
#6651 = DIRECTION('',(-1.,0.,0.));
#6652 = DIRECTION('',(0.,1.,0.));
#6653 = ADVANCED_FACE('',(#6654),#6665,.F.);
#6654 = FACE_BOUND('',#6655,.F.);
#6655 = EDGE_LOOP('',(#6656,#6657,#6658,#6664));
#6656 = ORIENTED_EDGE('',*,*,#6625,.T.);
#6657 = ORIENTED_EDGE('',*,*,#6373,.T.);
#6658 = ORIENTED_EDGE('',*,*,#6659,.F.);
#6659 = EDGE_CURVE('',#6209,#6374,#6660,.T.);
#6660 = LINE('',#6661,#6662);
#6661 = CARTESIAN_POINT('',(1.016,-3.81,0.));
#6662 = VECTOR('',#6663,1.);
#6663 = DIRECTION('',(0.,0.,1.));
#6664 = ORIENTED_EDGE('',*,*,#6208,.F.);
#6665 = PLANE('',#6666);
#6666 = AXIS2_PLACEMENT_3D('',#6667,#6668,#6669);
#6667 = CARTESIAN_POINT('',(-1.016,-3.81,0.));
#6668 = DIRECTION('',(0.,1.,0.));
#6669 = DIRECTION('',(1.,0.,0.));
#6670 = ADVANCED_FACE('',(#6671),#6677,.F.);
#6671 = FACE_BOUND('',#6672,.F.);
#6672 = EDGE_LOOP('',(#6673,#6674,#6675,#6676));
#6673 = ORIENTED_EDGE('',*,*,#6659,.T.);
#6674 = ORIENTED_EDGE('',*,*,#6381,.T.);
#6675 = ORIENTED_EDGE('',*,*,#6640,.F.);
#6676 = ORIENTED_EDGE('',*,*,#6216,.F.);
#6677 = PLANE('',#6678);
#6678 = AXIS2_PLACEMENT_3D('',#6679,#6680,#6681);
#6679 = CARTESIAN_POINT('',(1.016,-3.81,0.));
#6680 = DIRECTION('',(-0.707106781187,0.707106781187,0.));
#6681 = DIRECTION('',(0.707106781187,0.707106781187,0.));
#6682 = ADVANCED_FACE('',(#6683),#6708,.F.);
#6683 = FACE_BOUND('',#6684,.F.);
#6684 = EDGE_LOOP('',(#6685,#6693,#6701,#6707));
#6685 = ORIENTED_EDGE('',*,*,#6686,.F.);
#6686 = EDGE_CURVE('',#6687,#6266,#6689,.T.);
#6687 = VERTEX_POINT('',#6688);
#6688 = CARTESIAN_POINT('',(0.32,-0.32,-2.84));
#6689 = LINE('',#6690,#6691);
#6690 = CARTESIAN_POINT('',(0.32,-0.32,-3.));
#6691 = VECTOR('',#6692,1.);
#6692 = DIRECTION('',(0.,0.,1.));
#6693 = ORIENTED_EDGE('',*,*,#6694,.F.);
#6694 = EDGE_CURVE('',#6695,#6687,#6697,.T.);
#6695 = VERTEX_POINT('',#6696);
#6696 = CARTESIAN_POINT('',(-0.32,-0.32,-2.84));
#6697 = LINE('',#6698,#6699);
#6698 = CARTESIAN_POINT('',(-0.32,-0.32,-2.84));
#6699 = VECTOR('',#6700,1.);
#6700 = DIRECTION('',(1.,0.,0.));
#6701 = ORIENTED_EDGE('',*,*,#6702,.T.);
#6702 = EDGE_CURVE('',#6695,#6268,#6703,.T.);
#6703 = LINE('',#6704,#6705);
#6704 = CARTESIAN_POINT('',(-0.32,-0.32,-3.));
#6705 = VECTOR('',#6706,1.);
#6706 = DIRECTION('',(0.,0.,1.));
#6707 = ORIENTED_EDGE('',*,*,#6265,.F.);
#6708 = PLANE('',#6709);
#6709 = AXIS2_PLACEMENT_3D('',#6710,#6711,#6712);
#6710 = CARTESIAN_POINT('',(-0.32,-0.32,-3.));
#6711 = DIRECTION('',(0.,1.,0.));
#6712 = DIRECTION('',(0.,-0.,1.));
#6713 = ADVANCED_FACE('',(#6714),#6732,.T.);
#6714 = FACE_BOUND('',#6715,.T.);
#6715 = EDGE_LOOP('',(#6716,#6717,#6725,#6731));
#6716 = ORIENTED_EDGE('',*,*,#6686,.F.);
#6717 = ORIENTED_EDGE('',*,*,#6718,.T.);
#6718 = EDGE_CURVE('',#6687,#6719,#6721,.T.);
#6719 = VERTEX_POINT('',#6720);
#6720 = CARTESIAN_POINT('',(0.32,0.32,-2.84));
#6721 = LINE('',#6722,#6723);
#6722 = CARTESIAN_POINT('',(0.32,-0.32,-2.84));
#6723 = VECTOR('',#6724,1.);
#6724 = DIRECTION('',(0.,1.,0.));
#6725 = ORIENTED_EDGE('',*,*,#6726,.T.);
#6726 = EDGE_CURVE('',#6719,#6284,#6727,.T.);
#6727 = LINE('',#6728,#6729);
#6728 = CARTESIAN_POINT('',(0.32,0.32,-3.));
#6729 = VECTOR('',#6730,1.);
#6730 = DIRECTION('',(0.,0.,1.));
#6731 = ORIENTED_EDGE('',*,*,#6291,.F.);
#6732 = PLANE('',#6733);
#6733 = AXIS2_PLACEMENT_3D('',#6734,#6735,#6736);
#6734 = CARTESIAN_POINT('',(0.32,-0.32,-3.));
#6735 = DIRECTION('',(1.,0.,0.));
#6736 = DIRECTION('',(0.,0.,1.));
#6737 = ADVANCED_FACE('',(#6738),#6756,.T.);
#6738 = FACE_BOUND('',#6739,.T.);
#6739 = EDGE_LOOP('',(#6740,#6741,#6749,#6755));
#6740 = ORIENTED_EDGE('',*,*,#6726,.F.);
#6741 = ORIENTED_EDGE('',*,*,#6742,.F.);
#6742 = EDGE_CURVE('',#6743,#6719,#6745,.T.);
#6743 = VERTEX_POINT('',#6744);
#6744 = CARTESIAN_POINT('',(-0.32,0.32,-2.84));
#6745 = LINE('',#6746,#6747);
#6746 = CARTESIAN_POINT('',(-0.32,0.32,-2.84));
#6747 = VECTOR('',#6748,1.);
#6748 = DIRECTION('',(1.,0.,0.));
#6749 = ORIENTED_EDGE('',*,*,#6750,.T.);
#6750 = EDGE_CURVE('',#6743,#6276,#6751,.T.);
#6751 = LINE('',#6752,#6753);
#6752 = CARTESIAN_POINT('',(-0.32,0.32,-3.));
#6753 = VECTOR('',#6754,1.);
#6754 = DIRECTION('',(0.,0.,1.));
#6755 = ORIENTED_EDGE('',*,*,#6283,.F.);
#6756 = PLANE('',#6757);
#6757 = AXIS2_PLACEMENT_3D('',#6758,#6759,#6760);
#6758 = CARTESIAN_POINT('',(-0.32,0.32,-3.));
#6759 = DIRECTION('',(0.,1.,0.));
#6760 = DIRECTION('',(0.,-0.,1.));
#6761 = ADVANCED_FACE('',(#6762),#6773,.F.);
#6762 = FACE_BOUND('',#6763,.F.);
#6763 = EDGE_LOOP('',(#6764,#6765,#6771,#6772));
#6764 = ORIENTED_EDGE('',*,*,#6702,.F.);
#6765 = ORIENTED_EDGE('',*,*,#6766,.T.);
#6766 = EDGE_CURVE('',#6695,#6743,#6767,.T.);
#6767 = LINE('',#6768,#6769);
#6768 = CARTESIAN_POINT('',(-0.32,-0.32,-2.84));
#6769 = VECTOR('',#6770,1.);
#6770 = DIRECTION('',(0.,1.,0.));
#6771 = ORIENTED_EDGE('',*,*,#6750,.T.);
#6772 = ORIENTED_EDGE('',*,*,#6275,.F.);
#6773 = PLANE('',#6774);
#6774 = AXIS2_PLACEMENT_3D('',#6775,#6776,#6777);
#6775 = CARTESIAN_POINT('',(-0.32,-0.32,-3.));
#6776 = DIRECTION('',(1.,0.,0.));
#6777 = DIRECTION('',(0.,0.,1.));
#6778 = ADVANCED_FACE('',(#6779),#6804,.F.);
#6779 = FACE_BOUND('',#6780,.F.);
#6780 = EDGE_LOOP('',(#6781,#6789,#6797,#6803));
#6781 = ORIENTED_EDGE('',*,*,#6782,.F.);
#6782 = EDGE_CURVE('',#6783,#6300,#6785,.T.);
#6783 = VERTEX_POINT('',#6784);
#6784 = CARTESIAN_POINT('',(0.32,-2.86,-2.84));
#6785 = LINE('',#6786,#6787);
#6786 = CARTESIAN_POINT('',(0.32,-2.86,-3.));
#6787 = VECTOR('',#6788,1.);
#6788 = DIRECTION('',(0.,0.,1.));
#6789 = ORIENTED_EDGE('',*,*,#6790,.F.);
#6790 = EDGE_CURVE('',#6791,#6783,#6793,.T.);
#6791 = VERTEX_POINT('',#6792);
#6792 = CARTESIAN_POINT('',(-0.32,-2.86,-2.84));
#6793 = LINE('',#6794,#6795);
#6794 = CARTESIAN_POINT('',(-0.32,-2.86,-2.84));
#6795 = VECTOR('',#6796,1.);
#6796 = DIRECTION('',(1.,0.,0.));
#6797 = ORIENTED_EDGE('',*,*,#6798,.T.);
#6798 = EDGE_CURVE('',#6791,#6302,#6799,.T.);
#6799 = LINE('',#6800,#6801);
#6800 = CARTESIAN_POINT('',(-0.32,-2.86,-3.));
#6801 = VECTOR('',#6802,1.);
#6802 = DIRECTION('',(0.,0.,1.));
#6803 = ORIENTED_EDGE('',*,*,#6299,.F.);
#6804 = PLANE('',#6805);
#6805 = AXIS2_PLACEMENT_3D('',#6806,#6807,#6808);
#6806 = CARTESIAN_POINT('',(-0.32,-2.86,-3.));
#6807 = DIRECTION('',(0.,1.,0.));
#6808 = DIRECTION('',(0.,-0.,1.));
#6809 = ADVANCED_FACE('',(#6810),#6828,.T.);
#6810 = FACE_BOUND('',#6811,.T.);
#6811 = EDGE_LOOP('',(#6812,#6813,#6821,#6827));
#6812 = ORIENTED_EDGE('',*,*,#6782,.F.);
#6813 = ORIENTED_EDGE('',*,*,#6814,.T.);
#6814 = EDGE_CURVE('',#6783,#6815,#6817,.T.);
#6815 = VERTEX_POINT('',#6816);
#6816 = CARTESIAN_POINT('',(0.32,-2.22,-2.84));
#6817 = LINE('',#6818,#6819);
#6818 = CARTESIAN_POINT('',(0.32,-2.86,-2.84));
#6819 = VECTOR('',#6820,1.);
#6820 = DIRECTION('',(0.,1.,0.));
#6821 = ORIENTED_EDGE('',*,*,#6822,.T.);
#6822 = EDGE_CURVE('',#6815,#6318,#6823,.T.);
#6823 = LINE('',#6824,#6825);
#6824 = CARTESIAN_POINT('',(0.32,-2.22,-3.));
#6825 = VECTOR('',#6826,1.);
#6826 = DIRECTION('',(0.,0.,1.));
#6827 = ORIENTED_EDGE('',*,*,#6325,.F.);
#6828 = PLANE('',#6829);
#6829 = AXIS2_PLACEMENT_3D('',#6830,#6831,#6832);
#6830 = CARTESIAN_POINT('',(0.32,-2.86,-3.));
#6831 = DIRECTION('',(1.,0.,0.));
#6832 = DIRECTION('',(0.,0.,1.));
#6833 = ADVANCED_FACE('',(#6834),#6852,.T.);
#6834 = FACE_BOUND('',#6835,.T.);
#6835 = EDGE_LOOP('',(#6836,#6837,#6845,#6851));
#6836 = ORIENTED_EDGE('',*,*,#6822,.F.);
#6837 = ORIENTED_EDGE('',*,*,#6838,.F.);
#6838 = EDGE_CURVE('',#6839,#6815,#6841,.T.);
#6839 = VERTEX_POINT('',#6840);
#6840 = CARTESIAN_POINT('',(-0.32,-2.22,-2.84));
#6841 = LINE('',#6842,#6843);
#6842 = CARTESIAN_POINT('',(-0.32,-2.22,-2.84));
#6843 = VECTOR('',#6844,1.);
#6844 = DIRECTION('',(1.,0.,0.));
#6845 = ORIENTED_EDGE('',*,*,#6846,.T.);
#6846 = EDGE_CURVE('',#6839,#6310,#6847,.T.);
#6847 = LINE('',#6848,#6849);
#6848 = CARTESIAN_POINT('',(-0.32,-2.22,-3.));
#6849 = VECTOR('',#6850,1.);
#6850 = DIRECTION('',(0.,0.,1.));
#6851 = ORIENTED_EDGE('',*,*,#6317,.F.);
#6852 = PLANE('',#6853);
#6853 = AXIS2_PLACEMENT_3D('',#6854,#6855,#6856);
#6854 = CARTESIAN_POINT('',(-0.32,-2.22,-3.));
#6855 = DIRECTION('',(0.,1.,0.));
#6856 = DIRECTION('',(0.,-0.,1.));
#6857 = ADVANCED_FACE('',(#6858),#6869,.F.);
#6858 = FACE_BOUND('',#6859,.F.);
#6859 = EDGE_LOOP('',(#6860,#6861,#6867,#6868));
#6860 = ORIENTED_EDGE('',*,*,#6798,.F.);
#6861 = ORIENTED_EDGE('',*,*,#6862,.T.);
#6862 = EDGE_CURVE('',#6791,#6839,#6863,.T.);
#6863 = LINE('',#6864,#6865);
#6864 = CARTESIAN_POINT('',(-0.32,-2.86,-2.84));
#6865 = VECTOR('',#6866,1.);
#6866 = DIRECTION('',(0.,1.,0.));
#6867 = ORIENTED_EDGE('',*,*,#6846,.T.);
#6868 = ORIENTED_EDGE('',*,*,#6309,.F.);
#6869 = PLANE('',#6870);
#6870 = AXIS2_PLACEMENT_3D('',#6871,#6872,#6873);
#6871 = CARTESIAN_POINT('',(-0.32,-2.86,-3.));
#6872 = DIRECTION('',(1.,0.,0.));
#6873 = DIRECTION('',(0.,0.,1.));
#6874 = ADVANCED_FACE('',(#6875),#6900,.F.);
#6875 = FACE_BOUND('',#6876,.F.);
#6876 = EDGE_LOOP('',(#6877,#6885,#6886,#6894));
#6877 = ORIENTED_EDGE('',*,*,#6878,.F.);
#6878 = EDGE_CURVE('',#6431,#6879,#6881,.T.);
#6879 = VERTEX_POINT('',#6880);
#6880 = CARTESIAN_POINT('',(0.32,-0.32,8.38));
#6881 = LINE('',#6882,#6883);
#6882 = CARTESIAN_POINT('',(0.32,-0.32,-3.));
#6883 = VECTOR('',#6884,1.);
#6884 = DIRECTION('',(0.,0.,1.));
#6885 = ORIENTED_EDGE('',*,*,#6430,.T.);
#6886 = ORIENTED_EDGE('',*,*,#6887,.T.);
#6887 = EDGE_CURVE('',#6433,#6888,#6890,.T.);
#6888 = VERTEX_POINT('',#6889);
#6889 = CARTESIAN_POINT('',(-0.32,-0.32,8.38));
#6890 = LINE('',#6891,#6892);
#6891 = CARTESIAN_POINT('',(-0.32,-0.32,-3.));
#6892 = VECTOR('',#6893,1.);
#6893 = DIRECTION('',(0.,0.,1.));
#6894 = ORIENTED_EDGE('',*,*,#6895,.T.);
#6895 = EDGE_CURVE('',#6888,#6879,#6896,.T.);
#6896 = LINE('',#6897,#6898);
#6897 = CARTESIAN_POINT('',(-0.32,-0.32,8.38));
#6898 = VECTOR('',#6899,1.);
#6899 = DIRECTION('',(1.,0.,0.));
#6900 = PLANE('',#6901);
#6901 = AXIS2_PLACEMENT_3D('',#6902,#6903,#6904);
#6902 = CARTESIAN_POINT('',(-0.32,-0.32,-3.));
#6903 = DIRECTION('',(0.,1.,0.));
#6904 = DIRECTION('',(0.,-0.,1.));
#6905 = ADVANCED_FACE('',(#6906),#6924,.T.);
#6906 = FACE_BOUND('',#6907,.T.);
#6907 = EDGE_LOOP('',(#6908,#6909,#6910,#6918));
#6908 = ORIENTED_EDGE('',*,*,#6878,.F.);
#6909 = ORIENTED_EDGE('',*,*,#6456,.T.);
#6910 = ORIENTED_EDGE('',*,*,#6911,.T.);
#6911 = EDGE_CURVE('',#6449,#6912,#6914,.T.);
#6912 = VERTEX_POINT('',#6913);
#6913 = CARTESIAN_POINT('',(0.32,0.32,8.38));
#6914 = LINE('',#6915,#6916);
#6915 = CARTESIAN_POINT('',(0.32,0.32,-3.));
#6916 = VECTOR('',#6917,1.);
#6917 = DIRECTION('',(0.,0.,1.));
#6918 = ORIENTED_EDGE('',*,*,#6919,.F.);
#6919 = EDGE_CURVE('',#6879,#6912,#6920,.T.);
#6920 = LINE('',#6921,#6922);
#6921 = CARTESIAN_POINT('',(0.32,-0.32,8.38));
#6922 = VECTOR('',#6923,1.);
#6923 = DIRECTION('',(0.,1.,0.));
#6924 = PLANE('',#6925);
#6925 = AXIS2_PLACEMENT_3D('',#6926,#6927,#6928);
#6926 = CARTESIAN_POINT('',(0.32,-0.32,-3.));
#6927 = DIRECTION('',(1.,0.,0.));
#6928 = DIRECTION('',(0.,0.,1.));
#6929 = ADVANCED_FACE('',(#6930),#6948,.T.);
#6930 = FACE_BOUND('',#6931,.T.);
#6931 = EDGE_LOOP('',(#6932,#6933,#6934,#6942));
#6932 = ORIENTED_EDGE('',*,*,#6911,.F.);
#6933 = ORIENTED_EDGE('',*,*,#6448,.T.);
#6934 = ORIENTED_EDGE('',*,*,#6935,.T.);
#6935 = EDGE_CURVE('',#6441,#6936,#6938,.T.);
#6936 = VERTEX_POINT('',#6937);
#6937 = CARTESIAN_POINT('',(-0.32,0.32,8.38));
#6938 = LINE('',#6939,#6940);
#6939 = CARTESIAN_POINT('',(-0.32,0.32,-3.));
#6940 = VECTOR('',#6941,1.);
#6941 = DIRECTION('',(0.,0.,1.));
#6942 = ORIENTED_EDGE('',*,*,#6943,.T.);
#6943 = EDGE_CURVE('',#6936,#6912,#6944,.T.);
#6944 = LINE('',#6945,#6946);
#6945 = CARTESIAN_POINT('',(-0.32,0.32,8.38));
#6946 = VECTOR('',#6947,1.);
#6947 = DIRECTION('',(1.,0.,0.));
#6948 = PLANE('',#6949);
#6949 = AXIS2_PLACEMENT_3D('',#6950,#6951,#6952);
#6950 = CARTESIAN_POINT('',(-0.32,0.32,-3.));
#6951 = DIRECTION('',(0.,1.,0.));
#6952 = DIRECTION('',(0.,-0.,1.));
#6953 = ADVANCED_FACE('',(#6954),#6965,.F.);
#6954 = FACE_BOUND('',#6955,.F.);
#6955 = EDGE_LOOP('',(#6956,#6957,#6958,#6959));
#6956 = ORIENTED_EDGE('',*,*,#6887,.F.);
#6957 = ORIENTED_EDGE('',*,*,#6440,.T.);
#6958 = ORIENTED_EDGE('',*,*,#6935,.T.);
#6959 = ORIENTED_EDGE('',*,*,#6960,.F.);
#6960 = EDGE_CURVE('',#6888,#6936,#6961,.T.);
#6961 = LINE('',#6962,#6963);
#6962 = CARTESIAN_POINT('',(-0.32,-0.32,8.38));
#6963 = VECTOR('',#6964,1.);
#6964 = DIRECTION('',(0.,1.,0.));
#6965 = PLANE('',#6966);
#6966 = AXIS2_PLACEMENT_3D('',#6967,#6968,#6969);
#6967 = CARTESIAN_POINT('',(-0.32,-0.32,-3.));
#6968 = DIRECTION('',(1.,0.,0.));
#6969 = DIRECTION('',(0.,0.,1.));
#6970 = ADVANCED_FACE('',(#6971),#6996,.F.);
#6971 = FACE_BOUND('',#6972,.F.);
#6972 = EDGE_LOOP('',(#6973,#6981,#6982,#6990));
#6973 = ORIENTED_EDGE('',*,*,#6974,.F.);
#6974 = EDGE_CURVE('',#6465,#6975,#6977,.T.);
#6975 = VERTEX_POINT('',#6976);
#6976 = CARTESIAN_POINT('',(0.32,-2.86,8.38));
#6977 = LINE('',#6978,#6979);
#6978 = CARTESIAN_POINT('',(0.32,-2.86,-3.));
#6979 = VECTOR('',#6980,1.);
#6980 = DIRECTION('',(0.,0.,1.));
#6981 = ORIENTED_EDGE('',*,*,#6464,.T.);
#6982 = ORIENTED_EDGE('',*,*,#6983,.T.);
#6983 = EDGE_CURVE('',#6467,#6984,#6986,.T.);
#6984 = VERTEX_POINT('',#6985);
#6985 = CARTESIAN_POINT('',(-0.32,-2.86,8.38));
#6986 = LINE('',#6987,#6988);
#6987 = CARTESIAN_POINT('',(-0.32,-2.86,-3.));
#6988 = VECTOR('',#6989,1.);
#6989 = DIRECTION('',(0.,0.,1.));
#6990 = ORIENTED_EDGE('',*,*,#6991,.T.);
#6991 = EDGE_CURVE('',#6984,#6975,#6992,.T.);
#6992 = LINE('',#6993,#6994);
#6993 = CARTESIAN_POINT('',(-0.32,-2.86,8.38));
#6994 = VECTOR('',#6995,1.);
#6995 = DIRECTION('',(1.,0.,0.));
#6996 = PLANE('',#6997);
#6997 = AXIS2_PLACEMENT_3D('',#6998,#6999,#7000);
#6998 = CARTESIAN_POINT('',(-0.32,-2.86,-3.));
#6999 = DIRECTION('',(0.,1.,0.));
#7000 = DIRECTION('',(0.,-0.,1.));
#7001 = ADVANCED_FACE('',(#7002),#7020,.T.);
#7002 = FACE_BOUND('',#7003,.T.);
#7003 = EDGE_LOOP('',(#7004,#7005,#7006,#7014));
#7004 = ORIENTED_EDGE('',*,*,#6974,.F.);
#7005 = ORIENTED_EDGE('',*,*,#6490,.T.);
#7006 = ORIENTED_EDGE('',*,*,#7007,.T.);
#7007 = EDGE_CURVE('',#6483,#7008,#7010,.T.);
#7008 = VERTEX_POINT('',#7009);
#7009 = CARTESIAN_POINT('',(0.32,-2.22,8.38));
#7010 = LINE('',#7011,#7012);
#7011 = CARTESIAN_POINT('',(0.32,-2.22,-3.));
#7012 = VECTOR('',#7013,1.);
#7013 = DIRECTION('',(0.,0.,1.));
#7014 = ORIENTED_EDGE('',*,*,#7015,.F.);
#7015 = EDGE_CURVE('',#6975,#7008,#7016,.T.);
#7016 = LINE('',#7017,#7018);
#7017 = CARTESIAN_POINT('',(0.32,-2.86,8.38));
#7018 = VECTOR('',#7019,1.);
#7019 = DIRECTION('',(0.,1.,0.));
#7020 = PLANE('',#7021);
#7021 = AXIS2_PLACEMENT_3D('',#7022,#7023,#7024);
#7022 = CARTESIAN_POINT('',(0.32,-2.86,-3.));
#7023 = DIRECTION('',(1.,0.,0.));
#7024 = DIRECTION('',(0.,0.,1.));
#7025 = ADVANCED_FACE('',(#7026),#7044,.T.);
#7026 = FACE_BOUND('',#7027,.T.);
#7027 = EDGE_LOOP('',(#7028,#7029,#7030,#7038));
#7028 = ORIENTED_EDGE('',*,*,#7007,.F.);
#7029 = ORIENTED_EDGE('',*,*,#6482,.T.);
#7030 = ORIENTED_EDGE('',*,*,#7031,.T.);
#7031 = EDGE_CURVE('',#6475,#7032,#7034,.T.);
#7032 = VERTEX_POINT('',#7033);
#7033 = CARTESIAN_POINT('',(-0.32,-2.22,8.38));
#7034 = LINE('',#7035,#7036);
#7035 = CARTESIAN_POINT('',(-0.32,-2.22,-3.));
#7036 = VECTOR('',#7037,1.);
#7037 = DIRECTION('',(0.,0.,1.));
#7038 = ORIENTED_EDGE('',*,*,#7039,.T.);
#7039 = EDGE_CURVE('',#7032,#7008,#7040,.T.);
#7040 = LINE('',#7041,#7042);
#7041 = CARTESIAN_POINT('',(-0.32,-2.22,8.38));
#7042 = VECTOR('',#7043,1.);
#7043 = DIRECTION('',(1.,0.,0.));
#7044 = PLANE('',#7045);
#7045 = AXIS2_PLACEMENT_3D('',#7046,#7047,#7048);
#7046 = CARTESIAN_POINT('',(-0.32,-2.22,-3.));
#7047 = DIRECTION('',(0.,1.,0.));
#7048 = DIRECTION('',(0.,-0.,1.));
#7049 = ADVANCED_FACE('',(#7050),#7061,.F.);
#7050 = FACE_BOUND('',#7051,.F.);
#7051 = EDGE_LOOP('',(#7052,#7053,#7054,#7055));
#7052 = ORIENTED_EDGE('',*,*,#6983,.F.);
#7053 = ORIENTED_EDGE('',*,*,#6474,.T.);
#7054 = ORIENTED_EDGE('',*,*,#7031,.T.);
#7055 = ORIENTED_EDGE('',*,*,#7056,.F.);
#7056 = EDGE_CURVE('',#6984,#7032,#7057,.T.);
#7057 = LINE('',#7058,#7059);
#7058 = CARTESIAN_POINT('',(-0.32,-2.86,8.38));
#7059 = VECTOR('',#7060,1.);
#7060 = DIRECTION('',(0.,1.,0.));
#7061 = PLANE('',#7062);
#7062 = AXIS2_PLACEMENT_3D('',#7063,#7064,#7065);
#7063 = CARTESIAN_POINT('',(-0.32,-2.86,-3.));
#7064 = DIRECTION('',(1.,0.,0.));
#7065 = DIRECTION('',(0.,0.,1.));
#7066 = ADVANCED_FACE('',(#7067),#7092,.T.);
#7067 = FACE_BOUND('',#7068,.F.);
#7068 = EDGE_LOOP('',(#7069,#7077,#7078,#7086));
#7069 = ORIENTED_EDGE('',*,*,#7070,.F.);
#7070 = EDGE_CURVE('',#6695,#7071,#7073,.T.);
#7071 = VERTEX_POINT('',#7072);
#7072 = CARTESIAN_POINT('',(-0.16,-0.16,-3.));
#7073 = LINE('',#7074,#7075);
#7074 = CARTESIAN_POINT('',(-0.266666666667,-0.266666666667,
    -2.893333333333));
#7075 = VECTOR('',#7076,1.);
#7076 = DIRECTION('',(0.57735026919,0.57735026919,-0.57735026919));
#7077 = ORIENTED_EDGE('',*,*,#6694,.T.);
#7078 = ORIENTED_EDGE('',*,*,#7079,.T.);
#7079 = EDGE_CURVE('',#6687,#7080,#7082,.T.);
#7080 = VERTEX_POINT('',#7081);
#7081 = CARTESIAN_POINT('',(0.16,-0.16,-3.));
#7082 = LINE('',#7083,#7084);
#7083 = CARTESIAN_POINT('',(0.16,-0.16,-3.));
#7084 = VECTOR('',#7085,1.);
#7085 = DIRECTION('',(-0.57735026919,0.57735026919,-0.57735026919));
#7086 = ORIENTED_EDGE('',*,*,#7087,.F.);
#7087 = EDGE_CURVE('',#7071,#7080,#7088,.T.);
#7088 = LINE('',#7089,#7090);
#7089 = CARTESIAN_POINT('',(-0.32,-0.16,-3.));
#7090 = VECTOR('',#7091,1.);
#7091 = DIRECTION('',(1.,0.,0.));
#7092 = PLANE('',#7093);
#7093 = AXIS2_PLACEMENT_3D('',#7094,#7095,#7096);
#7094 = CARTESIAN_POINT('',(-0.32,-0.24,-2.92));
#7095 = DIRECTION('',(1.735167508357E-18,-0.707106781187,-0.707106781187
    ));
#7096 = DIRECTION('',(-1.,-1.226948711654E-18,-1.226948711654E-18));
#7097 = ADVANCED_FACE('',(#7098),#7116,.F.);
#7098 = FACE_BOUND('',#7099,.F.);
#7099 = EDGE_LOOP('',(#7100,#7101,#7102,#7110));
#7100 = ORIENTED_EDGE('',*,*,#7079,.F.);
#7101 = ORIENTED_EDGE('',*,*,#6718,.T.);
#7102 = ORIENTED_EDGE('',*,*,#7103,.T.);
#7103 = EDGE_CURVE('',#6719,#7104,#7106,.T.);
#7104 = VERTEX_POINT('',#7105);
#7105 = CARTESIAN_POINT('',(0.16,0.16,-3.));
#7106 = LINE('',#7107,#7108);
#7107 = CARTESIAN_POINT('',(5.333333333333E-02,5.333333333333E-02,
    -3.106666666667));
#7108 = VECTOR('',#7109,1.);
#7109 = DIRECTION('',(-0.57735026919,-0.57735026919,-0.57735026919));
#7110 = ORIENTED_EDGE('',*,*,#7111,.F.);
#7111 = EDGE_CURVE('',#7080,#7104,#7112,.T.);
#7112 = LINE('',#7113,#7114);
#7113 = CARTESIAN_POINT('',(0.16,-0.32,-3.));
#7114 = VECTOR('',#7115,1.);
#7115 = DIRECTION('',(0.,1.,0.));
#7116 = PLANE('',#7117);
#7117 = AXIS2_PLACEMENT_3D('',#7118,#7119,#7120);
#7118 = CARTESIAN_POINT('',(0.24,-0.32,-2.92));
#7119 = DIRECTION('',(-0.707106781187,1.735167508357E-18,0.707106781187)
  );
#7120 = DIRECTION('',(1.226948711654E-18,1.,-1.226948711654E-18));
#7121 = ADVANCED_FACE('',(#7122),#7140,.F.);
#7122 = FACE_BOUND('',#7123,.T.);
#7123 = EDGE_LOOP('',(#7124,#7132,#7133,#7134));
#7124 = ORIENTED_EDGE('',*,*,#7125,.F.);
#7125 = EDGE_CURVE('',#6743,#7126,#7128,.T.);
#7126 = VERTEX_POINT('',#7127);
#7127 = CARTESIAN_POINT('',(-0.16,0.16,-3.));
#7128 = LINE('',#7129,#7130);
#7129 = CARTESIAN_POINT('',(-0.16,0.16,-3.));
#7130 = VECTOR('',#7131,1.);
#7131 = DIRECTION('',(0.57735026919,-0.57735026919,-0.57735026919));
#7132 = ORIENTED_EDGE('',*,*,#6742,.T.);
#7133 = ORIENTED_EDGE('',*,*,#7103,.T.);
#7134 = ORIENTED_EDGE('',*,*,#7135,.F.);
#7135 = EDGE_CURVE('',#7126,#7104,#7136,.T.);
#7136 = LINE('',#7137,#7138);
#7137 = CARTESIAN_POINT('',(-0.32,0.16,-3.));
#7138 = VECTOR('',#7139,1.);
#7139 = DIRECTION('',(1.,0.,0.));
#7140 = PLANE('',#7141);
#7141 = AXIS2_PLACEMENT_3D('',#7142,#7143,#7144);
#7142 = CARTESIAN_POINT('',(-0.32,0.24,-2.92));
#7143 = DIRECTION('',(-1.735167508357E-18,-0.707106781187,0.707106781187
    ));
#7144 = DIRECTION('',(-1.,1.226948711654E-18,-1.226948711654E-18));
#7145 = ADVANCED_FACE('',(#7146),#7157,.T.);
#7146 = FACE_BOUND('',#7147,.T.);
#7147 = EDGE_LOOP('',(#7148,#7149,#7150,#7151));
#7148 = ORIENTED_EDGE('',*,*,#7070,.F.);
#7149 = ORIENTED_EDGE('',*,*,#6766,.T.);
#7150 = ORIENTED_EDGE('',*,*,#7125,.T.);
#7151 = ORIENTED_EDGE('',*,*,#7152,.F.);
#7152 = EDGE_CURVE('',#7071,#7126,#7153,.T.);
#7153 = LINE('',#7154,#7155);
#7154 = CARTESIAN_POINT('',(-0.16,-0.32,-3.));
#7155 = VECTOR('',#7156,1.);
#7156 = DIRECTION('',(0.,1.,0.));
#7157 = PLANE('',#7158);
#7158 = AXIS2_PLACEMENT_3D('',#7159,#7160,#7161);
#7159 = CARTESIAN_POINT('',(-0.24,-0.32,-2.92));
#7160 = DIRECTION('',(-0.707106781187,-1.735167508357E-18,
    -0.707106781187));
#7161 = DIRECTION('',(-1.226948711654E-18,1.,-1.226948711654E-18));
#7162 = ADVANCED_FACE('',(#7163),#7188,.T.);
#7163 = FACE_BOUND('',#7164,.F.);
#7164 = EDGE_LOOP('',(#7165,#7173,#7174,#7182));
#7165 = ORIENTED_EDGE('',*,*,#7166,.F.);
#7166 = EDGE_CURVE('',#6791,#7167,#7169,.T.);
#7167 = VERTEX_POINT('',#7168);
#7168 = CARTESIAN_POINT('',(-0.16,-2.7,-3.));
#7169 = LINE('',#7170,#7171);
#7170 = CARTESIAN_POINT('',(-0.266666666667,-2.806666666667,
    -2.893333333333));
#7171 = VECTOR('',#7172,1.);
#7172 = DIRECTION('',(0.57735026919,0.57735026919,-0.57735026919));
#7173 = ORIENTED_EDGE('',*,*,#6790,.T.);
#7174 = ORIENTED_EDGE('',*,*,#7175,.T.);
#7175 = EDGE_CURVE('',#6783,#7176,#7178,.T.);
#7176 = VERTEX_POINT('',#7177);
#7177 = CARTESIAN_POINT('',(0.16,-2.7,-3.));
#7178 = LINE('',#7179,#7180);
#7179 = CARTESIAN_POINT('',(0.16,-2.7,-3.));
#7180 = VECTOR('',#7181,1.);
#7181 = DIRECTION('',(-0.57735026919,0.57735026919,-0.57735026919));
#7182 = ORIENTED_EDGE('',*,*,#7183,.F.);
#7183 = EDGE_CURVE('',#7167,#7176,#7184,.T.);
#7184 = LINE('',#7185,#7186);
#7185 = CARTESIAN_POINT('',(-0.32,-2.7,-3.));
#7186 = VECTOR('',#7187,1.);
#7187 = DIRECTION('',(1.,0.,0.));
#7188 = PLANE('',#7189);
#7189 = AXIS2_PLACEMENT_3D('',#7190,#7191,#7192);
#7190 = CARTESIAN_POINT('',(-0.32,-2.78,-2.92));
#7191 = DIRECTION('',(1.735167508357E-18,-0.707106781187,-0.707106781187
    ));
#7192 = DIRECTION('',(-1.,-1.226948711654E-18,-1.226948711654E-18));
#7193 = ADVANCED_FACE('',(#7194),#7212,.F.);
#7194 = FACE_BOUND('',#7195,.F.);
#7195 = EDGE_LOOP('',(#7196,#7197,#7198,#7206));
#7196 = ORIENTED_EDGE('',*,*,#7175,.F.);
#7197 = ORIENTED_EDGE('',*,*,#6814,.T.);
#7198 = ORIENTED_EDGE('',*,*,#7199,.T.);
#7199 = EDGE_CURVE('',#6815,#7200,#7202,.T.);
#7200 = VERTEX_POINT('',#7201);
#7201 = CARTESIAN_POINT('',(0.16,-2.38,-3.));
#7202 = LINE('',#7203,#7204);
#7203 = CARTESIAN_POINT('',(5.333333333333E-02,-2.486666666667,
    -3.106666666667));
#7204 = VECTOR('',#7205,1.);
#7205 = DIRECTION('',(-0.57735026919,-0.57735026919,-0.57735026919));
#7206 = ORIENTED_EDGE('',*,*,#7207,.F.);
#7207 = EDGE_CURVE('',#7176,#7200,#7208,.T.);
#7208 = LINE('',#7209,#7210);
#7209 = CARTESIAN_POINT('',(0.16,-2.86,-3.));
#7210 = VECTOR('',#7211,1.);
#7211 = DIRECTION('',(0.,1.,0.));
#7212 = PLANE('',#7213);
#7213 = AXIS2_PLACEMENT_3D('',#7214,#7215,#7216);
#7214 = CARTESIAN_POINT('',(0.24,-2.86,-2.92));
#7215 = DIRECTION('',(-0.707106781187,1.735167508357E-18,0.707106781187)
  );
#7216 = DIRECTION('',(1.226948711654E-18,1.,-1.226948711654E-18));
#7217 = ADVANCED_FACE('',(#7218),#7236,.F.);
#7218 = FACE_BOUND('',#7219,.T.);
#7219 = EDGE_LOOP('',(#7220,#7228,#7229,#7230));
#7220 = ORIENTED_EDGE('',*,*,#7221,.F.);
#7221 = EDGE_CURVE('',#6839,#7222,#7224,.T.);
#7222 = VERTEX_POINT('',#7223);
#7223 = CARTESIAN_POINT('',(-0.16,-2.38,-3.));
#7224 = LINE('',#7225,#7226);
#7225 = CARTESIAN_POINT('',(-0.16,-2.38,-3.));
#7226 = VECTOR('',#7227,1.);
#7227 = DIRECTION('',(0.57735026919,-0.57735026919,-0.57735026919));
#7228 = ORIENTED_EDGE('',*,*,#6838,.T.);
#7229 = ORIENTED_EDGE('',*,*,#7199,.T.);
#7230 = ORIENTED_EDGE('',*,*,#7231,.F.);
#7231 = EDGE_CURVE('',#7222,#7200,#7232,.T.);
#7232 = LINE('',#7233,#7234);
#7233 = CARTESIAN_POINT('',(-0.32,-2.38,-3.));
#7234 = VECTOR('',#7235,1.);
#7235 = DIRECTION('',(1.,0.,0.));
#7236 = PLANE('',#7237);
#7237 = AXIS2_PLACEMENT_3D('',#7238,#7239,#7240);
#7238 = CARTESIAN_POINT('',(-0.32,-2.3,-2.92));
#7239 = DIRECTION('',(-1.735167508357E-18,-0.707106781187,0.707106781187
    ));
#7240 = DIRECTION('',(-1.,1.226948711654E-18,-1.226948711654E-18));
#7241 = ADVANCED_FACE('',(#7242),#7253,.T.);
#7242 = FACE_BOUND('',#7243,.T.);
#7243 = EDGE_LOOP('',(#7244,#7245,#7246,#7247));
#7244 = ORIENTED_EDGE('',*,*,#7166,.F.);
#7245 = ORIENTED_EDGE('',*,*,#6862,.T.);
#7246 = ORIENTED_EDGE('',*,*,#7221,.T.);
#7247 = ORIENTED_EDGE('',*,*,#7248,.F.);
#7248 = EDGE_CURVE('',#7167,#7222,#7249,.T.);
#7249 = LINE('',#7250,#7251);
#7250 = CARTESIAN_POINT('',(-0.16,-2.86,-3.));
#7251 = VECTOR('',#7252,1.);
#7252 = DIRECTION('',(0.,1.,0.));
#7253 = PLANE('',#7254);
#7254 = AXIS2_PLACEMENT_3D('',#7255,#7256,#7257);
#7255 = CARTESIAN_POINT('',(-0.24,-2.86,-2.92));
#7256 = DIRECTION('',(-0.707106781187,-1.735167508357E-18,
    -0.707106781187));
#7257 = DIRECTION('',(-1.226948711654E-18,1.,-1.226948711654E-18));
#7258 = ADVANCED_FACE('',(#7259),#7284,.F.);
#7259 = FACE_BOUND('',#7260,.T.);
#7260 = EDGE_LOOP('',(#7261,#7269,#7270,#7278));
#7261 = ORIENTED_EDGE('',*,*,#7262,.F.);
#7262 = EDGE_CURVE('',#6888,#7263,#7265,.T.);
#7263 = VERTEX_POINT('',#7264);
#7264 = CARTESIAN_POINT('',(-0.16,-0.16,8.54));
#7265 = LINE('',#7266,#7267);
#7266 = CARTESIAN_POINT('',(-0.266666666667,-0.266666666667,
    8.433333333333));
#7267 = VECTOR('',#7268,1.);
#7268 = DIRECTION('',(0.57735026919,0.57735026919,0.57735026919));
#7269 = ORIENTED_EDGE('',*,*,#6895,.T.);
#7270 = ORIENTED_EDGE('',*,*,#7271,.T.);
#7271 = EDGE_CURVE('',#6879,#7272,#7274,.T.);
#7272 = VERTEX_POINT('',#7273);
#7273 = CARTESIAN_POINT('',(0.16,-0.16,8.54));
#7274 = LINE('',#7275,#7276);
#7275 = CARTESIAN_POINT('',(0.16,-0.16,8.54));
#7276 = VECTOR('',#7277,1.);
#7277 = DIRECTION('',(-0.57735026919,0.57735026919,0.57735026919));
#7278 = ORIENTED_EDGE('',*,*,#7279,.F.);
#7279 = EDGE_CURVE('',#7263,#7272,#7280,.T.);
#7280 = LINE('',#7281,#7282);
#7281 = CARTESIAN_POINT('',(-0.32,-0.16,8.54));
#7282 = VECTOR('',#7283,1.);
#7283 = DIRECTION('',(1.,0.,0.));
#7284 = PLANE('',#7285);
#7285 = AXIS2_PLACEMENT_3D('',#7286,#7287,#7288);
#7286 = CARTESIAN_POINT('',(-0.32,-0.24,8.46));
#7287 = DIRECTION('',(-1.735167508357E-18,0.707106781187,-0.707106781187
    ));
#7288 = DIRECTION('',(-1.,-1.226948711654E-18,1.226948711654E-18));
#7289 = ADVANCED_FACE('',(#7290),#7308,.T.);
#7290 = FACE_BOUND('',#7291,.T.);
#7291 = EDGE_LOOP('',(#7292,#7293,#7294,#7302));
#7292 = ORIENTED_EDGE('',*,*,#7271,.F.);
#7293 = ORIENTED_EDGE('',*,*,#6919,.T.);
#7294 = ORIENTED_EDGE('',*,*,#7295,.T.);
#7295 = EDGE_CURVE('',#6912,#7296,#7298,.T.);
#7296 = VERTEX_POINT('',#7297);
#7297 = CARTESIAN_POINT('',(0.16,0.16,8.54));
#7298 = LINE('',#7299,#7300);
#7299 = CARTESIAN_POINT('',(5.333333333333E-02,5.333333333333E-02,
    8.646666666667));
#7300 = VECTOR('',#7301,1.);
#7301 = DIRECTION('',(-0.57735026919,-0.57735026919,0.57735026919));
#7302 = ORIENTED_EDGE('',*,*,#7303,.F.);
#7303 = EDGE_CURVE('',#7272,#7296,#7304,.T.);
#7304 = LINE('',#7305,#7306);
#7305 = CARTESIAN_POINT('',(0.16,-0.32,8.54));
#7306 = VECTOR('',#7307,1.);
#7307 = DIRECTION('',(0.,1.,0.));
#7308 = PLANE('',#7309);
#7309 = AXIS2_PLACEMENT_3D('',#7310,#7311,#7312);
#7310 = CARTESIAN_POINT('',(0.24,-0.32,8.46));
#7311 = DIRECTION('',(0.707106781187,-1.735167508357E-18,0.707106781187)
  );
#7312 = DIRECTION('',(1.226948711654E-18,1.,1.226948711654E-18));
#7313 = ADVANCED_FACE('',(#7314),#7332,.T.);
#7314 = FACE_BOUND('',#7315,.F.);
#7315 = EDGE_LOOP('',(#7316,#7324,#7325,#7326));
#7316 = ORIENTED_EDGE('',*,*,#7317,.F.);
#7317 = EDGE_CURVE('',#6936,#7318,#7320,.T.);
#7318 = VERTEX_POINT('',#7319);
#7319 = CARTESIAN_POINT('',(-0.16,0.16,8.54));
#7320 = LINE('',#7321,#7322);
#7321 = CARTESIAN_POINT('',(-0.16,0.16,8.54));
#7322 = VECTOR('',#7323,1.);
#7323 = DIRECTION('',(0.57735026919,-0.57735026919,0.57735026919));
#7324 = ORIENTED_EDGE('',*,*,#6943,.T.);
#7325 = ORIENTED_EDGE('',*,*,#7295,.T.);
#7326 = ORIENTED_EDGE('',*,*,#7327,.F.);
#7327 = EDGE_CURVE('',#7318,#7296,#7328,.T.);
#7328 = LINE('',#7329,#7330);
#7329 = CARTESIAN_POINT('',(-0.32,0.16,8.54));
#7330 = VECTOR('',#7331,1.);
#7331 = DIRECTION('',(1.,0.,0.));
#7332 = PLANE('',#7333);
#7333 = AXIS2_PLACEMENT_3D('',#7334,#7335,#7336);
#7334 = CARTESIAN_POINT('',(-0.32,0.24,8.46));
#7335 = DIRECTION('',(1.735167508357E-18,0.707106781187,0.707106781187)
  );
#7336 = DIRECTION('',(-1.,1.226948711654E-18,1.226948711654E-18));
#7337 = ADVANCED_FACE('',(#7338),#7349,.F.);
#7338 = FACE_BOUND('',#7339,.F.);
#7339 = EDGE_LOOP('',(#7340,#7341,#7342,#7343));
#7340 = ORIENTED_EDGE('',*,*,#7262,.F.);
#7341 = ORIENTED_EDGE('',*,*,#6960,.T.);
#7342 = ORIENTED_EDGE('',*,*,#7317,.T.);
#7343 = ORIENTED_EDGE('',*,*,#7344,.F.);
#7344 = EDGE_CURVE('',#7263,#7318,#7345,.T.);
#7345 = LINE('',#7346,#7347);
#7346 = CARTESIAN_POINT('',(-0.16,-0.32,8.54));
#7347 = VECTOR('',#7348,1.);
#7348 = DIRECTION('',(0.,1.,0.));
#7349 = PLANE('',#7350);
#7350 = AXIS2_PLACEMENT_3D('',#7351,#7352,#7353);
#7351 = CARTESIAN_POINT('',(-0.24,-0.32,8.46));
#7352 = DIRECTION('',(0.707106781187,1.735167508357E-18,-0.707106781187)
  );
#7353 = DIRECTION('',(-1.226948711654E-18,1.,1.226948711654E-18));
#7354 = ADVANCED_FACE('',(#7355),#7380,.F.);
#7355 = FACE_BOUND('',#7356,.T.);
#7356 = EDGE_LOOP('',(#7357,#7365,#7366,#7374));
#7357 = ORIENTED_EDGE('',*,*,#7358,.F.);
#7358 = EDGE_CURVE('',#6984,#7359,#7361,.T.);
#7359 = VERTEX_POINT('',#7360);
#7360 = CARTESIAN_POINT('',(-0.16,-2.7,8.54));
#7361 = LINE('',#7362,#7363);
#7362 = CARTESIAN_POINT('',(-0.266666666667,-2.806666666667,
    8.433333333333));
#7363 = VECTOR('',#7364,1.);
#7364 = DIRECTION('',(0.57735026919,0.57735026919,0.57735026919));
#7365 = ORIENTED_EDGE('',*,*,#6991,.T.);
#7366 = ORIENTED_EDGE('',*,*,#7367,.T.);
#7367 = EDGE_CURVE('',#6975,#7368,#7370,.T.);
#7368 = VERTEX_POINT('',#7369);
#7369 = CARTESIAN_POINT('',(0.16,-2.7,8.54));
#7370 = LINE('',#7371,#7372);
#7371 = CARTESIAN_POINT('',(0.16,-2.7,8.54));
#7372 = VECTOR('',#7373,1.);
#7373 = DIRECTION('',(-0.57735026919,0.57735026919,0.57735026919));
#7374 = ORIENTED_EDGE('',*,*,#7375,.F.);
#7375 = EDGE_CURVE('',#7359,#7368,#7376,.T.);
#7376 = LINE('',#7377,#7378);
#7377 = CARTESIAN_POINT('',(-0.32,-2.7,8.54));
#7378 = VECTOR('',#7379,1.);
#7379 = DIRECTION('',(1.,0.,0.));
#7380 = PLANE('',#7381);
#7381 = AXIS2_PLACEMENT_3D('',#7382,#7383,#7384);
#7382 = CARTESIAN_POINT('',(-0.32,-2.78,8.46));
#7383 = DIRECTION('',(-1.735167508357E-18,0.707106781187,-0.707106781187
    ));
#7384 = DIRECTION('',(-1.,-1.226948711654E-18,1.226948711654E-18));
#7385 = ADVANCED_FACE('',(#7386),#7404,.T.);
#7386 = FACE_BOUND('',#7387,.T.);
#7387 = EDGE_LOOP('',(#7388,#7389,#7390,#7398));
#7388 = ORIENTED_EDGE('',*,*,#7367,.F.);
#7389 = ORIENTED_EDGE('',*,*,#7015,.T.);
#7390 = ORIENTED_EDGE('',*,*,#7391,.T.);
#7391 = EDGE_CURVE('',#7008,#7392,#7394,.T.);
#7392 = VERTEX_POINT('',#7393);
#7393 = CARTESIAN_POINT('',(0.16,-2.38,8.54));
#7394 = LINE('',#7395,#7396);
#7395 = CARTESIAN_POINT('',(5.333333333333E-02,-2.486666666667,
    8.646666666667));
#7396 = VECTOR('',#7397,1.);
#7397 = DIRECTION('',(-0.57735026919,-0.57735026919,0.57735026919));
#7398 = ORIENTED_EDGE('',*,*,#7399,.F.);
#7399 = EDGE_CURVE('',#7368,#7392,#7400,.T.);
#7400 = LINE('',#7401,#7402);
#7401 = CARTESIAN_POINT('',(0.16,-2.86,8.54));
#7402 = VECTOR('',#7403,1.);
#7403 = DIRECTION('',(0.,1.,0.));
#7404 = PLANE('',#7405);
#7405 = AXIS2_PLACEMENT_3D('',#7406,#7407,#7408);
#7406 = CARTESIAN_POINT('',(0.24,-2.86,8.46));
#7407 = DIRECTION('',(0.707106781187,-1.735167508357E-18,0.707106781187)
  );
#7408 = DIRECTION('',(1.226948711654E-18,1.,1.226948711654E-18));
#7409 = ADVANCED_FACE('',(#7410),#7428,.T.);
#7410 = FACE_BOUND('',#7411,.F.);
#7411 = EDGE_LOOP('',(#7412,#7420,#7421,#7422));
#7412 = ORIENTED_EDGE('',*,*,#7413,.F.);
#7413 = EDGE_CURVE('',#7032,#7414,#7416,.T.);
#7414 = VERTEX_POINT('',#7415);
#7415 = CARTESIAN_POINT('',(-0.16,-2.38,8.54));
#7416 = LINE('',#7417,#7418);
#7417 = CARTESIAN_POINT('',(-0.16,-2.38,8.54));
#7418 = VECTOR('',#7419,1.);
#7419 = DIRECTION('',(0.57735026919,-0.57735026919,0.57735026919));
#7420 = ORIENTED_EDGE('',*,*,#7039,.T.);
#7421 = ORIENTED_EDGE('',*,*,#7391,.T.);
#7422 = ORIENTED_EDGE('',*,*,#7423,.F.);
#7423 = EDGE_CURVE('',#7414,#7392,#7424,.T.);
#7424 = LINE('',#7425,#7426);
#7425 = CARTESIAN_POINT('',(-0.32,-2.38,8.54));
#7426 = VECTOR('',#7427,1.);
#7427 = DIRECTION('',(1.,0.,0.));
#7428 = PLANE('',#7429);
#7429 = AXIS2_PLACEMENT_3D('',#7430,#7431,#7432);
#7430 = CARTESIAN_POINT('',(-0.32,-2.3,8.46));
#7431 = DIRECTION('',(1.735167508357E-18,0.707106781187,0.707106781187)
  );
#7432 = DIRECTION('',(-1.,1.226948711654E-18,1.226948711654E-18));
#7433 = ADVANCED_FACE('',(#7434),#7445,.F.);
#7434 = FACE_BOUND('',#7435,.F.);
#7435 = EDGE_LOOP('',(#7436,#7437,#7438,#7439));
#7436 = ORIENTED_EDGE('',*,*,#7358,.F.);
#7437 = ORIENTED_EDGE('',*,*,#7056,.T.);
#7438 = ORIENTED_EDGE('',*,*,#7413,.T.);
#7439 = ORIENTED_EDGE('',*,*,#7440,.F.);
#7440 = EDGE_CURVE('',#7359,#7414,#7441,.T.);
#7441 = LINE('',#7442,#7443);
#7442 = CARTESIAN_POINT('',(-0.16,-2.86,8.54));
#7443 = VECTOR('',#7444,1.);
#7444 = DIRECTION('',(0.,1.,0.));
#7445 = PLANE('',#7446);
#7446 = AXIS2_PLACEMENT_3D('',#7447,#7448,#7449);
#7447 = CARTESIAN_POINT('',(-0.24,-2.86,8.46));
#7448 = DIRECTION('',(0.707106781187,1.735167508357E-18,-0.707106781187)
  );
#7449 = DIRECTION('',(-1.226948711654E-18,1.,1.226948711654E-18));
#7450 = ADVANCED_FACE('',(#7451),#7457,.F.);
#7451 = FACE_BOUND('',#7452,.F.);
#7452 = EDGE_LOOP('',(#7453,#7454,#7455,#7456));
#7453 = ORIENTED_EDGE('',*,*,#7152,.F.);
#7454 = ORIENTED_EDGE('',*,*,#7087,.T.);
#7455 = ORIENTED_EDGE('',*,*,#7111,.T.);
#7456 = ORIENTED_EDGE('',*,*,#7135,.F.);
#7457 = PLANE('',#7458);
#7458 = AXIS2_PLACEMENT_3D('',#7459,#7460,#7461);
#7459 = CARTESIAN_POINT('',(-0.32,-0.32,-3.));
#7460 = DIRECTION('',(0.,0.,1.));
#7461 = DIRECTION('',(1.,0.,-0.));
#7462 = ADVANCED_FACE('',(#7463),#7469,.F.);
#7463 = FACE_BOUND('',#7464,.F.);
#7464 = EDGE_LOOP('',(#7465,#7466,#7467,#7468));
#7465 = ORIENTED_EDGE('',*,*,#7248,.F.);
#7466 = ORIENTED_EDGE('',*,*,#7183,.T.);
#7467 = ORIENTED_EDGE('',*,*,#7207,.T.);
#7468 = ORIENTED_EDGE('',*,*,#7231,.F.);
#7469 = PLANE('',#7470);
#7470 = AXIS2_PLACEMENT_3D('',#7471,#7472,#7473);
#7471 = CARTESIAN_POINT('',(-0.32,-2.86,-3.));
#7472 = DIRECTION('',(0.,0.,1.));
#7473 = DIRECTION('',(1.,0.,-0.));
#7474 = ADVANCED_FACE('',(#7475),#7481,.T.);
#7475 = FACE_BOUND('',#7476,.T.);
#7476 = EDGE_LOOP('',(#7477,#7478,#7479,#7480));
#7477 = ORIENTED_EDGE('',*,*,#7327,.F.);
#7478 = ORIENTED_EDGE('',*,*,#7344,.F.);
#7479 = ORIENTED_EDGE('',*,*,#7279,.T.);
#7480 = ORIENTED_EDGE('',*,*,#7303,.T.);
#7481 = PLANE('',#7482);
#7482 = AXIS2_PLACEMENT_3D('',#7483,#7484,#7485);
#7483 = CARTESIAN_POINT('',(-0.32,-0.32,8.54));
#7484 = DIRECTION('',(0.,0.,1.));
#7485 = DIRECTION('',(1.,0.,-0.));
#7486 = ADVANCED_FACE('',(#7487),#7493,.T.);
#7487 = FACE_BOUND('',#7488,.T.);
#7488 = EDGE_LOOP('',(#7489,#7490,#7491,#7492));
#7489 = ORIENTED_EDGE('',*,*,#7423,.F.);
#7490 = ORIENTED_EDGE('',*,*,#7440,.F.);
#7491 = ORIENTED_EDGE('',*,*,#7375,.T.);
#7492 = ORIENTED_EDGE('',*,*,#7399,.T.);
#7493 = PLANE('',#7494);
#7494 = AXIS2_PLACEMENT_3D('',#7495,#7496,#7497);
#7495 = CARTESIAN_POINT('',(-0.32,-2.86,8.54));
#7496 = DIRECTION('',(0.,0.,1.));
#7497 = DIRECTION('',(1.,0.,-0.));
#7498 = ( GEOMETRIC_REPRESENTATION_CONTEXT(3) 
GLOBAL_UNCERTAINTY_ASSIGNED_CONTEXT((#7502)) 
GLOBAL_UNIT_ASSIGNED_CONTEXT((#7499,#7500,#7501)) REPRESENTATION_CONTEXT
('Context #1','3D Context with UNIT and UNCERTAINTY') );
#7499 = ( LENGTH_UNIT() NAMED_UNIT(*) SI_UNIT(.MILLI.,.METRE.) );
#7500 = ( NAMED_UNIT(*) PLANE_ANGLE_UNIT() SI_UNIT($,.RADIAN.) );
#7501 = ( NAMED_UNIT(*) SI_UNIT($,.STERADIAN.) SOLID_ANGLE_UNIT() );
#7502 = UNCERTAINTY_MEASURE_WITH_UNIT(LENGTH_MEASURE(1.E-07),#7499,
  'distance_accuracy_value','confusion accuracy');
#7503 = CONTEXT_DEPENDENT_SHAPE_REPRESENTATION(#7504,#7506);
#7504 = ( REPRESENTATION_RELATIONSHIP('','',#6065,#10) 
REPRESENTATION_RELATIONSHIP_WITH_TRANSFORMATION(#7505) 
SHAPE_REPRESENTATION_RELATIONSHIP() );
#7505 = ITEM_DEFINED_TRANSFORMATION('','',#11,#35);
#7506 = PRODUCT_DEFINITION_SHAPE('Placement','Placement of an item',
  #7507);
#7507 = NEXT_ASSEMBLY_USAGE_OCCURRENCE('6','J1','',#5,#6060,$);
#7508 = PRODUCT_RELATED_PRODUCT_CATEGORY('part',$,(#6062));
#7509 = CONTEXT_DEPENDENT_SHAPE_REPRESENTATION(#7510,#7512);
#7510 = ( REPRESENTATION_RELATIONSHIP('','',#100,#10) 
REPRESENTATION_RELATIONSHIP_WITH_TRANSFORMATION(#7511) 
SHAPE_REPRESENTATION_RELATIONSHIP() );
#7511 = ITEM_DEFINED_TRANSFORMATION('','',#11,#39);
#7512 = PRODUCT_DEFINITION_SHAPE('Placement','Placement of an item',
  #7513);
#7513 = NEXT_ASSEMBLY_USAGE_OCCURRENCE('7','R2','',#5,#95,$);
#7514 = CONTEXT_DEPENDENT_SHAPE_REPRESENTATION(#7515,#7517);
#7515 = ( REPRESENTATION_RELATIONSHIP('','',#100,#10) 
REPRESENTATION_RELATIONSHIP_WITH_TRANSFORMATION(#7516) 
SHAPE_REPRESENTATION_RELATIONSHIP() );
#7516 = ITEM_DEFINED_TRANSFORMATION('','',#11,#43);
#7517 = PRODUCT_DEFINITION_SHAPE('Placement','Placement of an item',
  #7518);
#7518 = NEXT_ASSEMBLY_USAGE_OCCURRENCE('8','R3','',#5,#95,$);
#7519 = CONTEXT_DEPENDENT_SHAPE_REPRESENTATION(#7520,#7522);
#7520 = ( REPRESENTATION_RELATIONSHIP('','',#782,#10) 
REPRESENTATION_RELATIONSHIP_WITH_TRANSFORMATION(#7521) 
SHAPE_REPRESENTATION_RELATIONSHIP() );
#7521 = ITEM_DEFINED_TRANSFORMATION('','',#11,#47);
#7522 = PRODUCT_DEFINITION_SHAPE('Placement','Placement of an item',
  #7523);
#7523 = NEXT_ASSEMBLY_USAGE_OCCURRENCE('9','D10','',#5,#777,$);
#7524 = CONTEXT_DEPENDENT_SHAPE_REPRESENTATION(#7525,#7527);
#7525 = ( REPRESENTATION_RELATIONSHIP('','',#6065,#10) 
REPRESENTATION_RELATIONSHIP_WITH_TRANSFORMATION(#7526) 
SHAPE_REPRESENTATION_RELATIONSHIP() );
#7526 = ITEM_DEFINED_TRANSFORMATION('','',#11,#51);
#7527 = PRODUCT_DEFINITION_SHAPE('Placement','Placement of an item',
  #7528);
#7528 = NEXT_ASSEMBLY_USAGE_OCCURRENCE('10','C2','',#5,#6060,$);
#7529 = CONTEXT_DEPENDENT_SHAPE_REPRESENTATION(#7530,#7532);
#7530 = ( REPRESENTATION_RELATIONSHIP('','',#782,#10) 
REPRESENTATION_RELATIONSHIP_WITH_TRANSFORMATION(#7531) 
SHAPE_REPRESENTATION_RELATIONSHIP() );
#7531 = ITEM_DEFINED_TRANSFORMATION('','',#11,#55);
#7532 = PRODUCT_DEFINITION_SHAPE('Placement','Placement of an item',
  #7533);
#7533 = NEXT_ASSEMBLY_USAGE_OCCURRENCE('11','D4','',#5,#777,$);
#7534 = CONTEXT_DEPENDENT_SHAPE_REPRESENTATION(#7535,#7537);
#7535 = ( REPRESENTATION_RELATIONSHIP('','',#782,#10) 
REPRESENTATION_RELATIONSHIP_WITH_TRANSFORMATION(#7536) 
SHAPE_REPRESENTATION_RELATIONSHIP() );
#7536 = ITEM_DEFINED_TRANSFORMATION('','',#11,#59);
#7537 = PRODUCT_DEFINITION_SHAPE('Placement','Placement of an item',
  #7538);
#7538 = NEXT_ASSEMBLY_USAGE_OCCURRENCE('12','D7','',#5,#777,$);
#7539 = SHAPE_DEFINITION_REPRESENTATION(#7540,#7546);
#7540 = PRODUCT_DEFINITION_SHAPE('','',#7541);
#7541 = PRODUCT_DEFINITION('design','',#7542,#7545);
#7542 = PRODUCT_DEFINITION_FORMATION('','',#7543);
#7543 = PRODUCT('CP_Radial_D5.0mm_P2.00mm','CP_Radial_D5.0mm_P2.00mm',''
  ,(#7544));
#7544 = PRODUCT_CONTEXT('',#2,'mechanical');
#7545 = PRODUCT_DEFINITION_CONTEXT('part definition',#2,'design');
#7546 = ADVANCED_BREP_SHAPE_REPRESENTATION('',(#11,#7547),#9587);
#7547 = BREP_WITH_VOIDS('',#7548,(#9465));
#7548 = CLOSED_SHELL('',(#7549,#7566,#7591,#7640,#7673,#7691,#7716,#7748
    ,#7766,#7775,#7813,#7835,#7895,#7923,#8089,#8155,#8221,#8339,#8505,
    #8585,#8619,#8699,#8731,#8797,#8874,#8908,#8923,#8941,#8973,#8991,
    #9134,#9186,#9210,#9234,#9258,#9320,#9337,#9361,#9377,#9401,#9413,
    #9429,#9441,#9453));
#7549 = ADVANCED_FACE('',(#7550),#7561,.F.);
#7550 = FACE_BOUND('',#7551,.F.);
#7551 = EDGE_LOOP('',(#7552));
#7552 = ORIENTED_EDGE('',*,*,#7553,.T.);
#7553 = EDGE_CURVE('',#7554,#7554,#7556,.T.);
#7554 = VERTEX_POINT('',#7555);
#7555 = CARTESIAN_POINT('',(1.75,-9.184850993605E-17,-1.9));
#7556 = CIRCLE('',#7557,0.25);
#7557 = AXIS2_PLACEMENT_3D('',#7558,#7559,#7560);
#7558 = CARTESIAN_POINT('',(2.,-1.224646799147E-16,-1.9));
#7559 = DIRECTION('',(0.,0.,1.));
#7560 = DIRECTION('',(-1.,1.224646799147E-16,0.));
#7561 = PLANE('',#7562);
#7562 = AXIS2_PLACEMENT_3D('',#7563,#7564,#7565);
#7563 = CARTESIAN_POINT('',(2.,-1.443086680282E-16,-1.9));
#7564 = DIRECTION('',(-1.889979252092E-31,4.08046586736E-33,1.));
#7565 = DIRECTION('',(-1.,1.224646799147E-16,-1.889979252092E-31));
#7566 = ADVANCED_FACE('',(#7567),#7586,.T.);
#7567 = FACE_BOUND('',#7568,.T.);
#7568 = EDGE_LOOP('',(#7569,#7578,#7584,#7585));
#7569 = ORIENTED_EDGE('',*,*,#7570,.F.);
#7570 = EDGE_CURVE('',#7571,#7571,#7573,.T.);
#7571 = VERTEX_POINT('',#7572);
#7572 = CARTESIAN_POINT('',(1.75,-9.184850993605E-17,0.2));
#7573 = CIRCLE('',#7574,0.25);
#7574 = AXIS2_PLACEMENT_3D('',#7575,#7576,#7577);
#7575 = CARTESIAN_POINT('',(2.,-1.224646799147E-16,0.2));
#7576 = DIRECTION('',(0.,0.,1.));
#7577 = DIRECTION('',(-1.,1.224646799147E-16,0.));
#7578 = ORIENTED_EDGE('',*,*,#7579,.T.);
#7579 = EDGE_CURVE('',#7571,#7554,#7580,.T.);
#7580 = LINE('',#7581,#7582);
#7581 = CARTESIAN_POINT('',(1.75,-9.184850993605E-17,0.3));
#7582 = VECTOR('',#7583,1.);
#7583 = DIRECTION('',(0.,0.,-1.));
#7584 = ORIENTED_EDGE('',*,*,#7553,.T.);
#7585 = ORIENTED_EDGE('',*,*,#7579,.F.);
#7586 = CYLINDRICAL_SURFACE('',#7587,0.25);
#7587 = AXIS2_PLACEMENT_3D('',#7588,#7589,#7590);
#7588 = CARTESIAN_POINT('',(2.,-1.224646799147E-16,0.3));
#7589 = DIRECTION('',(0.,0.,1.));
#7590 = DIRECTION('',(-1.,1.224646799147E-16,0.));
#7591 = ADVANCED_FACE('',(#7592,#7621,#7624),#7635,.F.);
#7592 = FACE_BOUND('',#7593,.F.);
#7593 = EDGE_LOOP('',(#7594,#7605,#7614));
#7594 = ORIENTED_EDGE('',*,*,#7595,.T.);
#7595 = EDGE_CURVE('',#7596,#7598,#7600,.T.);
#7596 = VERTEX_POINT('',#7597);
#7597 = CARTESIAN_POINT('',(-0.75,2.143131898508E-16,0.2));
#7598 = VERTEX_POINT('',#7599);
#7599 = CARTESIAN_POINT('',(2.616789181895,-0.669696006639,0.2));
#7600 = CIRCLE('',#7601,1.75);
#7601 = AXIS2_PLACEMENT_3D('',#7602,#7603,#7604);
#7602 = CARTESIAN_POINT('',(1.,0.,0.2));
#7603 = DIRECTION('',(0.,0.,1.));
#7604 = DIRECTION('',(-1.,1.224646799147E-16,0.));
#7605 = ORIENTED_EDGE('',*,*,#7606,.T.);
#7606 = EDGE_CURVE('',#7598,#7607,#7609,.T.);
#7607 = VERTEX_POINT('',#7608);
#7608 = CARTESIAN_POINT('',(2.616789181895,0.669696006639,0.2));
#7609 = CIRCLE('',#7610,1.75);
#7610 = AXIS2_PLACEMENT_3D('',#7611,#7612,#7613);
#7611 = CARTESIAN_POINT('',(1.,0.,0.2));
#7612 = DIRECTION('',(0.,0.,1.));
#7613 = DIRECTION('',(-1.,1.224646799147E-16,0.));
#7614 = ORIENTED_EDGE('',*,*,#7615,.T.);
#7615 = EDGE_CURVE('',#7607,#7596,#7616,.T.);
#7616 = CIRCLE('',#7617,1.75);
#7617 = AXIS2_PLACEMENT_3D('',#7618,#7619,#7620);
#7618 = CARTESIAN_POINT('',(1.,0.,0.2));
#7619 = DIRECTION('',(0.,0.,1.));
#7620 = DIRECTION('',(-1.,1.224646799147E-16,0.));
#7621 = FACE_BOUND('',#7622,.F.);
#7622 = EDGE_LOOP('',(#7623));
#7623 = ORIENTED_EDGE('',*,*,#7570,.F.);
#7624 = FACE_BOUND('',#7625,.F.);
#7625 = EDGE_LOOP('',(#7626));
#7626 = ORIENTED_EDGE('',*,*,#7627,.F.);
#7627 = EDGE_CURVE('',#7628,#7628,#7630,.T.);
#7628 = VERTEX_POINT('',#7629);
#7629 = CARTESIAN_POINT('',(-0.25,1.530808498934E-16,0.2));
#7630 = CIRCLE('',#7631,0.25);
#7631 = AXIS2_PLACEMENT_3D('',#7632,#7633,#7634);
#7632 = CARTESIAN_POINT('',(0.,1.224646799147E-16,0.2));
#7633 = DIRECTION('',(0.,0.,1.));
#7634 = DIRECTION('',(-1.,1.224646799147E-16,0.));
#7635 = PLANE('',#7636);
#7636 = AXIS2_PLACEMENT_3D('',#7637,#7638,#7639);
#7637 = CARTESIAN_POINT('',(1.,-1.239108604125E-16,0.2));
#7638 = DIRECTION('',(0.,0.,1.));
#7639 = DIRECTION('',(-1.,1.224646799147E-16,0.));
#7640 = ADVANCED_FACE('',(#7641),#7668,.F.);
#7641 = FACE_BOUND('',#7642,.F.);
#7642 = EDGE_LOOP('',(#7643,#7651,#7652,#7653,#7661));
#7643 = ORIENTED_EDGE('',*,*,#7644,.F.);
#7644 = EDGE_CURVE('',#7598,#7645,#7647,.T.);
#7645 = VERTEX_POINT('',#7646);
#7646 = CARTESIAN_POINT('',(2.616789181895,-0.669696006639,0.));
#7647 = LINE('',#7648,#7649);
#7648 = CARTESIAN_POINT('',(2.616789181895,-0.669696006639,0.3));
#7649 = VECTOR('',#7650,1.);
#7650 = DIRECTION('',(0.,0.,-1.));
#7651 = ORIENTED_EDGE('',*,*,#7595,.F.);
#7652 = ORIENTED_EDGE('',*,*,#7615,.F.);
#7653 = ORIENTED_EDGE('',*,*,#7654,.T.);
#7654 = EDGE_CURVE('',#7607,#7655,#7657,.T.);
#7655 = VERTEX_POINT('',#7656);
#7656 = CARTESIAN_POINT('',(2.616789181895,0.669696006639,0.));
#7657 = LINE('',#7658,#7659);
#7658 = CARTESIAN_POINT('',(2.616789181895,0.669696006639,0.3));
#7659 = VECTOR('',#7660,1.);
#7660 = DIRECTION('',(0.,0.,-1.));
#7661 = ORIENTED_EDGE('',*,*,#7662,.F.);
#7662 = EDGE_CURVE('',#7645,#7655,#7663,.T.);
#7663 = CIRCLE('',#7664,1.75);
#7664 = AXIS2_PLACEMENT_3D('',#7665,#7666,#7667);
#7665 = CARTESIAN_POINT('',(1.,0.,0.));
#7666 = DIRECTION('',(0.,-0.,-1.));
#7667 = DIRECTION('',(0.923879532511,-0.382683432365,0.));
#7668 = CYLINDRICAL_SURFACE('',#7669,1.75);
#7669 = AXIS2_PLACEMENT_3D('',#7670,#7671,#7672);
#7670 = CARTESIAN_POINT('',(1.,0.,0.3));
#7671 = DIRECTION('',(0.,0.,-1.));
#7672 = DIRECTION('',(0.923879532511,-0.382683432365,0.));
#7673 = ADVANCED_FACE('',(#7674),#7686,.F.);
#7674 = FACE_BOUND('',#7675,.F.);
#7675 = EDGE_LOOP('',(#7676,#7677,#7678,#7679));
#7676 = ORIENTED_EDGE('',*,*,#7654,.F.);
#7677 = ORIENTED_EDGE('',*,*,#7606,.F.);
#7678 = ORIENTED_EDGE('',*,*,#7644,.T.);
#7679 = ORIENTED_EDGE('',*,*,#7680,.F.);
#7680 = EDGE_CURVE('',#7655,#7645,#7681,.T.);
#7681 = CIRCLE('',#7682,1.75);
#7682 = AXIS2_PLACEMENT_3D('',#7683,#7684,#7685);
#7683 = CARTESIAN_POINT('',(1.,0.,0.));
#7684 = DIRECTION('',(0.,0.,-1.));
#7685 = DIRECTION('',(0.923879532511,0.382683432365,0.));
#7686 = CYLINDRICAL_SURFACE('',#7687,1.75);
#7687 = AXIS2_PLACEMENT_3D('',#7688,#7689,#7690);
#7688 = CARTESIAN_POINT('',(1.,0.,0.3));
#7689 = DIRECTION('',(0.,0.,-1.));
#7690 = DIRECTION('',(0.923879532511,0.382683432365,0.));
#7691 = ADVANCED_FACE('',(#7692),#7711,.T.);
#7692 = FACE_BOUND('',#7693,.T.);
#7693 = EDGE_LOOP('',(#7694,#7695,#7703,#7710));
#7694 = ORIENTED_EDGE('',*,*,#7627,.F.);
#7695 = ORIENTED_EDGE('',*,*,#7696,.T.);
#7696 = EDGE_CURVE('',#7628,#7697,#7699,.T.);
#7697 = VERTEX_POINT('',#7698);
#7698 = CARTESIAN_POINT('',(-0.25,1.530808498934E-16,-2.));
#7699 = LINE('',#7700,#7701);
#7700 = CARTESIAN_POINT('',(-0.25,1.530808498934E-16,0.3));
#7701 = VECTOR('',#7702,1.);
#7702 = DIRECTION('',(0.,0.,-1.));
#7703 = ORIENTED_EDGE('',*,*,#7704,.T.);
#7704 = EDGE_CURVE('',#7697,#7697,#7705,.T.);
#7705 = CIRCLE('',#7706,0.25);
#7706 = AXIS2_PLACEMENT_3D('',#7707,#7708,#7709);
#7707 = CARTESIAN_POINT('',(0.,1.224646799147E-16,-2.));
#7708 = DIRECTION('',(0.,0.,1.));
#7709 = DIRECTION('',(-1.,1.224646799147E-16,0.));
#7710 = ORIENTED_EDGE('',*,*,#7696,.F.);
#7711 = CYLINDRICAL_SURFACE('',#7712,0.25);
#7712 = AXIS2_PLACEMENT_3D('',#7713,#7714,#7715);
#7713 = CARTESIAN_POINT('',(0.,1.224646799147E-16,0.3));
#7714 = DIRECTION('',(0.,0.,1.));
#7715 = DIRECTION('',(-1.,1.224646799147E-16,0.));
#7716 = ADVANCED_FACE('',(#7717),#7743,.T.);
#7717 = FACE_BOUND('',#7718,.F.);
#7718 = EDGE_LOOP('',(#7719,#7720,#7728,#7737));
#7719 = ORIENTED_EDGE('',*,*,#7662,.T.);
#7720 = ORIENTED_EDGE('',*,*,#7721,.T.);
#7721 = EDGE_CURVE('',#7655,#7722,#7724,.T.);
#7722 = VERTEX_POINT('',#7723);
#7723 = CARTESIAN_POINT('',(3.124922924776,0.88017189444,
    1.387778780781E-17));
#7724 = LINE('',#7725,#7726);
#7725 = CARTESIAN_POINT('',(2.616789181895,0.669696006639,0.));
#7726 = VECTOR('',#7727,1.);
#7727 = DIRECTION('',(0.923879532511,0.382683432365,0.));
#7728 = ORIENTED_EDGE('',*,*,#7729,.F.);
#7729 = EDGE_CURVE('',#7730,#7722,#7732,.T.);
#7730 = VERTEX_POINT('',#7731);
#7731 = CARTESIAN_POINT('',(3.124922924776,-0.88017189444,
    1.387778780781E-17));
#7732 = CIRCLE('',#7733,2.3);
#7733 = AXIS2_PLACEMENT_3D('',#7734,#7735,#7736);
#7734 = CARTESIAN_POINT('',(1.,0.,1.387778780781E-17));
#7735 = DIRECTION('',(0.,-0.,-1.));
#7736 = DIRECTION('',(0.923879532511,-0.382683432365,0.));
#7737 = ORIENTED_EDGE('',*,*,#7738,.F.);
#7738 = EDGE_CURVE('',#7645,#7730,#7739,.T.);
#7739 = LINE('',#7740,#7741);
#7740 = CARTESIAN_POINT('',(2.616789181895,-0.669696006639,0.));
#7741 = VECTOR('',#7742,1.);
#7742 = DIRECTION('',(0.923879532511,-0.382683432365,0.));
#7743 = PLANE('',#7744);
#7744 = AXIS2_PLACEMENT_3D('',#7745,#7746,#7747);
#7745 = CARTESIAN_POINT('',(1.,0.,0.));
#7746 = DIRECTION('',(0.,0.,-1.));
#7747 = DIRECTION('',(0.923879532511,-0.382683432365,0.));
#7748 = ADVANCED_FACE('',(#7749),#7761,.T.);
#7749 = FACE_BOUND('',#7750,.F.);
#7750 = EDGE_LOOP('',(#7751,#7752,#7753,#7760));
#7751 = ORIENTED_EDGE('',*,*,#7680,.T.);
#7752 = ORIENTED_EDGE('',*,*,#7738,.T.);
#7753 = ORIENTED_EDGE('',*,*,#7754,.F.);
#7754 = EDGE_CURVE('',#7722,#7730,#7755,.T.);
#7755 = CIRCLE('',#7756,2.3);
#7756 = AXIS2_PLACEMENT_3D('',#7757,#7758,#7759);
#7757 = CARTESIAN_POINT('',(1.,0.,1.387778780781E-17));
#7758 = DIRECTION('',(0.,0.,-1.));
#7759 = DIRECTION('',(0.923879532511,0.382683432365,0.));
#7760 = ORIENTED_EDGE('',*,*,#7721,.F.);
#7761 = PLANE('',#7762);
#7762 = AXIS2_PLACEMENT_3D('',#7763,#7764,#7765);
#7763 = CARTESIAN_POINT('',(1.,0.,0.));
#7764 = DIRECTION('',(0.,0.,-1.));
#7765 = DIRECTION('',(0.923879532511,0.382683432365,0.));
#7766 = ADVANCED_FACE('',(#7767),#7770,.F.);
#7767 = FACE_BOUND('',#7768,.F.);
#7768 = EDGE_LOOP('',(#7769));
#7769 = ORIENTED_EDGE('',*,*,#7704,.T.);
#7770 = PLANE('',#7771);
#7771 = AXIS2_PLACEMENT_3D('',#7772,#7773,#7774);
#7772 = CARTESIAN_POINT('',(-2.22044604925E-16,1.006206918012E-16,-2.));
#7773 = DIRECTION('',(2.218671295934E-31,4.08046586736E-33,1.));
#7774 = DIRECTION('',(-1.,1.224646799147E-16,2.218671295934E-31));
#7775 = ADVANCED_FACE('',(#7776),#7804,.F.);
#7776 = FACE_BOUND('',#7777,.F.);
#7777 = EDGE_LOOP('',(#7778,#7779,#7788,#7797));
#7778 = ORIENTED_EDGE('',*,*,#7729,.T.);
#7779 = ORIENTED_EDGE('',*,*,#7780,.T.);
#7780 = EDGE_CURVE('',#7722,#7781,#7783,.T.);
#7781 = VERTEX_POINT('',#7782);
#7782 = CARTESIAN_POINT('',(3.309698831278,0.956708580913,0.2));
#7783 = CIRCLE('',#7784,0.2);
#7784 = AXIS2_PLACEMENT_3D('',#7785,#7786,#7787);
#7785 = CARTESIAN_POINT('',(3.124922924776,0.88017189444,0.2));
#7786 = DIRECTION('',(0.382683432365,-0.923879532511,0.));
#7787 = DIRECTION('',(0.,0.,-1.));
#7788 = ORIENTED_EDGE('',*,*,#7789,.F.);
#7789 = EDGE_CURVE('',#7790,#7781,#7792,.T.);
#7790 = VERTEX_POINT('',#7791);
#7791 = CARTESIAN_POINT('',(3.309698831278,-0.956708580913,0.2));
#7792 = CIRCLE('',#7793,2.5);
#7793 = AXIS2_PLACEMENT_3D('',#7794,#7795,#7796);
#7794 = CARTESIAN_POINT('',(1.,0.,0.2));
#7795 = DIRECTION('',(0.,-0.,-1.));
#7796 = DIRECTION('',(0.923879532511,-0.382683432365,0.));
#7797 = ORIENTED_EDGE('',*,*,#7798,.F.);
#7798 = EDGE_CURVE('',#7730,#7790,#7799,.T.);
#7799 = CIRCLE('',#7800,0.2);
#7800 = AXIS2_PLACEMENT_3D('',#7801,#7802,#7803);
#7801 = CARTESIAN_POINT('',(3.124922924776,-0.88017189444,0.2));
#7802 = DIRECTION('',(-0.382683432365,-0.923879532511,-0.));
#7803 = DIRECTION('',(0.,0.,-1.));
#7804 = SURFACE_OF_REVOLUTION('',#7805,#7810);
#7805 = CIRCLE('',#7806,0.2);
#7806 = AXIS2_PLACEMENT_3D('',#7807,#7808,#7809);
#7807 = CARTESIAN_POINT('',(3.124922924776,-0.88017189444,0.2));
#7808 = DIRECTION('',(-0.382683432365,-0.923879532511,-0.));
#7809 = DIRECTION('',(0.,0.,-1.));
#7810 = AXIS1_PLACEMENT('',#7811,#7812);
#7811 = CARTESIAN_POINT('',(1.,0.,0.));
#7812 = DIRECTION('',(0.,0.,-1.));
#7813 = ADVANCED_FACE('',(#7814),#7826,.F.);
#7814 = FACE_BOUND('',#7815,.F.);
#7815 = EDGE_LOOP('',(#7816,#7817,#7818,#7825));
#7816 = ORIENTED_EDGE('',*,*,#7754,.T.);
#7817 = ORIENTED_EDGE('',*,*,#7798,.T.);
#7818 = ORIENTED_EDGE('',*,*,#7819,.F.);
#7819 = EDGE_CURVE('',#7781,#7790,#7820,.T.);
#7820 = CIRCLE('',#7821,2.5);
#7821 = AXIS2_PLACEMENT_3D('',#7822,#7823,#7824);
#7822 = CARTESIAN_POINT('',(1.,0.,0.2));
#7823 = DIRECTION('',(0.,0.,-1.));
#7824 = DIRECTION('',(0.923879532511,0.382683432365,0.));
#7825 = ORIENTED_EDGE('',*,*,#7780,.F.);
#7826 = SURFACE_OF_REVOLUTION('',#7827,#7832);
#7827 = CIRCLE('',#7828,0.2);
#7828 = AXIS2_PLACEMENT_3D('',#7829,#7830,#7831);
#7829 = CARTESIAN_POINT('',(3.124922924776,0.88017189444,0.2));
#7830 = DIRECTION('',(0.382683432365,-0.923879532511,0.));
#7831 = DIRECTION('',(0.,0.,-1.));
#7832 = AXIS1_PLACEMENT('',#7833,#7834);
#7833 = CARTESIAN_POINT('',(1.,0.,0.));
#7834 = DIRECTION('',(0.,0.,-1.));
#7835 = ADVANCED_FACE('',(#7836),#7890,.T.);
#7836 = FACE_BOUND('',#7837,.T.);
#7837 = EDGE_LOOP('',(#7838,#7877,#7883,#7884));
#7838 = ORIENTED_EDGE('',*,*,#7839,.T.);
#7839 = EDGE_CURVE('',#7840,#7842,#7844,.T.);
#7840 = VERTEX_POINT('',#7841);
#7841 = CARTESIAN_POINT('',(3.309698831278,-0.956708580913,
    1.064979142851));
#7842 = VERTEX_POINT('',#7843);
#7843 = CARTESIAN_POINT('',(3.309698831278,0.956708580913,1.064979142851
    ));
#7844 = B_SPLINE_CURVE_WITH_KNOTS('',11,(#7845,#7846,#7847,#7848,#7849,
    #7850,#7851,#7852,#7853,#7854,#7855,#7856,#7857,#7858,#7859,#7860,
    #7861,#7862,#7863,#7864,#7865,#7866,#7867,#7868,#7869,#7870,#7871,
    #7872,#7873,#7874,#7875,#7876),.UNSPECIFIED.,.F.,.F.,(12,10,10,12),(
    -0.585615641583,2.874910026413E-15,13.744467859455,14.330083501039),
  .UNSPECIFIED.);
#7845 = CARTESIAN_POINT('',(3.533804235046,-0.415670275735,
    1.064979142851));
#7846 = CARTESIAN_POINT('',(3.513289829604,-0.465196431576,
    1.064979142851));
#7847 = CARTESIAN_POINT('',(3.492803661547,-0.514654416342,
    1.064979142851));
#7848 = CARTESIAN_POINT('',(3.472345730872,-0.564044230035,
    1.064979142851));
#7849 = CARTESIAN_POINT('',(3.451916037581,-0.613365872653,
    1.064979142851));
#7850 = CARTESIAN_POINT('',(3.431514581673,-0.662619344198,
    1.064979142851));
#7851 = CARTESIAN_POINT('',(3.411141363149,-0.711804644669,
    1.064979142851));
#7852 = CARTESIAN_POINT('',(3.390796382008,-0.760921774065,
    1.064979142851));
#7853 = CARTESIAN_POINT('',(3.370479638251,-0.809970732388,
    1.064979142851));
#7854 = CARTESIAN_POINT('',(3.350191131876,-0.858951519637,
    1.064979142851));
#7855 = CARTESIAN_POINT('',(3.329930862886,-0.907864135812,
    1.064979142851));
#7856 = CARTESIAN_POINT('',(2.834850674205,-2.103093441787,
    1.064979142851));
#7857 = CARTESIAN_POINT('',(1.727586252494,-3.009448724487,
    1.064979062911));
#7858 = CARTESIAN_POINT('',(0.105855011951,-3.257464103804,
    1.064979307428));
#7859 = CARTESIAN_POINT('',(-1.475741298782,-2.506760000403,
    1.064978963603));
#7860 = CARTESIAN_POINT('',(-2.588653308495,-1.059860959896,
    1.064979218435));
#7861 = CARTESIAN_POINT('',(-2.588653308509,1.059860959896,
    1.064979218442));
#7862 = CARTESIAN_POINT('',(-1.475741298772,2.506760000402,
    1.064978963597));
#7863 = CARTESIAN_POINT('',(0.105855011945,3.257464103804,1.064979307432
    ));
#7864 = CARTESIAN_POINT('',(1.727586252497,3.009448724487,1.064979062909
    ));
#7865 = CARTESIAN_POINT('',(2.834850674204,2.103093441788,1.064979142851
    ));
#7866 = CARTESIAN_POINT('',(3.329930862886,0.907864135812,1.064979142851
    ));
#7867 = CARTESIAN_POINT('',(3.350191131876,0.858951519637,1.064979142851
    ));
#7868 = CARTESIAN_POINT('',(3.370479638251,0.809970732388,1.064979142851
    ));
#7869 = CARTESIAN_POINT('',(3.390796382008,0.760921774065,1.064979142851
    ));
#7870 = CARTESIAN_POINT('',(3.411141363149,0.711804644669,1.064979142851
    ));
#7871 = CARTESIAN_POINT('',(3.431514581673,0.662619344198,1.064979142851
    ));
#7872 = CARTESIAN_POINT('',(3.451916037581,0.613365872653,1.064979142851
    ));
#7873 = CARTESIAN_POINT('',(3.472345730872,0.564044230035,1.064979142851
    ));
#7874 = CARTESIAN_POINT('',(3.492803661547,0.514654416342,1.064979142851
    ));
#7875 = CARTESIAN_POINT('',(3.513289829605,0.465196431576,1.064979142851
    ));
#7876 = CARTESIAN_POINT('',(3.533804235046,0.415670275736,1.064979142851
    ));
#7877 = ORIENTED_EDGE('',*,*,#7878,.F.);
#7878 = EDGE_CURVE('',#7781,#7842,#7879,.T.);
#7879 = LINE('',#7880,#7881);
#7880 = CARTESIAN_POINT('',(3.309698831278,0.956708580913,0.2));
#7881 = VECTOR('',#7882,1.);
#7882 = DIRECTION('',(0.,0.,1.));
#7883 = ORIENTED_EDGE('',*,*,#7789,.F.);
#7884 = ORIENTED_EDGE('',*,*,#7885,.T.);
#7885 = EDGE_CURVE('',#7790,#7840,#7886,.T.);
#7886 = LINE('',#7887,#7888);
#7887 = CARTESIAN_POINT('',(3.309698831278,-0.956708580913,0.2));
#7888 = VECTOR('',#7889,1.);
#7889 = DIRECTION('',(0.,0.,1.));
#7890 = CYLINDRICAL_SURFACE('',#7891,2.5);
#7891 = AXIS2_PLACEMENT_3D('',#7892,#7893,#7894);
#7892 = CARTESIAN_POINT('',(1.,0.,0.2));
#7893 = DIRECTION('',(0.,0.,1.));
#7894 = DIRECTION('',(0.923879532511,-0.382683432365,0.));
#7895 = ADVANCED_FACE('',(#7896),#7918,.T.);
#7896 = FACE_BOUND('',#7897,.T.);
#7897 = EDGE_LOOP('',(#7898,#7915,#7916,#7917));
#7898 = ORIENTED_EDGE('',*,*,#7899,.T.);
#7899 = EDGE_CURVE('',#7842,#7840,#7900,.T.);
#7900 = B_SPLINE_CURVE_WITH_KNOTS('',5,(#7901,#7902,#7903,#7904,#7905,
    #7906,#7907,#7908,#7909,#7910,#7911,#7912,#7913,#7914),
  .UNSPECIFIED.,.F.,.F.,(6,4,4,6),(-0.119413470026,-1.353371911114E-07,
    1.96349554383,2.08290869425),.UNSPECIFIED.);
#7901 = CARTESIAN_POINT('',(3.264001325546,1.067032118743,1.064979142851
    ));
#7902 = CARTESIAN_POINT('',(3.273140829292,1.0449674049,1.064979142851)
  );
#7903 = CARTESIAN_POINT('',(3.282280331654,1.0229026944,1.064979142851)
  );
#7904 = CARTESIAN_POINT('',(3.291419832631,1.000837987243,1.064979142851
    ));
#7905 = CARTESIAN_POINT('',(3.300559332224,0.978773283428,1.064979142851
    ));
#7906 = CARTESIAN_POINT('',(3.45997823841,0.593901998977,1.064979142851)
  );
#7907 = CARTESIAN_POINT('',(3.539038746156,0.201591257513,1.064979142851
    ));
#7908 = CARTESIAN_POINT('',(3.539039291386,-0.201589955698,
    1.064979142851));
#7909 = CARTESIAN_POINT('',(3.45997851584,-0.593901329202,1.064979142851
    ));
#7910 = CARTESIAN_POINT('',(3.300559329455,-0.978773290113,
    1.064979142851));
#7911 = CARTESIAN_POINT('',(3.291419828478,-1.00083799727,1.064979142851
    ));
#7912 = CARTESIAN_POINT('',(3.2822803275,-1.022902704428,1.064979142851)
  );
#7913 = CARTESIAN_POINT('',(3.273140826523,-1.044967411585,
    1.064979142851));
#7914 = CARTESIAN_POINT('',(3.264001325546,-1.067032118743,
    1.064979142851));
#7915 = ORIENTED_EDGE('',*,*,#7885,.F.);
#7916 = ORIENTED_EDGE('',*,*,#7819,.F.);
#7917 = ORIENTED_EDGE('',*,*,#7878,.T.);
#7918 = CYLINDRICAL_SURFACE('',#7919,2.5);
#7919 = AXIS2_PLACEMENT_3D('',#7920,#7921,#7922);
#7920 = CARTESIAN_POINT('',(1.,0.,0.2));
#7921 = DIRECTION('',(0.,0.,1.));
#7922 = DIRECTION('',(0.923879532511,0.382683432365,-0.));
#7923 = ADVANCED_FACE('',(#7924),#7992,.T.);
#7924 = FACE_BOUND('',#7925,.T.);
#7925 = EDGE_LOOP('',(#7926,#7941,#7978,#7991));
#7926 = ORIENTED_EDGE('',*,*,#7927,.T.);
#7927 = EDGE_CURVE('',#7840,#7928,#7930,.T.);
#7928 = VERTEX_POINT('',#7929);
#7929 = CARTESIAN_POINT('',(3.235446538439,-0.925952274181,
    1.269338405373));
#7930 = B_SPLINE_CURVE_WITH_KNOTS('',5,(#7931,#7932,#7933,#7934,#7935,
    #7936,#7937,#7938,#7939,#7940),.UNSPECIFIED.,.F.,.F.,(6,4,6),(0.,0.5
    ,1.),.UNSPECIFIED.);
#7931 = CARTESIAN_POINT('',(3.309698831278,-0.956708580913,
    1.064979142851));
#7932 = CARTESIAN_POINT('',(3.30969883117,-0.956708580868,1.086946886076
    ));
#7933 = CARTESIAN_POINT('',(3.307841659805,-0.955939315301,
    1.109289585017));
#7934 = CARTESIAN_POINT('',(3.303997166347,-0.95434687397,1.131655175667
    ));
#7935 = CARTESIAN_POINT('',(3.298159251937,-0.951928730645,
    1.153610443506));
#7936 = CARTESIAN_POINT('',(3.282778034968,-0.945557621971,
    1.195943064308));
#7937 = CARTESIAN_POINT('',(3.273234543788,-0.941604578492,1.2163209364)
  );
#7938 = CARTESIAN_POINT('',(3.261973435419,-0.936940074678,
    1.235529410754));
#7939 = CARTESIAN_POINT('',(3.249271815997,-0.93167889165,1.253255827993
    ));
#7940 = CARTESIAN_POINT('',(3.235446538439,-0.925952274181,
    1.269338405373));
#7941 = ORIENTED_EDGE('',*,*,#7942,.T.);
#7942 = EDGE_CURVE('',#7928,#7943,#7945,.T.);
#7943 = VERTEX_POINT('',#7944);
#7944 = CARTESIAN_POINT('',(3.235446538439,0.925952274181,1.269338405373
    ));
#7945 = B_SPLINE_CURVE_WITH_KNOTS('',11,(#7946,#7947,#7948,#7949,#7950,
    #7951,#7952,#7953,#7954,#7955,#7956,#7957,#7958,#7959,#7960,#7961,
    #7962,#7963,#7964,#7965,#7966,#7967,#7968,#7969,#7970,#7971,#7972,
    #7973,#7974,#7975,#7976,#7977),.UNSPECIFIED.,.F.,.F.,(12,10,10,12),(
    -0.585615641583,2.874910026413E-15,13.744467859455,14.330083501039),
  .UNSPECIFIED.);
#7946 = CARTESIAN_POINT('',(3.459551942206,-0.384913969004,
    1.269338405373));
#7947 = CARTESIAN_POINT('',(3.438387116582,-0.43601037807,1.269338405373
    ));
#7948 = CARTESIAN_POINT('',(3.417380612378,-0.486724565418,
    1.269338405373));
#7949 = CARTESIAN_POINT('',(3.396532429594,-0.537056531046,
    1.269338405373));
#7950 = CARTESIAN_POINT('',(3.37584256823,-0.587006274955,1.269338405373
    ));
#7951 = CARTESIAN_POINT('',(3.355311028286,-0.636573797145,
    1.269338405373));
#7952 = CARTESIAN_POINT('',(3.334937809761,-0.685759097616,
    1.269338405373));
#7953 = CARTESIAN_POINT('',(3.314722912657,-0.734562176367,
    1.269338405373));
#7954 = CARTESIAN_POINT('',(3.294666336973,-0.782983033399,
    1.269338405373));
#7955 = CARTESIAN_POINT('',(3.274768082708,-0.831021668713,
    1.269338405373));
#7956 = CARTESIAN_POINT('',(3.255028149863,-0.878678082306,
    1.269338405373));
#7957 = CARTESIAN_POINT('',(2.775863819411,-2.03548310749,1.269338405373
    ));
#7958 = CARTESIAN_POINT('',(1.704091980563,-2.912929929979,
    1.269338420699));
#7959 = CARTESIAN_POINT('',(0.134360577618,-3.152280979089,1.26933837382
    ));
#7960 = CARTESIAN_POINT('',(-1.395396108631,-2.426388868524,
    1.26933843974));
#7961 = CARTESIAN_POINT('',(-2.473728053044,-1.02623416819,
    1.269338390878));
#7962 = CARTESIAN_POINT('',(-2.473728053057,1.026234168191,
    1.269338390886));
#7963 = CARTESIAN_POINT('',(-1.395396108622,2.426388868523,
    1.269338439734));
#7964 = CARTESIAN_POINT('',(0.134360577613,3.152280979089,1.269338373823
    ));
#7965 = CARTESIAN_POINT('',(1.704091980565,2.912929929979,1.269338420697
    ));
#7966 = CARTESIAN_POINT('',(2.775863819411,2.03548310749,1.269338405373)
  );
#7967 = CARTESIAN_POINT('',(3.255028149863,0.878678082306,1.269338405373
    ));
#7968 = CARTESIAN_POINT('',(3.274768082708,0.831021668713,1.269338405373
    ));
#7969 = CARTESIAN_POINT('',(3.294666336973,0.782983033399,1.269338405373
    ));
#7970 = CARTESIAN_POINT('',(3.314722912657,0.734562176367,1.269338405373
    ));
#7971 = CARTESIAN_POINT('',(3.334937809762,0.685759097616,1.269338405373
    ));
#7972 = CARTESIAN_POINT('',(3.355311028286,0.636573797145,1.269338405373
    ));
#7973 = CARTESIAN_POINT('',(3.37584256823,0.587006274955,1.269338405373)
  );
#7974 = CARTESIAN_POINT('',(3.396532429594,0.537056531046,1.269338405373
    ));
#7975 = CARTESIAN_POINT('',(3.417380612378,0.486724565418,1.269338405373
    ));
#7976 = CARTESIAN_POINT('',(3.438387116583,0.436010378071,1.269338405373
    ));
#7977 = CARTESIAN_POINT('',(3.459551942206,0.384913969004,1.269338405373
    ));
#7978 = ORIENTED_EDGE('',*,*,#7979,.F.);
#7979 = EDGE_CURVE('',#7842,#7943,#7980,.T.);
#7980 = B_SPLINE_CURVE_WITH_KNOTS('',5,(#7981,#7982,#7983,#7984,#7985,
    #7986,#7987,#7988,#7989,#7990),.UNSPECIFIED.,.F.,.F.,(6,4,6),(0.,0.5
    ,1.),.UNSPECIFIED.);
#7981 = CARTESIAN_POINT('',(3.309698831278,0.956708580913,1.064979142851
    ));
#7982 = CARTESIAN_POINT('',(3.30969883117,0.956708580868,1.086946886076)
  );
#7983 = CARTESIAN_POINT('',(3.307841659805,0.955939315301,1.109289585017
    ));
#7984 = CARTESIAN_POINT('',(3.303997166347,0.95434687397,1.131655175667)
  );
#7985 = CARTESIAN_POINT('',(3.298159251937,0.951928730645,1.153610443506
    ));
#7986 = CARTESIAN_POINT('',(3.282778034968,0.945557621971,1.195943064308
    ));
#7987 = CARTESIAN_POINT('',(3.273234543788,0.941604578492,1.2163209364)
  );
#7988 = CARTESIAN_POINT('',(3.261973435419,0.936940074678,1.235529410754
    ));
#7989 = CARTESIAN_POINT('',(3.249271815997,0.93167889165,1.253255827993)
  );
#7990 = CARTESIAN_POINT('',(3.235446538439,0.925952274181,1.269338405373
    ));
#7991 = ORIENTED_EDGE('',*,*,#7839,.F.);
#7992 = ( BOUNDED_SURFACE() B_SPLINE_SURFACE(2,11,(
    (#7993,#7994,#7995,#7996,#7997,#7998,#7999,#8000,#8001,#8002,#8003
      ,#8004,#8005,#8006,#8007,#8008,#8009,#8010,#8011,#8012,#8013,#8014
      ,#8015,#8016,#8017,#8018,#8019,#8020,#8021,#8022,#8023,#8024)
    ,(#8025,#8026,#8027,#8028,#8029,#8030,#8031,#8032,#8033,#8034,#8035
      ,#8036,#8037,#8038,#8039,#8040,#8041,#8042,#8043,#8044,#8045,#8046
      ,#8047,#8048,#8049,#8050,#8051,#8052,#8053,#8054,#8055,#8056)
    ,(#8057,#8058,#8059,#8060,#8061,#8062,#8063,#8064,#8065,#8066,#8067
      ,#8068,#8069,#8070,#8071,#8072,#8073,#8074,#8075,#8076,#8077,#8078
      ,#8079,#8080,#8081,#8082,#8083,#8084,#8085,#8086,#8087,#8088
)),.UNSPECIFIED.,.F.,.F.,.F.) B_SPLINE_SURFACE_WITH_KNOTS((3,3),(12,10,
    10,12),(0.,13.744467859455),(-0.585615641583,2.874910026413E-15,
    13.744467859455,14.330083501039),.UNSPECIFIED.) 
GEOMETRIC_REPRESENTATION_ITEM() RATIONAL_B_SPLINE_SURFACE((
    (1.,1.,1.,1.,1.,1.,1.,1.,1.,1.,1.,1.,1.,1.,1.,1.,1.,1.,1.,1.,1.,1.
      ,1.,1.,1.,1.,1.,1.,1.,1.,1.,1.)
    ,(0.93061798229,0.93061798229,0.93061798229,0.93061798229
      ,0.93061798229,0.93061798229,0.93061798229,0.93061798229
      ,0.93061798229,0.93061798229,0.93061798229,0.93061798229
      ,0.930617902914,0.930618145704,0.930617804307,0.93061805734
      ,0.930618057346,0.930617804303,0.930618145707,0.930617902913
      ,0.93061798229,0.93061798229,0.93061798229,0.93061798229
      ,0.93061798229,0.93061798229,0.93061798229,0.93061798229
      ,0.93061798229,0.93061798229,0.93061798229,0.93061798229)
    ,(1.,1.,1.,1.,1.,1.,1.,1.,1.,1.,1.,1.,1.,1.,1.,1.,1.,1.,1.,1.,1.,1.
,1.,1.,1.,1.,1.,1.,1.,1.,1.,1.))) REPRESENTATION_ITEM('') SURFACE() );
#7993 = CARTESIAN_POINT('',(3.533804235046,-0.415670275735,
    1.064979142851));
#7994 = CARTESIAN_POINT('',(3.513289829604,-0.465196431576,
    1.064979142851));
#7995 = CARTESIAN_POINT('',(3.492803661547,-0.514654416342,
    1.064979142851));
#7996 = CARTESIAN_POINT('',(3.472345730872,-0.564044230035,
    1.064979142851));
#7997 = CARTESIAN_POINT('',(3.451916037581,-0.613365872653,
    1.064979142851));
#7998 = CARTESIAN_POINT('',(3.431514581673,-0.662619344198,
    1.064979142851));
#7999 = CARTESIAN_POINT('',(3.411141363149,-0.711804644669,
    1.064979142851));
#8000 = CARTESIAN_POINT('',(3.390796382008,-0.760921774065,
    1.064979142851));
#8001 = CARTESIAN_POINT('',(3.370479638251,-0.809970732388,
    1.064979142851));
#8002 = CARTESIAN_POINT('',(3.350191131876,-0.858951519637,
    1.064979142851));
#8003 = CARTESIAN_POINT('',(3.329930862886,-0.907864135812,
    1.064979142851));
#8004 = CARTESIAN_POINT('',(2.834850674205,-2.103093441787,
    1.064979142851));
#8005 = CARTESIAN_POINT('',(1.727586252494,-3.009448724487,
    1.064979062911));
#8006 = CARTESIAN_POINT('',(0.105855011951,-3.257464103804,
    1.064979307428));
#8007 = CARTESIAN_POINT('',(-1.475741298782,-2.506760000403,
    1.064978963603));
#8008 = CARTESIAN_POINT('',(-2.588653308495,-1.059860959896,
    1.064979218435));
#8009 = CARTESIAN_POINT('',(-2.588653308509,1.059860959896,
    1.064979218442));
#8010 = CARTESIAN_POINT('',(-1.475741298772,2.506760000402,
    1.064978963597));
#8011 = CARTESIAN_POINT('',(0.105855011945,3.257464103804,1.064979307432
    ));
#8012 = CARTESIAN_POINT('',(1.727586252497,3.009448724487,1.064979062909
    ));
#8013 = CARTESIAN_POINT('',(2.834850674204,2.103093441788,1.064979142851
    ));
#8014 = CARTESIAN_POINT('',(3.329930862886,0.907864135812,1.064979142851
    ));
#8015 = CARTESIAN_POINT('',(3.350191131876,0.858951519637,1.064979142851
    ));
#8016 = CARTESIAN_POINT('',(3.370479638251,0.809970732388,1.064979142851
    ));
#8017 = CARTESIAN_POINT('',(3.390796382008,0.760921774065,1.064979142851
    ));
#8018 = CARTESIAN_POINT('',(3.411141363149,0.711804644669,1.064979142851
    ));
#8019 = CARTESIAN_POINT('',(3.431514581673,0.662619344198,1.064979142851
    ));
#8020 = CARTESIAN_POINT('',(3.451916037581,0.613365872653,1.064979142851
    ));
#8021 = CARTESIAN_POINT('',(3.472345730872,0.564044230035,1.064979142851
    ));
#8022 = CARTESIAN_POINT('',(3.492803661547,0.514654416342,1.064979142851
    ));
#8023 = CARTESIAN_POINT('',(3.513289829605,0.465196431576,1.064979142851
    ));
#8024 = CARTESIAN_POINT('',(3.533804235046,0.415670275736,1.064979142851
    ));
#8025 = CARTESIAN_POINT('',(3.533804235046,-0.415670275735,
    1.182962690499));
#8026 = CARTESIAN_POINT('',(3.513289829604,-0.465196431576,
    1.182962690499));
#8027 = CARTESIAN_POINT('',(3.492803661547,-0.514654416342,
    1.182962690499));
#8028 = CARTESIAN_POINT('',(3.472345730872,-0.564044230035,
    1.182962690499));
#8029 = CARTESIAN_POINT('',(3.451916037581,-0.613365872653,
    1.182962690499));
#8030 = CARTESIAN_POINT('',(3.431514581673,-0.662619344198,
    1.182962690499));
#8031 = CARTESIAN_POINT('',(3.411141363149,-0.711804644669,
    1.182962690499));
#8032 = CARTESIAN_POINT('',(3.390796382008,-0.760921774065,
    1.182962690499));
#8033 = CARTESIAN_POINT('',(3.37047963825,-0.809970732388,1.182962690499
    ));
#8034 = CARTESIAN_POINT('',(3.350191131876,-0.858951519637,
    1.182962690499));
#8035 = CARTESIAN_POINT('',(3.329930862886,-0.907864135812,
    1.182962690499));
#8036 = CARTESIAN_POINT('',(2.834850674205,-2.103093441788,
    1.182962690499));
#8037 = CARTESIAN_POINT('',(1.727586214542,-3.009448936943,
    1.182962685685));
#8038 = CARTESIAN_POINT('',(0.105855341319,-3.257463206685,1.18296270041
    ));
#8039 = CARTESIAN_POINT('',(-1.475741895234,-2.506761759151,
    1.182962679705));
#8040 = CARTESIAN_POINT('',(-2.588652975416,-1.059858637809,
    1.182962695051));
#8041 = CARTESIAN_POINT('',(-2.588652975407,1.059858637802,
    1.182962695051));
#8042 = CARTESIAN_POINT('',(-1.475741895235,2.506761759163,
    1.182962679705));
#8043 = CARTESIAN_POINT('',(0.105855341315,3.257463206676,1.18296270041)
  );
#8044 = CARTESIAN_POINT('',(1.727586214545,3.009448936947,1.182962685685
    ));
#8045 = CARTESIAN_POINT('',(2.834850674204,2.103093441787,1.182962690499
    ));
#8046 = CARTESIAN_POINT('',(3.329930862886,0.907864135812,1.182962690499
    ));
#8047 = CARTESIAN_POINT('',(3.350191131876,0.858951519637,1.182962690499
    ));
#8048 = CARTESIAN_POINT('',(3.370479638251,0.809970732388,1.182962690499
    ));
#8049 = CARTESIAN_POINT('',(3.390796382008,0.760921774065,1.182962690499
    ));
#8050 = CARTESIAN_POINT('',(3.411141363149,0.711804644669,1.182962690499
    ));
#8051 = CARTESIAN_POINT('',(3.431514581674,0.662619344198,1.182962690499
    ));
#8052 = CARTESIAN_POINT('',(3.451916037581,0.613365872653,1.182962690499
    ));
#8053 = CARTESIAN_POINT('',(3.472345730872,0.564044230035,1.182962690499
    ));
#8054 = CARTESIAN_POINT('',(3.492803661547,0.514654416342,1.182962690499
    ));
#8055 = CARTESIAN_POINT('',(3.513289829605,0.465196431576,1.182962690499
    ));
#8056 = CARTESIAN_POINT('',(3.533804235046,0.415670275736,1.182962690499
    ));
#8057 = CARTESIAN_POINT('',(3.459551942206,-0.384913969004,
    1.269338405373));
#8058 = CARTESIAN_POINT('',(3.438387116582,-0.43601037807,1.269338405373
    ));
#8059 = CARTESIAN_POINT('',(3.417380612378,-0.486724565418,
    1.269338405373));
#8060 = CARTESIAN_POINT('',(3.396532429594,-0.537056531046,
    1.269338405373));
#8061 = CARTESIAN_POINT('',(3.37584256823,-0.587006274955,1.269338405373
    ));
#8062 = CARTESIAN_POINT('',(3.355311028286,-0.636573797145,
    1.269338405373));
#8063 = CARTESIAN_POINT('',(3.334937809761,-0.685759097616,
    1.269338405373));
#8064 = CARTESIAN_POINT('',(3.314722912657,-0.734562176367,
    1.269338405373));
#8065 = CARTESIAN_POINT('',(3.294666336973,-0.782983033399,
    1.269338405373));
#8066 = CARTESIAN_POINT('',(3.274768082708,-0.831021668713,
    1.269338405373));
#8067 = CARTESIAN_POINT('',(3.255028149863,-0.878678082306,
    1.269338405373));
#8068 = CARTESIAN_POINT('',(2.775863819411,-2.03548310749,1.269338405373
    ));
#8069 = CARTESIAN_POINT('',(1.704091980563,-2.912929929979,
    1.269338420699));
#8070 = CARTESIAN_POINT('',(0.134360577618,-3.152280979089,1.26933837382
    ));
#8071 = CARTESIAN_POINT('',(-1.395396108631,-2.426388868524,
    1.26933843974));
#8072 = CARTESIAN_POINT('',(-2.473728053044,-1.02623416819,
    1.269338390878));
#8073 = CARTESIAN_POINT('',(-2.473728053057,1.026234168191,
    1.269338390886));
#8074 = CARTESIAN_POINT('',(-1.395396108622,2.426388868523,
    1.269338439734));
#8075 = CARTESIAN_POINT('',(0.134360577613,3.152280979089,1.269338373823
    ));
#8076 = CARTESIAN_POINT('',(1.704091980565,2.912929929979,1.269338420697
    ));
#8077 = CARTESIAN_POINT('',(2.775863819411,2.03548310749,1.269338405373)
  );
#8078 = CARTESIAN_POINT('',(3.255028149863,0.878678082306,1.269338405373
    ));
#8079 = CARTESIAN_POINT('',(3.274768082708,0.831021668713,1.269338405373
    ));
#8080 = CARTESIAN_POINT('',(3.294666336973,0.782983033399,1.269338405373
    ));
#8081 = CARTESIAN_POINT('',(3.314722912657,0.734562176367,1.269338405373
    ));
#8082 = CARTESIAN_POINT('',(3.334937809762,0.685759097616,1.269338405373
    ));
#8083 = CARTESIAN_POINT('',(3.355311028286,0.636573797145,1.269338405373
    ));
#8084 = CARTESIAN_POINT('',(3.37584256823,0.587006274955,1.269338405373)
  );
#8085 = CARTESIAN_POINT('',(3.396532429594,0.537056531046,1.269338405373
    ));
#8086 = CARTESIAN_POINT('',(3.417380612378,0.486724565418,1.269338405373
    ));
#8087 = CARTESIAN_POINT('',(3.438387116583,0.436010378071,1.269338405373
    ));
#8088 = CARTESIAN_POINT('',(3.459551942206,0.384913969004,1.269338405373
    ));
#8089 = ADVANCED_FACE('',(#8090),#8112,.T.);
#8090 = FACE_BOUND('',#8091,.T.);
#8091 = EDGE_LOOP('',(#8092,#8093,#8110,#8111));
#8092 = ORIENTED_EDGE('',*,*,#7979,.T.);
#8093 = ORIENTED_EDGE('',*,*,#8094,.T.);
#8094 = EDGE_CURVE('',#7943,#7928,#8095,.T.);
#8095 = B_SPLINE_CURVE_WITH_KNOTS('',5,(#8096,#8097,#8098,#8099,#8100,
    #8101,#8102,#8103,#8104,#8105,#8106,#8107,#8108,#8109),
  .UNSPECIFIED.,.F.,.F.,(6,4,4,6),(-0.119413470026,-1.353371911114E-07,
    1.96349554383,2.08290869425),.UNSPECIFIED.);
#8096 = CARTESIAN_POINT('',(3.189749034566,1.036275808073,1.269338405373
    ));
#8097 = CARTESIAN_POINT('',(3.199182355483,1.013501756721,1.269338405373
    ));
#8098 = CARTESIAN_POINT('',(3.20846876641,0.991082377458,1.269338405373)
  );
#8099 = CARTESIAN_POINT('',(3.217608267348,0.969017670284,1.269338405373
    ));
#8100 = CARTESIAN_POINT('',(3.226600858298,0.9473076352,1.269338405373)
  );
#8101 = CARTESIAN_POINT('',(3.380894753976,0.574809218729,1.269338405373
    ));
#8102 = CARTESIAN_POINT('',(3.457413628123,0.195110560338,1.269338405373
    ));
#8103 = CARTESIAN_POINT('',(3.457414134116,-0.1951093668,1.269338405373)
  );
#8104 = CARTESIAN_POINT('',(3.380895040325,-0.574808527422,
    1.269338405373));
#8105 = CARTESIAN_POINT('',(3.226600854533,-0.947307644289,
    1.269338405373));
#8106 = CARTESIAN_POINT('',(3.217608261701,-0.969017683918,
    1.269338405373));
#8107 = CARTESIAN_POINT('',(3.208468760763,-0.991082391091,
    1.269338405373));
#8108 = CARTESIAN_POINT('',(3.199182351718,-1.01350176581,1.269338405373
    ));
#8109 = CARTESIAN_POINT('',(3.189749034566,-1.036275808073,
    1.269338405373));
#8110 = ORIENTED_EDGE('',*,*,#7927,.F.);
#8111 = ORIENTED_EDGE('',*,*,#7899,.F.);
#8112 = ( BOUNDED_SURFACE() B_SPLINE_SURFACE(2,5,(
    (#8113,#8114,#8115,#8116,#8117,#8118,#8119,#8120,#8121,#8122,#8123
      ,#8124,#8125,#8126)
    ,(#8127,#8128,#8129,#8130,#8131,#8132,#8133,#8134,#8135,#8136,#8137
      ,#8138,#8139,#8140)
    ,(#8141,#8142,#8143,#8144,#8145,#8146,#8147,#8148,#8149,#8150,#8151
      ,#8152,#8153,#8154
)),.UNSPECIFIED.,.F.,.F.,.F.) B_SPLINE_SURFACE_WITH_KNOTS((3,3),(6,4,4,6
    ),(0.,1.963495679168),(-0.119413470026,-1.353371911114E-07,
    1.96349554383,2.08290869425),.UNSPECIFIED.) 
GEOMETRIC_REPRESENTATION_ITEM() RATIONAL_B_SPLINE_SURFACE((
    (1.,1.,1.,1.,1.,1.,1.,1.,1.,1.,1.,1.,1.,1.)
    ,(0.93061798229,0.93061798229,0.93061798229,0.93061798229
      ,0.93061798229,0.93061798229,0.93061798229,0.93061798229
      ,0.93061798229,0.93061798229,0.93061798229,0.93061798229
      ,0.93061798229,0.93061798229)
,(1.,1.,1.,1.,1.,1.,1.,1.,1.,1.,1.,1.,1.,1.
))) REPRESENTATION_ITEM('') SURFACE() );
#8113 = CARTESIAN_POINT('',(3.264001325546,1.067032118743,1.064979142851
    ));
#8114 = CARTESIAN_POINT('',(3.273140829292,1.0449674049,1.064979142851)
  );
#8115 = CARTESIAN_POINT('',(3.282280331654,1.0229026944,1.064979142851)
  );
#8116 = CARTESIAN_POINT('',(3.291419832631,1.000837987243,1.064979142851
    ));
#8117 = CARTESIAN_POINT('',(3.300559332224,0.978773283428,1.064979142851
    ));
#8118 = CARTESIAN_POINT('',(3.45997823841,0.593901998977,1.064979142851)
  );
#8119 = CARTESIAN_POINT('',(3.539038746156,0.201591257513,1.064979142851
    ));
#8120 = CARTESIAN_POINT('',(3.539039291386,-0.201589955698,
    1.064979142851));
#8121 = CARTESIAN_POINT('',(3.45997851584,-0.593901329202,1.064979142851
    ));
#8122 = CARTESIAN_POINT('',(3.300559329455,-0.978773290113,
    1.064979142851));
#8123 = CARTESIAN_POINT('',(3.291419828478,-1.00083799727,1.064979142851
    ));
#8124 = CARTESIAN_POINT('',(3.2822803275,-1.022902704428,1.064979142851)
  );
#8125 = CARTESIAN_POINT('',(3.273140826523,-1.044967411585,
    1.064979142851));
#8126 = CARTESIAN_POINT('',(3.264001325546,-1.067032118743,
    1.064979142851));
#8127 = CARTESIAN_POINT('',(3.264001325546,1.067032118743,1.182962690499
    ));
#8128 = CARTESIAN_POINT('',(3.273140829292,1.0449674049,1.182962690499)
  );
#8129 = CARTESIAN_POINT('',(3.282280331654,1.0229026944,1.182962690499)
  );
#8130 = CARTESIAN_POINT('',(3.291419832631,1.000837987243,1.182962690499
    ));
#8131 = CARTESIAN_POINT('',(3.300559332224,0.978773283428,1.182962690499
    ));
#8132 = CARTESIAN_POINT('',(3.45997823841,0.593901998977,1.182962690499)
  );
#8133 = CARTESIAN_POINT('',(3.539038746156,0.201591257513,1.182962690499
    ));
#8134 = CARTESIAN_POINT('',(3.539039291386,-0.201589955698,
    1.182962690499));
#8135 = CARTESIAN_POINT('',(3.45997851584,-0.593901329202,1.182962690499
    ));
#8136 = CARTESIAN_POINT('',(3.300559329455,-0.978773290113,
    1.182962690499));
#8137 = CARTESIAN_POINT('',(3.291419828478,-1.00083799727,1.182962690499
    ));
#8138 = CARTESIAN_POINT('',(3.2822803275,-1.022902704428,1.182962690499)
  );
#8139 = CARTESIAN_POINT('',(3.273140826523,-1.044967411585,
    1.182962690499));
#8140 = CARTESIAN_POINT('',(3.264001325546,-1.067032118743,
    1.182962690499));
#8141 = CARTESIAN_POINT('',(3.189749034566,1.036275808073,1.269338405373
    ));
#8142 = CARTESIAN_POINT('',(3.199182355483,1.013501756721,1.269338405373
    ));
#8143 = CARTESIAN_POINT('',(3.20846876641,0.991082377458,1.269338405373)
  );
#8144 = CARTESIAN_POINT('',(3.217608267348,0.969017670284,1.269338405373
    ));
#8145 = CARTESIAN_POINT('',(3.226600858298,0.9473076352,1.269338405373)
  );
#8146 = CARTESIAN_POINT('',(3.380894753976,0.574809218729,1.269338405373
    ));
#8147 = CARTESIAN_POINT('',(3.457413628123,0.195110560338,1.269338405373
    ));
#8148 = CARTESIAN_POINT('',(3.457414134116,-0.1951093668,1.269338405373)
  );
#8149 = CARTESIAN_POINT('',(3.380895040325,-0.574808527422,
    1.269338405373));
#8150 = CARTESIAN_POINT('',(3.226600854533,-0.947307644289,
    1.269338405373));
#8151 = CARTESIAN_POINT('',(3.217608261701,-0.969017683918,
    1.269338405373));
#8152 = CARTESIAN_POINT('',(3.208468760763,-0.991082391091,
    1.269338405373));
#8153 = CARTESIAN_POINT('',(3.199182351718,-1.01350176581,1.269338405373
    ));
#8154 = CARTESIAN_POINT('',(3.189749034566,-1.036275808073,
    1.269338405373));
#8155 = ADVANCED_FACE('',(#8156),#8212,.F.);
#8156 = FACE_BOUND('',#8157,.F.);
#8157 = EDGE_LOOP('',(#8158,#8167,#8168,#8177));
#8158 = ORIENTED_EDGE('',*,*,#8159,.F.);
#8159 = EDGE_CURVE('',#7928,#8160,#8162,.T.);
#8160 = VERTEX_POINT('',#8161);
#8161 = CARTESIAN_POINT('',(3.235446538439,-0.925952274181,
    1.930661594627));
#8162 = CIRCLE('',#8163,0.485412195974);
#8163 = AXIS2_PLACEMENT_3D('',#8164,#8165,#8166);
#8164 = CARTESIAN_POINT('',(3.563765702719,-1.061946524813,1.6));
#8165 = DIRECTION('',(0.382683432365,0.923879532511,1.734345329513E-17)
  );
#8166 = DIRECTION('',(-0.523404384043,0.216801194476,-0.824041924199));
#8167 = ORIENTED_EDGE('',*,*,#7942,.T.);
#8168 = ORIENTED_EDGE('',*,*,#8169,.T.);
#8169 = EDGE_CURVE('',#7943,#8170,#8172,.T.);
#8170 = VERTEX_POINT('',#8171);
#8171 = CARTESIAN_POINT('',(3.235446538439,0.925952274181,1.930661594627
    ));
#8172 = CIRCLE('',#8173,0.485412195974);
#8173 = AXIS2_PLACEMENT_3D('',#8174,#8175,#8176);
#8174 = CARTESIAN_POINT('',(3.563765702719,1.061946524813,1.6));
#8175 = DIRECTION('',(-0.382683432365,0.923879532511,-1.734345329513E-17
    ));
#8176 = DIRECTION('',(-0.523404384043,-0.216801194476,-0.824041924199));
#8177 = ORIENTED_EDGE('',*,*,#8178,.F.);
#8178 = EDGE_CURVE('',#8160,#8170,#8179,.T.);
#8179 = B_SPLINE_CURVE_WITH_KNOTS('',11,(#8180,#8181,#8182,#8183,#8184,
    #8185,#8186,#8187,#8188,#8189,#8190,#8191,#8192,#8193,#8194,#8195,
    #8196,#8197,#8198,#8199,#8200,#8201,#8202,#8203,#8204,#8205,#8206,
    #8207,#8208,#8209,#8210,#8211),.UNSPECIFIED.,.F.,.F.,(12,10,10,12),(
    -0.585615641583,2.901255980386E-15,13.744467859455,14.330083501039),
  .UNSPECIFIED.);
#8180 = CARTESIAN_POINT('',(3.459551942206,-0.384913969004,
    1.930661594627));
#8181 = CARTESIAN_POINT('',(3.438387116582,-0.43601037807,1.930661594627
    ));
#8182 = CARTESIAN_POINT('',(3.417380612378,-0.486724565418,
    1.930661594627));
#8183 = CARTESIAN_POINT('',(3.396532429594,-0.537056531046,
    1.930661594627));
#8184 = CARTESIAN_POINT('',(3.37584256823,-0.587006274955,1.930661594627
    ));
#8185 = CARTESIAN_POINT('',(3.355311028286,-0.636573797145,
    1.930661594627));
#8186 = CARTESIAN_POINT('',(3.334937809762,-0.685759097616,
    1.930661594627));
#8187 = CARTESIAN_POINT('',(3.314722912657,-0.734562176367,
    1.930661594627));
#8188 = CARTESIAN_POINT('',(3.294666336973,-0.782983033399,
    1.930661594627));
#8189 = CARTESIAN_POINT('',(3.274768082708,-0.831021668713,
    1.930661594627));
#8190 = CARTESIAN_POINT('',(3.255028149863,-0.878678082306,
    1.930661594627));
#8191 = CARTESIAN_POINT('',(2.775863819411,-2.03548310749,1.930661594627
    ));
#8192 = CARTESIAN_POINT('',(1.704091980563,-2.912929929979,
    1.930661579303));
#8193 = CARTESIAN_POINT('',(0.134360577617,-3.15228097909,1.930661626176
    ));
#8194 = CARTESIAN_POINT('',(-1.395396108631,-2.426388868523,
    1.930661560267));
#8195 = CARTESIAN_POINT('',(-2.473728053045,-1.026234168191,
    1.930661609113));
#8196 = CARTESIAN_POINT('',(-2.473728053056,1.026234168191,
    1.930661609123));
#8197 = CARTESIAN_POINT('',(-1.395396108622,2.426388868523,1.93066156026
    ));
#8198 = CARTESIAN_POINT('',(0.134360577613,3.15228097909,1.93066162618)
  );
#8199 = CARTESIAN_POINT('',(1.704091980565,2.912929929979,1.930661579301
    ));
#8200 = CARTESIAN_POINT('',(2.775863819411,2.03548310749,1.930661594627)
  );
#8201 = CARTESIAN_POINT('',(3.255028149863,0.878678082306,1.930661594627
    ));
#8202 = CARTESIAN_POINT('',(3.274768082708,0.831021668713,1.930661594627
    ));
#8203 = CARTESIAN_POINT('',(3.294666336973,0.782983033399,1.930661594627
    ));
#8204 = CARTESIAN_POINT('',(3.314722912657,0.734562176367,1.930661594627
    ));
#8205 = CARTESIAN_POINT('',(3.334937809762,0.685759097616,1.930661594627
    ));
#8206 = CARTESIAN_POINT('',(3.355311028286,0.636573797145,1.930661594627
    ));
#8207 = CARTESIAN_POINT('',(3.37584256823,0.587006274955,1.930661594627)
  );
#8208 = CARTESIAN_POINT('',(3.396532429594,0.537056531046,1.930661594627
    ));
#8209 = CARTESIAN_POINT('',(3.417380612378,0.486724565418,1.930661594627
    ));
#8210 = CARTESIAN_POINT('',(3.438387116582,0.436010378071,1.930661594627
    ));
#8211 = CARTESIAN_POINT('',(3.459551942206,0.384913969004,1.930661594627
    ));
#8212 = SURFACE_OF_REVOLUTION('',#8213,#8218);
#8213 = CIRCLE('',#8214,0.485412195974);
#8214 = AXIS2_PLACEMENT_3D('',#8215,#8216,#8217);
#8215 = CARTESIAN_POINT('',(3.563765702719,-1.061946524813,1.6));
#8216 = DIRECTION('',(0.382683432365,0.923879532511,0.));
#8217 = DIRECTION('',(-0.523404384043,0.216801194476,-0.824041924199));
#8218 = AXIS1_PLACEMENT('',#8219,#8220);
#8219 = CARTESIAN_POINT('',(1.,0.,0.));
#8220 = DIRECTION('',(0.,0.,-1.));
#8221 = ADVANCED_FACE('',(#8222),#8330,.F.);
#8222 = FACE_BOUND('',#8223,.F.);
#8223 = EDGE_LOOP('',(#8224,#8243,#8244,#8245,#8246,#8265,#8276,#8295,
    #8302,#8321));
#8224 = ORIENTED_EDGE('',*,*,#8225,.F.);
#8225 = EDGE_CURVE('',#8170,#8226,#8228,.T.);
#8226 = VERTEX_POINT('',#8227);
#8227 = CARTESIAN_POINT('',(3.40667978278,0.25,1.930661594627));
#8228 = B_SPLINE_CURVE_WITH_KNOTS('',5,(#8229,#8230,#8231,#8232,#8233,
    #8234,#8235,#8236,#8237,#8238,#8239,#8240,#8241,#8242),
  .UNSPECIFIED.,.F.,.F.,(6,4,4,6),(-0.119413470026,-1.353371911203E-07,
    1.96349554383,2.08290869425),.UNSPECIFIED.);
#8229 = CARTESIAN_POINT('',(3.189749034566,1.036275808073,1.930661594627
    ));
#8230 = CARTESIAN_POINT('',(3.199182355483,1.013501756721,1.930661594627
    ));
#8231 = CARTESIAN_POINT('',(3.20846876641,0.991082377458,1.930661594627)
  );
#8232 = CARTESIAN_POINT('',(3.217608267348,0.969017670284,1.930661594627
    ));
#8233 = CARTESIAN_POINT('',(3.226600858298,0.9473076352,1.930661594627)
  );
#8234 = CARTESIAN_POINT('',(3.380894753976,0.574809218729,1.930661594627
    ));
#8235 = CARTESIAN_POINT('',(3.457413628123,0.195110560338,1.930661594627
    ));
#8236 = CARTESIAN_POINT('',(3.457414134116,-0.1951093668,1.930661594627)
  );
#8237 = CARTESIAN_POINT('',(3.380895040325,-0.574808527422,
    1.930661594627));
#8238 = CARTESIAN_POINT('',(3.226600854533,-0.947307644289,
    1.930661594627));
#8239 = CARTESIAN_POINT('',(3.217608261701,-0.969017683918,
    1.930661594627));
#8240 = CARTESIAN_POINT('',(3.208468760763,-0.991082391091,
    1.930661594627));
#8241 = CARTESIAN_POINT('',(3.199182351718,-1.01350176581,1.930661594627
    ));
#8242 = CARTESIAN_POINT('',(3.189749034566,-1.036275808073,
    1.930661594627));
#8243 = ORIENTED_EDGE('',*,*,#8169,.F.);
#8244 = ORIENTED_EDGE('',*,*,#8094,.T.);
#8245 = ORIENTED_EDGE('',*,*,#8159,.T.);
#8246 = ORIENTED_EDGE('',*,*,#8247,.F.);
#8247 = EDGE_CURVE('',#8248,#8160,#8250,.T.);
#8248 = VERTEX_POINT('',#8249);
#8249 = CARTESIAN_POINT('',(3.406679829997,-0.25,1.930661594627));
#8250 = B_SPLINE_CURVE_WITH_KNOTS('',5,(#8251,#8252,#8253,#8254,#8255,
    #8256,#8257,#8258,#8259,#8260,#8261,#8262,#8263,#8264),
  .UNSPECIFIED.,.F.,.F.,(6,4,4,6),(-0.119413470026,-1.353371911203E-07,
    1.96349554383,2.08290869425),.UNSPECIFIED.);
#8251 = CARTESIAN_POINT('',(3.189749034566,1.036275808073,1.930661594627
    ));
#8252 = CARTESIAN_POINT('',(3.199182355483,1.013501756721,1.930661594627
    ));
#8253 = CARTESIAN_POINT('',(3.20846876641,0.991082377458,1.930661594627)
  );
#8254 = CARTESIAN_POINT('',(3.217608267348,0.969017670284,1.930661594627
    ));
#8255 = CARTESIAN_POINT('',(3.226600858298,0.9473076352,1.930661594627)
  );
#8256 = CARTESIAN_POINT('',(3.380894753976,0.574809218729,1.930661594627
    ));
#8257 = CARTESIAN_POINT('',(3.457413628123,0.195110560338,1.930661594627
    ));
#8258 = CARTESIAN_POINT('',(3.457414134116,-0.1951093668,1.930661594627)
  );
#8259 = CARTESIAN_POINT('',(3.380895040325,-0.574808527422,
    1.930661594627));
#8260 = CARTESIAN_POINT('',(3.226600854533,-0.947307644289,
    1.930661594627));
#8261 = CARTESIAN_POINT('',(3.217608261701,-0.969017683918,
    1.930661594627));
#8262 = CARTESIAN_POINT('',(3.208468760763,-0.991082391091,
    1.930661594627));
#8263 = CARTESIAN_POINT('',(3.199182351718,-1.01350176581,1.930661594627
    ));
#8264 = CARTESIAN_POINT('',(3.189749034566,-1.036275808073,
    1.930661594627));
#8265 = ORIENTED_EDGE('',*,*,#8266,.F.);
#8266 = EDGE_CURVE('',#8267,#8248,#8269,.T.);
#8267 = VERTEX_POINT('',#8268);
#8268 = CARTESIAN_POINT('',(3.299471489861,-0.25,1.749));
#8269 = B_SPLINE_CURVE_WITH_KNOTS('',5,(#8270,#8271,#8272,#8273,#8274,
    #8275),.UNSPECIFIED.,.F.,.F.,(6,6),(0.,1.),
  .PIECEWISE_BEZIER_KNOTS.);
#8270 = CARTESIAN_POINT('',(3.299471489861,-0.25,1.749));
#8271 = CARTESIAN_POINT('',(3.312587202196,-0.25,1.789427365424));
#8272 = CARTESIAN_POINT('',(3.33014872115,-0.25,1.828424172249));
#8273 = CARTESIAN_POINT('',(3.351941636815,-0.25,1.865341021624));
#8274 = CARTESIAN_POINT('',(3.377608548406,-0.25,1.899584994083));
#8275 = CARTESIAN_POINT('',(3.40668024473,-0.25,1.930661807849));
#8276 = ORIENTED_EDGE('',*,*,#8277,.T.);
#8277 = EDGE_CURVE('',#8267,#8278,#8280,.T.);
#8278 = VERTEX_POINT('',#8279);
#8279 = CARTESIAN_POINT('',(3.299999782609,-1.E-03,1.5));
#8280 = B_SPLINE_CURVE_WITH_KNOTS('',7,(#8281,#8282,#8283,#8284,#8285,
    #8286,#8287,#8288,#8289,#8290,#8291,#8292,#8293,#8294),
  .UNSPECIFIED.,.F.,.F.,(8,6,8),(0.,0.656899903514,1.),.UNSPECIFIED.);
#8281 = CARTESIAN_POINT('',(3.299471489861,-0.25,1.749));
#8282 = CARTESIAN_POINT('',(3.288903887063,-0.25,1.716426818984));
#8283 = CARTESIAN_POINT('',(3.281699509879,-0.245028477564,
    1.683385522006));
#8284 = CARTESIAN_POINT('',(3.278045828963,-0.234830048078,
    1.650728113424));
#8285 = CARTESIAN_POINT('',(3.277713110475,-0.219290375561,
    1.619367410059));
#8286 = CARTESIAN_POINT('',(3.280087341319,-0.198436579318,
    1.590251266333));
#8287 = CARTESIAN_POINT('',(3.284149886785,-0.172302430004,
    1.564384728938));
#8288 = CARTESIAN_POINT('',(3.29090216963,-0.124770531607,1.532041582647
    ));
#8289 = CARTESIAN_POINT('',(3.293310489781,-0.107148532185,
    1.522255641965));
#8290 = CARTESIAN_POINT('',(3.295638205192,-8.813505246606E-02,
    1.513869244735));
#8291 = CARTESIAN_POINT('',(3.297696231285,-6.772624403228E-02,
    1.507131244826));
#8292 = CARTESIAN_POINT('',(3.2992147289,-4.608658790058E-02,
    1.502401965702));
#8293 = CARTESIAN_POINT('',(3.299989938095,-2.364237892977E-02,1.5));
#8294 = CARTESIAN_POINT('',(3.299999782609,-1.E-03,1.5));
#8295 = ORIENTED_EDGE('',*,*,#8296,.T.);
#8296 = EDGE_CURVE('',#8278,#8297,#8299,.T.);
#8297 = VERTEX_POINT('',#8298);
#8298 = CARTESIAN_POINT('',(3.299999782609,9.999999999998E-04,1.5));
#8299 = B_SPLINE_CURVE_WITH_KNOTS('',1,(#8300,#8301),.UNSPECIFIED.,.F.,
  .F.,(2,2),(0.,1.),.PIECEWISE_BEZIER_KNOTS.);
#8300 = CARTESIAN_POINT('',(3.299999782609,-1.E-03,1.5));
#8301 = CARTESIAN_POINT('',(3.299999782609,9.999999999998E-04,1.5));
#8302 = ORIENTED_EDGE('',*,*,#8303,.T.);
#8303 = EDGE_CURVE('',#8297,#8304,#8306,.T.);
#8304 = VERTEX_POINT('',#8305);
#8305 = CARTESIAN_POINT('',(3.299471489861,0.25,1.749));
#8306 = B_SPLINE_CURVE_WITH_KNOTS('',7,(#8307,#8308,#8309,#8310,#8311,
    #8312,#8313,#8314,#8315,#8316,#8317,#8318,#8319,#8320),
  .UNSPECIFIED.,.F.,.F.,(8,6,8),(0.,0.343710672019,1.),.UNSPECIFIED.);
#8307 = CARTESIAN_POINT('',(3.299999782609,9.999999999997E-04,1.5));
#8308 = CARTESIAN_POINT('',(3.299989920585,2.368265119001E-02,1.5));
#8309 = CARTESIAN_POINT('',(3.299211971008,4.616604948054E-02,
    1.502410516981));
#8310 = CARTESIAN_POINT('',(3.297688162784,6.784108201107E-02,
    1.507156358887));
#8311 = CARTESIAN_POINT('',(3.295623636424,8.827968087268E-02,
    1.513916973069));
#8312 = CARTESIAN_POINT('',(3.293289812594,0.10731720987,1.522330091337)
  );
#8313 = CARTESIAN_POINT('',(3.290876523628,0.124958092937,1.532145912779
    ));
#8314 = CARTESIAN_POINT('',(3.284127396232,0.172447200062,1.564528141918
    ));
#8315 = CARTESIAN_POINT('',(3.280076399241,0.198532790636,1.590385718193
    ));
#8316 = CARTESIAN_POINT('',(3.277714368661,0.21934776166,1.619483238628)
  );
#8317 = CARTESIAN_POINT('',(3.278055943653,0.234858301632,1.650818612401
    ));
#8318 = CARTESIAN_POINT('',(3.281712830825,0.245037663177,1.683446586849
    ));
#8319 = CARTESIAN_POINT('',(3.288913652378,0.25,1.716456919224));
#8320 = CARTESIAN_POINT('',(3.299471489861,0.25,1.749));
#8321 = ORIENTED_EDGE('',*,*,#8322,.T.);
#8322 = EDGE_CURVE('',#8304,#8226,#8323,.T.);
#8323 = B_SPLINE_CURVE_WITH_KNOTS('',5,(#8324,#8325,#8326,#8327,#8328,
    #8329),.UNSPECIFIED.,.F.,.F.,(6,6),(0.,1.),
  .PIECEWISE_BEZIER_KNOTS.);
#8324 = CARTESIAN_POINT('',(3.299471489861,0.25,1.749));
#8325 = CARTESIAN_POINT('',(3.312587202196,0.25,1.789427365424));
#8326 = CARTESIAN_POINT('',(3.33014872115,0.25,1.828424172249));
#8327 = CARTESIAN_POINT('',(3.351941636815,0.25,1.865341021624));
#8328 = CARTESIAN_POINT('',(3.377608548406,0.25,1.899584994083));
#8329 = CARTESIAN_POINT('',(3.40668024473,0.25,1.930661807849));
#8330 = SURFACE_OF_REVOLUTION('',#8331,#8336);
#8331 = CIRCLE('',#8332,0.485412195974);
#8332 = AXIS2_PLACEMENT_3D('',#8333,#8334,#8335);
#8333 = CARTESIAN_POINT('',(3.563765702719,1.061946524813,1.6));
#8334 = DIRECTION('',(-0.382683432365,0.923879532511,0.));
#8335 = DIRECTION('',(-0.523404384043,-0.216801194476,-0.824041924199));
#8336 = AXIS1_PLACEMENT('',#8337,#8338);
#8337 = CARTESIAN_POINT('',(1.,0.,0.));
#8338 = DIRECTION('',(0.,0.,-1.));
#8339 = ADVANCED_FACE('',(#8340),#8408,.T.);
#8340 = FACE_BOUND('',#8341,.T.);
#8341 = EDGE_LOOP('',(#8342,#8357,#8394,#8407));
#8342 = ORIENTED_EDGE('',*,*,#8343,.T.);
#8343 = EDGE_CURVE('',#8160,#8344,#8346,.T.);
#8344 = VERTEX_POINT('',#8345);
#8345 = CARTESIAN_POINT('',(3.309698831278,-0.956708580913,
    2.135020857149));
#8346 = B_SPLINE_CURVE_WITH_KNOTS('',5,(#8347,#8348,#8349,#8350,#8351,
    #8352,#8353,#8354,#8355,#8356),.UNSPECIFIED.,.F.,.F.,(6,4,6),(0.,0.5
    ,1.),.UNSPECIFIED.);
#8347 = CARTESIAN_POINT('',(3.235446538439,-0.925952274181,
    1.930661594627));
#8348 = CARTESIAN_POINT('',(3.249271815997,-0.93167889165,1.946744172007
    ));
#8349 = CARTESIAN_POINT('',(3.261973435419,-0.936940074678,
    1.964470589246));
#8350 = CARTESIAN_POINT('',(3.273234543788,-0.941604578492,1.9836790636)
  );
#8351 = CARTESIAN_POINT('',(3.282778034968,-0.945557621971,
    2.004056935692));
#8352 = CARTESIAN_POINT('',(3.298159251937,-0.951928730645,
    2.046389556494));
#8353 = CARTESIAN_POINT('',(3.303997166347,-0.95434687397,2.068344824333
    ));
#8354 = CARTESIAN_POINT('',(3.307841659805,-0.955939315301,
    2.090710414983));
#8355 = CARTESIAN_POINT('',(3.30969883117,-0.956708580868,2.113053113924
    ));
#8356 = CARTESIAN_POINT('',(3.309698831278,-0.956708580913,
    2.135020857149));
#8357 = ORIENTED_EDGE('',*,*,#8358,.T.);
#8358 = EDGE_CURVE('',#8344,#8359,#8361,.T.);
#8359 = VERTEX_POINT('',#8360);
#8360 = CARTESIAN_POINT('',(3.309698831278,0.956708580913,2.135020857149
    ));
#8361 = B_SPLINE_CURVE_WITH_KNOTS('',11,(#8362,#8363,#8364,#8365,#8366,
    #8367,#8368,#8369,#8370,#8371,#8372,#8373,#8374,#8375,#8376,#8377,
    #8378,#8379,#8380,#8381,#8382,#8383,#8384,#8385,#8386,#8387,#8388,
    #8389,#8390,#8391,#8392,#8393),.UNSPECIFIED.,.F.,.F.,(12,10,10,12),(
    -0.585615641583,2.901255980386E-15,13.744467859455,14.330083501039),
  .UNSPECIFIED.);
#8362 = CARTESIAN_POINT('',(3.533804235046,-0.415670275735,
    2.135020857149));
#8363 = CARTESIAN_POINT('',(3.513289829604,-0.465196431576,
    2.135020857149));
#8364 = CARTESIAN_POINT('',(3.492803661547,-0.514654416342,
    2.135020857149));
#8365 = CARTESIAN_POINT('',(3.472345730872,-0.564044230035,
    2.135020857149));
#8366 = CARTESIAN_POINT('',(3.451916037581,-0.613365872653,
    2.135020857149));
#8367 = CARTESIAN_POINT('',(3.431514581673,-0.662619344198,
    2.135020857149));
#8368 = CARTESIAN_POINT('',(3.411141363149,-0.711804644669,
    2.135020857149));
#8369 = CARTESIAN_POINT('',(3.390796382008,-0.760921774065,
    2.135020857149));
#8370 = CARTESIAN_POINT('',(3.370479638251,-0.809970732388,
    2.135020857149));
#8371 = CARTESIAN_POINT('',(3.350191131876,-0.858951519637,
    2.135020857149));
#8372 = CARTESIAN_POINT('',(3.329930862886,-0.907864135812,
    2.135020857149));
#8373 = CARTESIAN_POINT('',(2.834850674205,-2.103093441788,
    2.135020857149));
#8374 = CARTESIAN_POINT('',(1.727586252495,-3.009448724487,
    2.135020937091));
#8375 = CARTESIAN_POINT('',(0.10585501195,-3.257464103805,2.135020692567
    ));
#8376 = CARTESIAN_POINT('',(-1.475741298782,-2.5067600004,2.135021036405
    ));
#8377 = CARTESIAN_POINT('',(-2.588653308495,-1.059860959899,
    2.135020781556));
#8378 = CARTESIAN_POINT('',(-2.588653308509,1.059860959899,
    2.135020781567));
#8379 = CARTESIAN_POINT('',(-1.475741298771,2.5067600004,2.135021036396)
  );
#8380 = CARTESIAN_POINT('',(0.105855011945,3.257464103806,2.135020692572
    ));
#8381 = CARTESIAN_POINT('',(1.727586252497,3.009448724487,2.135020937089
    ));
#8382 = CARTESIAN_POINT('',(2.834850674204,2.103093441788,2.135020857149
    ));
#8383 = CARTESIAN_POINT('',(3.329930862886,0.907864135812,2.135020857149
    ));
#8384 = CARTESIAN_POINT('',(3.350191131876,0.858951519637,2.135020857149
    ));
#8385 = CARTESIAN_POINT('',(3.370479638251,0.809970732388,2.135020857149
    ));
#8386 = CARTESIAN_POINT('',(3.390796382008,0.760921774065,2.135020857149
    ));
#8387 = CARTESIAN_POINT('',(3.411141363149,0.711804644669,2.135020857149
    ));
#8388 = CARTESIAN_POINT('',(3.431514581673,0.662619344198,2.135020857149
    ));
#8389 = CARTESIAN_POINT('',(3.451916037581,0.613365872653,2.135020857149
    ));
#8390 = CARTESIAN_POINT('',(3.472345730872,0.564044230035,2.135020857149
    ));
#8391 = CARTESIAN_POINT('',(3.492803661547,0.514654416342,2.135020857149
    ));
#8392 = CARTESIAN_POINT('',(3.513289829605,0.465196431576,2.135020857149
    ));
#8393 = CARTESIAN_POINT('',(3.533804235046,0.415670275736,2.135020857149
    ));
#8394 = ORIENTED_EDGE('',*,*,#8395,.F.);
#8395 = EDGE_CURVE('',#8170,#8359,#8396,.T.);
#8396 = B_SPLINE_CURVE_WITH_KNOTS('',5,(#8397,#8398,#8399,#8400,#8401,
    #8402,#8403,#8404,#8405,#8406),.UNSPECIFIED.,.F.,.F.,(6,4,6),(0.,0.5
    ,1.),.UNSPECIFIED.);
#8397 = CARTESIAN_POINT('',(3.235446538439,0.925952274181,1.930661594627
    ));
#8398 = CARTESIAN_POINT('',(3.249271815997,0.93167889165,1.946744172007)
  );
#8399 = CARTESIAN_POINT('',(3.261973435419,0.936940074678,1.964470589246
    ));
#8400 = CARTESIAN_POINT('',(3.273234543788,0.941604578492,1.9836790636)
  );
#8401 = CARTESIAN_POINT('',(3.282778034968,0.945557621971,2.004056935692
    ));
#8402 = CARTESIAN_POINT('',(3.298159251937,0.951928730645,2.046389556494
    ));
#8403 = CARTESIAN_POINT('',(3.303997166347,0.95434687397,2.068344824333)
  );
#8404 = CARTESIAN_POINT('',(3.307841659805,0.955939315301,2.090710414983
    ));
#8405 = CARTESIAN_POINT('',(3.30969883117,0.956708580868,2.113053113924)
  );
#8406 = CARTESIAN_POINT('',(3.309698831278,0.956708580913,2.135020857149
    ));
#8407 = ORIENTED_EDGE('',*,*,#8178,.F.);
#8408 = ( BOUNDED_SURFACE() B_SPLINE_SURFACE(2,11,(
    (#8409,#8410,#8411,#8412,#8413,#8414,#8415,#8416,#8417,#8418,#8419
      ,#8420,#8421,#8422,#8423,#8424,#8425,#8426,#8427,#8428,#8429,#8430
      ,#8431,#8432,#8433,#8434,#8435,#8436,#8437,#8438,#8439,#8440)
    ,(#8441,#8442,#8443,#8444,#8445,#8446,#8447,#8448,#8449,#8450,#8451
      ,#8452,#8453,#8454,#8455,#8456,#8457,#8458,#8459,#8460,#8461,#8462
      ,#8463,#8464,#8465,#8466,#8467,#8468,#8469,#8470,#8471,#8472)
    ,(#8473,#8474,#8475,#8476,#8477,#8478,#8479,#8480,#8481,#8482,#8483
      ,#8484,#8485,#8486,#8487,#8488,#8489,#8490,#8491,#8492,#8493,#8494
      ,#8495,#8496,#8497,#8498,#8499,#8500,#8501,#8502,#8503,#8504
)),.UNSPECIFIED.,.F.,.F.,.F.) B_SPLINE_SURFACE_WITH_KNOTS((3,3),(12,10,
    10,12),(0.,13.744467859455),(-0.585615641583,2.901255980386E-15,
    13.744467859455,14.330083501039),.UNSPECIFIED.) 
GEOMETRIC_REPRESENTATION_ITEM() RATIONAL_B_SPLINE_SURFACE((
    (1.,1.,1.,1.,1.,1.,1.,1.,1.,1.,1.,1.,1.,1.,1.,1.,1.,1.,1.,1.,1.,1.
      ,1.,1.,1.,1.,1.,1.,1.,1.,1.,1.)
    ,(0.93061798229,0.93061798229,0.93061798229,0.93061798229
      ,0.93061798229,0.93061798229,0.93061798229,0.93061798229
      ,0.93061798229,0.93061798229,0.93061798229,0.93061798229
      ,0.930617902914,0.930618145705,0.930617804307,0.93061805734
      ,0.930618057345,0.930617804303,0.930618145707,0.930617902913
      ,0.93061798229,0.93061798229,0.93061798229,0.93061798229
      ,0.93061798229,0.93061798229,0.93061798229,0.93061798229
      ,0.93061798229,0.93061798229,0.93061798229,0.93061798229)
    ,(1.,1.,1.,1.,1.,1.,1.,1.,1.,1.,1.,1.,1.,1.,1.,1.,1.,1.,1.,1.,1.,1.
,1.,1.,1.,1.,1.,1.,1.,1.,1.,1.))) REPRESENTATION_ITEM('') SURFACE() );
#8409 = CARTESIAN_POINT('',(3.459551942206,-0.384913969004,
    1.930661594627));
#8410 = CARTESIAN_POINT('',(3.438387116582,-0.43601037807,1.930661594627
    ));
#8411 = CARTESIAN_POINT('',(3.417380612378,-0.486724565418,
    1.930661594627));
#8412 = CARTESIAN_POINT('',(3.396532429594,-0.537056531046,
    1.930661594627));
#8413 = CARTESIAN_POINT('',(3.37584256823,-0.587006274955,1.930661594627
    ));
#8414 = CARTESIAN_POINT('',(3.355311028286,-0.636573797145,
    1.930661594627));
#8415 = CARTESIAN_POINT('',(3.334937809762,-0.685759097616,
    1.930661594627));
#8416 = CARTESIAN_POINT('',(3.314722912657,-0.734562176367,
    1.930661594627));
#8417 = CARTESIAN_POINT('',(3.294666336973,-0.782983033399,
    1.930661594627));
#8418 = CARTESIAN_POINT('',(3.274768082708,-0.831021668713,
    1.930661594627));
#8419 = CARTESIAN_POINT('',(3.255028149863,-0.878678082306,
    1.930661594627));
#8420 = CARTESIAN_POINT('',(2.775863819411,-2.03548310749,1.930661594627
    ));
#8421 = CARTESIAN_POINT('',(1.704091980563,-2.912929929979,
    1.930661579303));
#8422 = CARTESIAN_POINT('',(0.134360577617,-3.15228097909,1.930661626176
    ));
#8423 = CARTESIAN_POINT('',(-1.395396108631,-2.426388868523,
    1.930661560267));
#8424 = CARTESIAN_POINT('',(-2.473728053045,-1.026234168191,
    1.930661609113));
#8425 = CARTESIAN_POINT('',(-2.473728053056,1.026234168191,
    1.930661609123));
#8426 = CARTESIAN_POINT('',(-1.395396108622,2.426388868523,1.93066156026
    ));
#8427 = CARTESIAN_POINT('',(0.134360577613,3.15228097909,1.93066162618)
  );
#8428 = CARTESIAN_POINT('',(1.704091980565,2.912929929979,1.930661579301
    ));
#8429 = CARTESIAN_POINT('',(2.775863819411,2.03548310749,1.930661594627)
  );
#8430 = CARTESIAN_POINT('',(3.255028149863,0.878678082306,1.930661594627
    ));
#8431 = CARTESIAN_POINT('',(3.274768082708,0.831021668713,1.930661594627
    ));
#8432 = CARTESIAN_POINT('',(3.294666336973,0.782983033399,1.930661594627
    ));
#8433 = CARTESIAN_POINT('',(3.314722912657,0.734562176367,1.930661594627
    ));
#8434 = CARTESIAN_POINT('',(3.334937809762,0.685759097616,1.930661594627
    ));
#8435 = CARTESIAN_POINT('',(3.355311028286,0.636573797145,1.930661594627
    ));
#8436 = CARTESIAN_POINT('',(3.37584256823,0.587006274955,1.930661594627)
  );
#8437 = CARTESIAN_POINT('',(3.396532429594,0.537056531046,1.930661594627
    ));
#8438 = CARTESIAN_POINT('',(3.417380612378,0.486724565418,1.930661594627
    ));
#8439 = CARTESIAN_POINT('',(3.438387116582,0.436010378071,1.930661594627
    ));
#8440 = CARTESIAN_POINT('',(3.459551942206,0.384913969004,1.930661594627
    ));
#8441 = CARTESIAN_POINT('',(3.533804235046,-0.415670275735,
    2.017037309501));
#8442 = CARTESIAN_POINT('',(3.513289829604,-0.465196431576,
    2.017037309501));
#8443 = CARTESIAN_POINT('',(3.492803661547,-0.514654416342,
    2.017037309501));
#8444 = CARTESIAN_POINT('',(3.472345730872,-0.564044230035,
    2.017037309501));
#8445 = CARTESIAN_POINT('',(3.451916037581,-0.613365872653,
    2.017037309501));
#8446 = CARTESIAN_POINT('',(3.431514581673,-0.662619344198,
    2.017037309501));
#8447 = CARTESIAN_POINT('',(3.411141363149,-0.711804644669,
    2.017037309501));
#8448 = CARTESIAN_POINT('',(3.390796382008,-0.760921774065,
    2.017037309501));
#8449 = CARTESIAN_POINT('',(3.37047963825,-0.809970732388,2.017037309501
    ));
#8450 = CARTESIAN_POINT('',(3.350191131876,-0.858951519637,
    2.017037309501));
#8451 = CARTESIAN_POINT('',(3.329930862886,-0.907864135812,
    2.017037309501));
#8452 = CARTESIAN_POINT('',(2.834850674205,-2.103093441788,
    2.017037309501));
#8453 = CARTESIAN_POINT('',(1.727586214542,-3.009448936944,
    2.017037314315));
#8454 = CARTESIAN_POINT('',(0.105855341319,-3.257463206685,2.01703729959
    ));
#8455 = CARTESIAN_POINT('',(-1.475741895236,-2.506761759151,
    2.017037320295));
#8456 = CARTESIAN_POINT('',(-2.588652975413,-1.05985863781,
    2.017037304949));
#8457 = CARTESIAN_POINT('',(-2.58865297541,1.059858637805,2.017037304949
    ));
#8458 = CARTESIAN_POINT('',(-1.475741895234,2.506761759161,
    2.017037320295));
#8459 = CARTESIAN_POINT('',(0.105855341315,3.257463206678,2.01703729959)
  );
#8460 = CARTESIAN_POINT('',(1.727586214545,3.009448936946,2.017037314315
    ));
#8461 = CARTESIAN_POINT('',(2.834850674204,2.103093441787,2.017037309501
    ));
#8462 = CARTESIAN_POINT('',(3.329930862886,0.907864135812,2.017037309501
    ));
#8463 = CARTESIAN_POINT('',(3.350191131876,0.858951519637,2.017037309501
    ));
#8464 = CARTESIAN_POINT('',(3.370479638251,0.809970732388,2.017037309501
    ));
#8465 = CARTESIAN_POINT('',(3.390796382008,0.760921774065,2.017037309501
    ));
#8466 = CARTESIAN_POINT('',(3.411141363149,0.711804644669,2.017037309501
    ));
#8467 = CARTESIAN_POINT('',(3.431514581674,0.662619344198,2.017037309501
    ));
#8468 = CARTESIAN_POINT('',(3.451916037581,0.613365872653,2.017037309501
    ));
#8469 = CARTESIAN_POINT('',(3.472345730872,0.564044230035,2.017037309501
    ));
#8470 = CARTESIAN_POINT('',(3.492803661547,0.514654416342,2.017037309501
    ));
#8471 = CARTESIAN_POINT('',(3.513289829605,0.465196431576,2.017037309501
    ));
#8472 = CARTESIAN_POINT('',(3.533804235046,0.415670275736,2.017037309501
    ));
#8473 = CARTESIAN_POINT('',(3.533804235046,-0.415670275735,
    2.135020857149));
#8474 = CARTESIAN_POINT('',(3.513289829604,-0.465196431576,
    2.135020857149));
#8475 = CARTESIAN_POINT('',(3.492803661547,-0.514654416342,
    2.135020857149));
#8476 = CARTESIAN_POINT('',(3.472345730872,-0.564044230035,
    2.135020857149));
#8477 = CARTESIAN_POINT('',(3.451916037581,-0.613365872653,
    2.135020857149));
#8478 = CARTESIAN_POINT('',(3.431514581673,-0.662619344198,
    2.135020857149));
#8479 = CARTESIAN_POINT('',(3.411141363149,-0.711804644669,
    2.135020857149));
#8480 = CARTESIAN_POINT('',(3.390796382008,-0.760921774065,
    2.135020857149));
#8481 = CARTESIAN_POINT('',(3.370479638251,-0.809970732388,
    2.135020857149));
#8482 = CARTESIAN_POINT('',(3.350191131876,-0.858951519637,
    2.135020857149));
#8483 = CARTESIAN_POINT('',(3.329930862886,-0.907864135812,
    2.135020857149));
#8484 = CARTESIAN_POINT('',(2.834850674205,-2.103093441788,
    2.135020857149));
#8485 = CARTESIAN_POINT('',(1.727586252495,-3.009448724487,
    2.135020937091));
#8486 = CARTESIAN_POINT('',(0.10585501195,-3.257464103805,2.135020692567
    ));
#8487 = CARTESIAN_POINT('',(-1.475741298782,-2.5067600004,2.135021036405
    ));
#8488 = CARTESIAN_POINT('',(-2.588653308495,-1.059860959899,
    2.135020781556));
#8489 = CARTESIAN_POINT('',(-2.588653308509,1.059860959899,
    2.135020781567));
#8490 = CARTESIAN_POINT('',(-1.475741298771,2.5067600004,2.135021036396)
  );
#8491 = CARTESIAN_POINT('',(0.105855011945,3.257464103806,2.135020692572
    ));
#8492 = CARTESIAN_POINT('',(1.727586252497,3.009448724487,2.135020937089
    ));
#8493 = CARTESIAN_POINT('',(2.834850674204,2.103093441788,2.135020857149
    ));
#8494 = CARTESIAN_POINT('',(3.329930862886,0.907864135812,2.135020857149
    ));
#8495 = CARTESIAN_POINT('',(3.350191131876,0.858951519637,2.135020857149
    ));
#8496 = CARTESIAN_POINT('',(3.370479638251,0.809970732388,2.135020857149
    ));
#8497 = CARTESIAN_POINT('',(3.390796382008,0.760921774065,2.135020857149
    ));
#8498 = CARTESIAN_POINT('',(3.411141363149,0.711804644669,2.135020857149
    ));
#8499 = CARTESIAN_POINT('',(3.431514581673,0.662619344198,2.135020857149
    ));
#8500 = CARTESIAN_POINT('',(3.451916037581,0.613365872653,2.135020857149
    ));
#8501 = CARTESIAN_POINT('',(3.472345730872,0.564044230035,2.135020857149
    ));
#8502 = CARTESIAN_POINT('',(3.492803661547,0.514654416342,2.135020857149
    ));
#8503 = CARTESIAN_POINT('',(3.513289829605,0.465196431576,2.135020857149
    ));
#8504 = CARTESIAN_POINT('',(3.533804235046,0.415670275736,2.135020857149
    ));
#8505 = ADVANCED_FACE('',(#8506),#8542,.T.);
#8506 = FACE_BOUND('',#8507,.T.);
#8507 = EDGE_LOOP('',(#8508,#8509,#8510,#8529));
#8508 = ORIENTED_EDGE('',*,*,#8225,.F.);
#8509 = ORIENTED_EDGE('',*,*,#8395,.T.);
#8510 = ORIENTED_EDGE('',*,*,#8511,.T.);
#8511 = EDGE_CURVE('',#8359,#8512,#8514,.T.);
#8512 = VERTEX_POINT('',#8513);
#8513 = CARTESIAN_POINT('',(3.487468271461,0.25,2.135020857149));
#8514 = B_SPLINE_CURVE_WITH_KNOTS('',5,(#8515,#8516,#8517,#8518,#8519,
    #8520,#8521,#8522,#8523,#8524,#8525,#8526,#8527,#8528),
  .UNSPECIFIED.,.F.,.F.,(6,4,4,6),(-0.119413470026,-1.353371911203E-07,
    1.96349554383,2.08290869425),.UNSPECIFIED.);
#8515 = CARTESIAN_POINT('',(3.264001325546,1.067032118743,2.135020857149
    ));
#8516 = CARTESIAN_POINT('',(3.273140829292,1.0449674049,2.135020857149)
  );
#8517 = CARTESIAN_POINT('',(3.282280331654,1.0229026944,2.135020857149)
  );
#8518 = CARTESIAN_POINT('',(3.291419832631,1.000837987243,2.135020857149
    ));
#8519 = CARTESIAN_POINT('',(3.300559332224,0.978773283428,2.135020857149
    ));
#8520 = CARTESIAN_POINT('',(3.45997823841,0.593901998977,2.135020857149)
  );
#8521 = CARTESIAN_POINT('',(3.539038746156,0.201591257513,2.135020857149
    ));
#8522 = CARTESIAN_POINT('',(3.539039291386,-0.201589955698,
    2.135020857149));
#8523 = CARTESIAN_POINT('',(3.45997851584,-0.593901329202,2.135020857149
    ));
#8524 = CARTESIAN_POINT('',(3.300559329455,-0.978773290113,
    2.135020857149));
#8525 = CARTESIAN_POINT('',(3.291419828478,-1.00083799727,2.135020857149
    ));
#8526 = CARTESIAN_POINT('',(3.2822803275,-1.022902704428,2.135020857149)
  );
#8527 = CARTESIAN_POINT('',(3.273140826523,-1.044967411585,
    2.135020857149));
#8528 = CARTESIAN_POINT('',(3.264001325546,-1.067032118743,
    2.135020857149));
#8529 = ORIENTED_EDGE('',*,*,#8530,.T.);
#8530 = EDGE_CURVE('',#8512,#8226,#8531,.T.);
#8531 = B_SPLINE_CURVE_WITH_KNOTS('',5,(#8532,#8533,#8534,#8535,#8536,
    #8537,#8538,#8539,#8540,#8541),.UNSPECIFIED.,.F.,.F.,(6,4,6),(0.,
    0.48758179705,1.),.UNSPECIFIED.);
#8532 = CARTESIAN_POINT('',(3.487468271461,0.25,2.135020857149));
#8533 = CARTESIAN_POINT('',(3.487468270657,0.25,2.113553317448));
#8534 = CARTESIAN_POINT('',(3.485538793119,0.25,2.091758528998));
#8535 = CARTESIAN_POINT('',(3.481559474663,0.25,2.069958867169));
#8536 = CARTESIAN_POINT('',(3.475526468276,0.25,2.048540658581));
#8537 = CARTESIAN_POINT('',(3.459209148069,0.25,2.006097182303));
#8538 = CARTESIAN_POINT('',(3.448723867052,0.25,1.985147071589));
#8539 = CARTESIAN_POINT('',(3.436260723432,0.25,1.965395047985));
#8540 = CARTESIAN_POINT('',(3.422126648559,0.25,1.947173883242));
#8541 = CARTESIAN_POINT('',(3.40667978278,0.25,1.930661594627));
#8542 = ( BOUNDED_SURFACE() B_SPLINE_SURFACE(2,5,(
    (#8543,#8544,#8545,#8546,#8547,#8548,#8549,#8550,#8551,#8552,#8553
      ,#8554,#8555,#8556)
    ,(#8557,#8558,#8559,#8560,#8561,#8562,#8563,#8564,#8565,#8566,#8567
      ,#8568,#8569,#8570)
    ,(#8571,#8572,#8573,#8574,#8575,#8576,#8577,#8578,#8579,#8580,#8581
      ,#8582,#8583,#8584
)),.UNSPECIFIED.,.F.,.F.,.F.) B_SPLINE_SURFACE_WITH_KNOTS((3,3),(6,4,4,6
    ),(0.,1.963495679168),(-0.119413470026,-1.353371911203E-07,
    1.96349554383,2.08290869425),.UNSPECIFIED.) 
GEOMETRIC_REPRESENTATION_ITEM() RATIONAL_B_SPLINE_SURFACE((
    (1.,1.,1.,1.,1.,1.,1.,1.,1.,1.,1.,1.,1.,1.)
    ,(0.93061798229,0.93061798229,0.93061798229,0.93061798229
      ,0.93061798229,0.93061798229,0.93061798229,0.93061798229
      ,0.93061798229,0.93061798229,0.93061798229,0.93061798229
      ,0.93061798229,0.93061798229)
,(1.,1.,1.,1.,1.,1.,1.,1.,1.,1.,1.,1.,1.,1.
))) REPRESENTATION_ITEM('') SURFACE() );
#8543 = CARTESIAN_POINT('',(3.189749034566,1.036275808073,1.930661594627
    ));
#8544 = CARTESIAN_POINT('',(3.199182355483,1.013501756721,1.930661594627
    ));
#8545 = CARTESIAN_POINT('',(3.20846876641,0.991082377458,1.930661594627)
  );
#8546 = CARTESIAN_POINT('',(3.217608267348,0.969017670284,1.930661594627
    ));
#8547 = CARTESIAN_POINT('',(3.226600858298,0.9473076352,1.930661594627)
  );
#8548 = CARTESIAN_POINT('',(3.380894753976,0.574809218729,1.930661594627
    ));
#8549 = CARTESIAN_POINT('',(3.457413628123,0.195110560338,1.930661594627
    ));
#8550 = CARTESIAN_POINT('',(3.457414134116,-0.1951093668,1.930661594627)
  );
#8551 = CARTESIAN_POINT('',(3.380895040325,-0.574808527422,
    1.930661594627));
#8552 = CARTESIAN_POINT('',(3.226600854533,-0.947307644289,
    1.930661594627));
#8553 = CARTESIAN_POINT('',(3.217608261701,-0.969017683918,
    1.930661594627));
#8554 = CARTESIAN_POINT('',(3.208468760763,-0.991082391091,
    1.930661594627));
#8555 = CARTESIAN_POINT('',(3.199182351718,-1.01350176581,1.930661594627
    ));
#8556 = CARTESIAN_POINT('',(3.189749034566,-1.036275808073,
    1.930661594627));
#8557 = CARTESIAN_POINT('',(3.264001325546,1.067032118743,2.017037309501
    ));
#8558 = CARTESIAN_POINT('',(3.273140829292,1.0449674049,2.017037309501)
  );
#8559 = CARTESIAN_POINT('',(3.282280331654,1.0229026944,2.017037309501)
  );
#8560 = CARTESIAN_POINT('',(3.291419832631,1.000837987243,2.017037309501
    ));
#8561 = CARTESIAN_POINT('',(3.300559332224,0.978773283428,2.017037309501
    ));
#8562 = CARTESIAN_POINT('',(3.45997823841,0.593901998977,2.017037309501)
  );
#8563 = CARTESIAN_POINT('',(3.539038746156,0.201591257513,2.017037309501
    ));
#8564 = CARTESIAN_POINT('',(3.539039291386,-0.201589955698,
    2.017037309501));
#8565 = CARTESIAN_POINT('',(3.45997851584,-0.593901329202,2.017037309501
    ));
#8566 = CARTESIAN_POINT('',(3.300559329455,-0.978773290113,
    2.017037309501));
#8567 = CARTESIAN_POINT('',(3.291419828478,-1.00083799727,2.017037309501
    ));
#8568 = CARTESIAN_POINT('',(3.2822803275,-1.022902704428,2.017037309501)
  );
#8569 = CARTESIAN_POINT('',(3.273140826523,-1.044967411585,
    2.017037309501));
#8570 = CARTESIAN_POINT('',(3.264001325546,-1.067032118743,
    2.017037309501));
#8571 = CARTESIAN_POINT('',(3.264001325546,1.067032118743,2.135020857149
    ));
#8572 = CARTESIAN_POINT('',(3.273140829292,1.0449674049,2.135020857149)
  );
#8573 = CARTESIAN_POINT('',(3.282280331654,1.0229026944,2.135020857149)
  );
#8574 = CARTESIAN_POINT('',(3.291419832631,1.000837987243,2.135020857149
    ));
#8575 = CARTESIAN_POINT('',(3.300559332224,0.978773283428,2.135020857149
    ));
#8576 = CARTESIAN_POINT('',(3.45997823841,0.593901998977,2.135020857149)
  );
#8577 = CARTESIAN_POINT('',(3.539038746156,0.201591257513,2.135020857149
    ));
#8578 = CARTESIAN_POINT('',(3.539039291386,-0.201589955698,
    2.135020857149));
#8579 = CARTESIAN_POINT('',(3.45997851584,-0.593901329202,2.135020857149
    ));
#8580 = CARTESIAN_POINT('',(3.300559329455,-0.978773290113,
    2.135020857149));
#8581 = CARTESIAN_POINT('',(3.291419828478,-1.00083799727,2.135020857149
    ));
#8582 = CARTESIAN_POINT('',(3.2822803275,-1.022902704428,2.135020857149)
  );
#8583 = CARTESIAN_POINT('',(3.273140826523,-1.044967411585,
    2.135020857149));
#8584 = CARTESIAN_POINT('',(3.264001325546,-1.067032118743,
    2.135020857149));
#8585 = ADVANCED_FACE('',(#8586),#8610,.F.);
#8586 = FACE_BOUND('',#8587,.F.);
#8587 = EDGE_LOOP('',(#8588,#8605,#8606,#8607,#8608,#8609));
#8588 = ORIENTED_EDGE('',*,*,#8589,.F.);
#8589 = EDGE_CURVE('',#8226,#8248,#8590,.T.);
#8590 = B_SPLINE_CURVE_WITH_KNOTS('',5,(#8591,#8592,#8593,#8594,#8595,
    #8596,#8597,#8598,#8599,#8600,#8601,#8602,#8603,#8604),
  .UNSPECIFIED.,.F.,.F.,(6,4,4,6),(-0.119413470026,-1.353371911203E-07,
    1.96349554383,2.08290869425),.UNSPECIFIED.);
#8591 = CARTESIAN_POINT('',(3.189749034566,1.036275808073,1.930661594627
    ));
#8592 = CARTESIAN_POINT('',(3.199182355483,1.013501756721,1.930661594627
    ));
#8593 = CARTESIAN_POINT('',(3.20846876641,0.991082377458,1.930661594627)
  );
#8594 = CARTESIAN_POINT('',(3.217608267348,0.969017670284,1.930661594627
    ));
#8595 = CARTESIAN_POINT('',(3.226600858298,0.9473076352,1.930661594627)
  );
#8596 = CARTESIAN_POINT('',(3.380894753976,0.574809218729,1.930661594627
    ));
#8597 = CARTESIAN_POINT('',(3.457413628123,0.195110560338,1.930661594627
    ));
#8598 = CARTESIAN_POINT('',(3.457414134116,-0.1951093668,1.930661594627)
  );
#8599 = CARTESIAN_POINT('',(3.380895040325,-0.574808527422,
    1.930661594627));
#8600 = CARTESIAN_POINT('',(3.226600854533,-0.947307644289,
    1.930661594627));
#8601 = CARTESIAN_POINT('',(3.217608261701,-0.969017683918,
    1.930661594627));
#8602 = CARTESIAN_POINT('',(3.208468760763,-0.991082391091,
    1.930661594627));
#8603 = CARTESIAN_POINT('',(3.199182351718,-1.01350176581,1.930661594627
    ));
#8604 = CARTESIAN_POINT('',(3.189749034566,-1.036275808073,
    1.930661594627));
#8605 = ORIENTED_EDGE('',*,*,#8322,.F.);
#8606 = ORIENTED_EDGE('',*,*,#8303,.F.);
#8607 = ORIENTED_EDGE('',*,*,#8296,.F.);
#8608 = ORIENTED_EDGE('',*,*,#8277,.F.);
#8609 = ORIENTED_EDGE('',*,*,#8266,.T.);
#8610 = SURFACE_OF_REVOLUTION('',#8611,#8616);
#8611 = CIRCLE('',#8612,0.485412195974);
#8612 = AXIS2_PLACEMENT_3D('',#8613,#8614,#8615);
#8613 = CARTESIAN_POINT('',(3.563765702719,1.061946524813,1.6));
#8614 = DIRECTION('',(-0.382683432365,0.923879532511,0.));
#8615 = DIRECTION('',(-0.523404384043,-0.216801194476,-0.824041924199));
#8616 = AXIS1_PLACEMENT('',#8617,#8618);
#8617 = CARTESIAN_POINT('',(1.,0.,0.));
#8618 = DIRECTION('',(0.,0.,-1.));
#8619 = ADVANCED_FACE('',(#8620),#8656,.T.);
#8620 = FACE_BOUND('',#8621,.T.);
#8621 = EDGE_LOOP('',(#8622,#8623,#8638,#8655));
#8622 = ORIENTED_EDGE('',*,*,#8247,.F.);
#8623 = ORIENTED_EDGE('',*,*,#8624,.F.);
#8624 = EDGE_CURVE('',#8625,#8248,#8627,.T.);
#8625 = VERTEX_POINT('',#8626);
#8626 = CARTESIAN_POINT('',(3.487468315832,-0.25,2.135020857149));
#8627 = B_SPLINE_CURVE_WITH_KNOTS('',5,(#8628,#8629,#8630,#8631,#8632,
    #8633,#8634,#8635,#8636,#8637),.UNSPECIFIED.,.F.,.F.,(6,4,6),(0.,
    0.487581797268,1.),.UNSPECIFIED.);
#8628 = CARTESIAN_POINT('',(3.487468315832,-0.25,2.135020857149));
#8629 = CARTESIAN_POINT('',(3.487468315028,-0.25,2.113553317453));
#8630 = CARTESIAN_POINT('',(3.485538837558,-0.25,2.091758529008));
#8631 = CARTESIAN_POINT('',(3.48155951924,-0.25,2.069958867183));
#8632 = CARTESIAN_POINT('',(3.475526513064,-0.25,2.048540658594));
#8633 = CARTESIAN_POINT('',(3.45920919343,-0.25,2.006097182322));
#8634 = CARTESIAN_POINT('',(3.448723912786,-0.25,1.985147071614));
#8635 = CARTESIAN_POINT('',(3.436260769607,-0.25,1.965395048007));
#8636 = CARTESIAN_POINT('',(3.422126695234,-0.25,1.947173883255));
#8637 = CARTESIAN_POINT('',(3.406679829997,-0.25,1.930661594627));
#8638 = ORIENTED_EDGE('',*,*,#8639,.T.);
#8639 = EDGE_CURVE('',#8625,#8344,#8640,.T.);
#8640 = B_SPLINE_CURVE_WITH_KNOTS('',5,(#8641,#8642,#8643,#8644,#8645,
    #8646,#8647,#8648,#8649,#8650,#8651,#8652,#8653,#8654),
  .UNSPECIFIED.,.F.,.F.,(6,4,4,6),(-0.119413470026,-1.353371911203E-07,
    1.96349554383,2.08290869425),.UNSPECIFIED.);
#8641 = CARTESIAN_POINT('',(3.264001325546,1.067032118743,2.135020857149
    ));
#8642 = CARTESIAN_POINT('',(3.273140829292,1.0449674049,2.135020857149)
  );
#8643 = CARTESIAN_POINT('',(3.282280331654,1.0229026944,2.135020857149)
  );
#8644 = CARTESIAN_POINT('',(3.291419832631,1.000837987243,2.135020857149
    ));
#8645 = CARTESIAN_POINT('',(3.300559332224,0.978773283428,2.135020857149
    ));
#8646 = CARTESIAN_POINT('',(3.45997823841,0.593901998977,2.135020857149)
  );
#8647 = CARTESIAN_POINT('',(3.539038746156,0.201591257513,2.135020857149
    ));
#8648 = CARTESIAN_POINT('',(3.539039291386,-0.201589955698,
    2.135020857149));
#8649 = CARTESIAN_POINT('',(3.45997851584,-0.593901329202,2.135020857149
    ));
#8650 = CARTESIAN_POINT('',(3.300559329455,-0.978773290113,
    2.135020857149));
#8651 = CARTESIAN_POINT('',(3.291419828478,-1.00083799727,2.135020857149
    ));
#8652 = CARTESIAN_POINT('',(3.2822803275,-1.022902704428,2.135020857149)
  );
#8653 = CARTESIAN_POINT('',(3.273140826523,-1.044967411585,
    2.135020857149));
#8654 = CARTESIAN_POINT('',(3.264001325546,-1.067032118743,
    2.135020857149));
#8655 = ORIENTED_EDGE('',*,*,#8343,.F.);
#8656 = ( BOUNDED_SURFACE() B_SPLINE_SURFACE(2,5,(
    (#8657,#8658,#8659,#8660,#8661,#8662,#8663,#8664,#8665,#8666,#8667
      ,#8668,#8669,#8670)
    ,(#8671,#8672,#8673,#8674,#8675,#8676,#8677,#8678,#8679,#8680,#8681
      ,#8682,#8683,#8684)
    ,(#8685,#8686,#8687,#8688,#8689,#8690,#8691,#8692,#8693,#8694,#8695
      ,#8696,#8697,#8698
)),.UNSPECIFIED.,.F.,.F.,.F.) B_SPLINE_SURFACE_WITH_KNOTS((3,3),(6,4,4,6
    ),(0.,1.963495679168),(-0.119413470026,-1.353371911203E-07,
    1.96349554383,2.08290869425),.UNSPECIFIED.) 
GEOMETRIC_REPRESENTATION_ITEM() RATIONAL_B_SPLINE_SURFACE((
    (1.,1.,1.,1.,1.,1.,1.,1.,1.,1.,1.,1.,1.,1.)
    ,(0.93061798229,0.93061798229,0.93061798229,0.93061798229
      ,0.93061798229,0.93061798229,0.93061798229,0.93061798229
      ,0.93061798229,0.93061798229,0.93061798229,0.93061798229
      ,0.93061798229,0.93061798229)
,(1.,1.,1.,1.,1.,1.,1.,1.,1.,1.,1.,1.,1.,1.
))) REPRESENTATION_ITEM('') SURFACE() );
#8657 = CARTESIAN_POINT('',(3.189749034566,1.036275808073,1.930661594627
    ));
#8658 = CARTESIAN_POINT('',(3.199182355483,1.013501756721,1.930661594627
    ));
#8659 = CARTESIAN_POINT('',(3.20846876641,0.991082377458,1.930661594627)
  );
#8660 = CARTESIAN_POINT('',(3.217608267348,0.969017670284,1.930661594627
    ));
#8661 = CARTESIAN_POINT('',(3.226600858298,0.9473076352,1.930661594627)
  );
#8662 = CARTESIAN_POINT('',(3.380894753976,0.574809218729,1.930661594627
    ));
#8663 = CARTESIAN_POINT('',(3.457413628123,0.195110560338,1.930661594627
    ));
#8664 = CARTESIAN_POINT('',(3.457414134116,-0.1951093668,1.930661594627)
  );
#8665 = CARTESIAN_POINT('',(3.380895040325,-0.574808527422,
    1.930661594627));
#8666 = CARTESIAN_POINT('',(3.226600854533,-0.947307644289,
    1.930661594627));
#8667 = CARTESIAN_POINT('',(3.217608261701,-0.969017683918,
    1.930661594627));
#8668 = CARTESIAN_POINT('',(3.208468760763,-0.991082391091,
    1.930661594627));
#8669 = CARTESIAN_POINT('',(3.199182351718,-1.01350176581,1.930661594627
    ));
#8670 = CARTESIAN_POINT('',(3.189749034566,-1.036275808073,
    1.930661594627));
#8671 = CARTESIAN_POINT('',(3.264001325546,1.067032118743,2.017037309501
    ));
#8672 = CARTESIAN_POINT('',(3.273140829292,1.0449674049,2.017037309501)
  );
#8673 = CARTESIAN_POINT('',(3.282280331654,1.0229026944,2.017037309501)
  );
#8674 = CARTESIAN_POINT('',(3.291419832631,1.000837987243,2.017037309501
    ));
#8675 = CARTESIAN_POINT('',(3.300559332224,0.978773283428,2.017037309501
    ));
#8676 = CARTESIAN_POINT('',(3.45997823841,0.593901998977,2.017037309501)
  );
#8677 = CARTESIAN_POINT('',(3.539038746156,0.201591257513,2.017037309501
    ));
#8678 = CARTESIAN_POINT('',(3.539039291386,-0.201589955698,
    2.017037309501));
#8679 = CARTESIAN_POINT('',(3.45997851584,-0.593901329202,2.017037309501
    ));
#8680 = CARTESIAN_POINT('',(3.300559329455,-0.978773290113,
    2.017037309501));
#8681 = CARTESIAN_POINT('',(3.291419828478,-1.00083799727,2.017037309501
    ));
#8682 = CARTESIAN_POINT('',(3.2822803275,-1.022902704428,2.017037309501)
  );
#8683 = CARTESIAN_POINT('',(3.273140826523,-1.044967411585,
    2.017037309501));
#8684 = CARTESIAN_POINT('',(3.264001325546,-1.067032118743,
    2.017037309501));
#8685 = CARTESIAN_POINT('',(3.264001325546,1.067032118743,2.135020857149
    ));
#8686 = CARTESIAN_POINT('',(3.273140829292,1.0449674049,2.135020857149)
  );
#8687 = CARTESIAN_POINT('',(3.282280331654,1.0229026944,2.135020857149)
  );
#8688 = CARTESIAN_POINT('',(3.291419832631,1.000837987243,2.135020857149
    ));
#8689 = CARTESIAN_POINT('',(3.300559332224,0.978773283428,2.135020857149
    ));
#8690 = CARTESIAN_POINT('',(3.45997823841,0.593901998977,2.135020857149)
  );
#8691 = CARTESIAN_POINT('',(3.539038746156,0.201591257513,2.135020857149
    ));
#8692 = CARTESIAN_POINT('',(3.539039291386,-0.201589955698,
    2.135020857149));
#8693 = CARTESIAN_POINT('',(3.45997851584,-0.593901329202,2.135020857149
    ));
#8694 = CARTESIAN_POINT('',(3.300559329455,-0.978773290113,
    2.135020857149));
#8695 = CARTESIAN_POINT('',(3.291419828478,-1.00083799727,2.135020857149
    ));
#8696 = CARTESIAN_POINT('',(3.2822803275,-1.022902704428,2.135020857149)
  );
#8697 = CARTESIAN_POINT('',(3.273140826523,-1.044967411585,
    2.135020857149));
#8698 = CARTESIAN_POINT('',(3.264001325546,-1.067032118743,
    2.135020857149));
#8699 = ADVANCED_FACE('',(#8700),#8726,.T.);
#8700 = FACE_BOUND('',#8701,.T.);
#8701 = EDGE_LOOP('',(#8702,#8713,#8719,#8720));
#8702 = ORIENTED_EDGE('',*,*,#8703,.T.);
#8703 = EDGE_CURVE('',#8704,#8706,#8708,.T.);
#8704 = VERTEX_POINT('',#8705);
#8705 = CARTESIAN_POINT('',(3.309698831278,-0.956708580913,4.8));
#8706 = VERTEX_POINT('',#8707);
#8707 = CARTESIAN_POINT('',(3.309698831278,0.956708580913,4.8));
#8708 = CIRCLE('',#8709,2.5);
#8709 = AXIS2_PLACEMENT_3D('',#8710,#8711,#8712);
#8710 = CARTESIAN_POINT('',(1.,0.,4.8));
#8711 = DIRECTION('',(0.,-0.,-1.));
#8712 = DIRECTION('',(0.923879532511,-0.382683432365,0.));
#8713 = ORIENTED_EDGE('',*,*,#8714,.F.);
#8714 = EDGE_CURVE('',#8359,#8706,#8715,.T.);
#8715 = LINE('',#8716,#8717);
#8716 = CARTESIAN_POINT('',(3.309698831278,0.956708580913,2.));
#8717 = VECTOR('',#8718,1.);
#8718 = DIRECTION('',(0.,0.,1.));
#8719 = ORIENTED_EDGE('',*,*,#8358,.F.);
#8720 = ORIENTED_EDGE('',*,*,#8721,.T.);
#8721 = EDGE_CURVE('',#8344,#8704,#8722,.T.);
#8722 = LINE('',#8723,#8724);
#8723 = CARTESIAN_POINT('',(3.309698831278,-0.956708580913,2.));
#8724 = VECTOR('',#8725,1.);
#8725 = DIRECTION('',(0.,0.,1.));
#8726 = CYLINDRICAL_SURFACE('',#8727,2.5);
#8727 = AXIS2_PLACEMENT_3D('',#8728,#8729,#8730);
#8728 = CARTESIAN_POINT('',(1.,0.,2.));
#8729 = DIRECTION('',(0.,0.,1.));
#8730 = DIRECTION('',(0.923879532511,-0.382683432365,0.));
#8731 = ADVANCED_FACE('',(#8732),#8754,.T.);
#8732 = FACE_BOUND('',#8733,.T.);
#8733 = EDGE_LOOP('',(#8734,#8735,#8736,#8753));
#8734 = ORIENTED_EDGE('',*,*,#8589,.F.);
#8735 = ORIENTED_EDGE('',*,*,#8530,.F.);
#8736 = ORIENTED_EDGE('',*,*,#8737,.T.);
#8737 = EDGE_CURVE('',#8512,#8625,#8738,.T.);
#8738 = B_SPLINE_CURVE_WITH_KNOTS('',5,(#8739,#8740,#8741,#8742,#8743,
    #8744,#8745,#8746,#8747,#8748,#8749,#8750,#8751,#8752),
  .UNSPECIFIED.,.F.,.F.,(6,4,4,6),(-0.119413470026,-1.353371911203E-07,
    1.96349554383,2.08290869425),.UNSPECIFIED.);
#8739 = CARTESIAN_POINT('',(3.264001325546,1.067032118743,2.135020857149
    ));
#8740 = CARTESIAN_POINT('',(3.273140829292,1.0449674049,2.135020857149)
  );
#8741 = CARTESIAN_POINT('',(3.282280331654,1.0229026944,2.135020857149)
  );
#8742 = CARTESIAN_POINT('',(3.291419832631,1.000837987243,2.135020857149
    ));
#8743 = CARTESIAN_POINT('',(3.300559332224,0.978773283428,2.135020857149
    ));
#8744 = CARTESIAN_POINT('',(3.45997823841,0.593901998977,2.135020857149)
  );
#8745 = CARTESIAN_POINT('',(3.539038746156,0.201591257513,2.135020857149
    ));
#8746 = CARTESIAN_POINT('',(3.539039291386,-0.201589955698,
    2.135020857149));
#8747 = CARTESIAN_POINT('',(3.45997851584,-0.593901329202,2.135020857149
    ));
#8748 = CARTESIAN_POINT('',(3.300559329455,-0.978773290113,
    2.135020857149));
#8749 = CARTESIAN_POINT('',(3.291419828478,-1.00083799727,2.135020857149
    ));
#8750 = CARTESIAN_POINT('',(3.2822803275,-1.022902704428,2.135020857149)
  );
#8751 = CARTESIAN_POINT('',(3.273140826523,-1.044967411585,
    2.135020857149));
#8752 = CARTESIAN_POINT('',(3.264001325546,-1.067032118743,
    2.135020857149));
#8753 = ORIENTED_EDGE('',*,*,#8624,.T.);
#8754 = ( BOUNDED_SURFACE() B_SPLINE_SURFACE(2,5,(
    (#8755,#8756,#8757,#8758,#8759,#8760,#8761,#8762,#8763,#8764,#8765
      ,#8766,#8767,#8768)
    ,(#8769,#8770,#8771,#8772,#8773,#8774,#8775,#8776,#8777,#8778,#8779
      ,#8780,#8781,#8782)
    ,(#8783,#8784,#8785,#8786,#8787,#8788,#8789,#8790,#8791,#8792,#8793
      ,#8794,#8795,#8796
)),.UNSPECIFIED.,.F.,.F.,.F.) B_SPLINE_SURFACE_WITH_KNOTS((3,3),(6,4,4,6
    ),(0.,1.963495679168),(-0.119413470026,-1.353371911203E-07,
    1.96349554383,2.08290869425),.UNSPECIFIED.) 
GEOMETRIC_REPRESENTATION_ITEM() RATIONAL_B_SPLINE_SURFACE((
    (1.,1.,1.,1.,1.,1.,1.,1.,1.,1.,1.,1.,1.,1.)
    ,(0.93061798229,0.93061798229,0.93061798229,0.93061798229
      ,0.93061798229,0.93061798229,0.93061798229,0.93061798229
      ,0.93061798229,0.93061798229,0.93061798229,0.93061798229
      ,0.93061798229,0.93061798229)
,(1.,1.,1.,1.,1.,1.,1.,1.,1.,1.,1.,1.,1.,1.
))) REPRESENTATION_ITEM('') SURFACE() );
#8755 = CARTESIAN_POINT('',(3.189749034566,1.036275808073,1.930661594627
    ));
#8756 = CARTESIAN_POINT('',(3.199182355483,1.013501756721,1.930661594627
    ));
#8757 = CARTESIAN_POINT('',(3.20846876641,0.991082377458,1.930661594627)
  );
#8758 = CARTESIAN_POINT('',(3.217608267348,0.969017670284,1.930661594627
    ));
#8759 = CARTESIAN_POINT('',(3.226600858298,0.9473076352,1.930661594627)
  );
#8760 = CARTESIAN_POINT('',(3.380894753976,0.574809218729,1.930661594627
    ));
#8761 = CARTESIAN_POINT('',(3.457413628123,0.195110560338,1.930661594627
    ));
#8762 = CARTESIAN_POINT('',(3.457414134116,-0.1951093668,1.930661594627)
  );
#8763 = CARTESIAN_POINT('',(3.380895040325,-0.574808527422,
    1.930661594627));
#8764 = CARTESIAN_POINT('',(3.226600854533,-0.947307644289,
    1.930661594627));
#8765 = CARTESIAN_POINT('',(3.217608261701,-0.969017683918,
    1.930661594627));
#8766 = CARTESIAN_POINT('',(3.208468760763,-0.991082391091,
    1.930661594627));
#8767 = CARTESIAN_POINT('',(3.199182351718,-1.01350176581,1.930661594627
    ));
#8768 = CARTESIAN_POINT('',(3.189749034566,-1.036275808073,
    1.930661594627));
#8769 = CARTESIAN_POINT('',(3.264001325546,1.067032118743,2.017037309501
    ));
#8770 = CARTESIAN_POINT('',(3.273140829292,1.0449674049,2.017037309501)
  );
#8771 = CARTESIAN_POINT('',(3.282280331654,1.0229026944,2.017037309501)
  );
#8772 = CARTESIAN_POINT('',(3.291419832631,1.000837987243,2.017037309501
    ));
#8773 = CARTESIAN_POINT('',(3.300559332224,0.978773283428,2.017037309501
    ));
#8774 = CARTESIAN_POINT('',(3.45997823841,0.593901998977,2.017037309501)
  );
#8775 = CARTESIAN_POINT('',(3.539038746156,0.201591257513,2.017037309501
    ));
#8776 = CARTESIAN_POINT('',(3.539039291386,-0.201589955698,
    2.017037309501));
#8777 = CARTESIAN_POINT('',(3.45997851584,-0.593901329202,2.017037309501
    ));
#8778 = CARTESIAN_POINT('',(3.300559329455,-0.978773290113,
    2.017037309501));
#8779 = CARTESIAN_POINT('',(3.291419828478,-1.00083799727,2.017037309501
    ));
#8780 = CARTESIAN_POINT('',(3.2822803275,-1.022902704428,2.017037309501)
  );
#8781 = CARTESIAN_POINT('',(3.273140826523,-1.044967411585,
    2.017037309501));
#8782 = CARTESIAN_POINT('',(3.264001325546,-1.067032118743,
    2.017037309501));
#8783 = CARTESIAN_POINT('',(3.264001325546,1.067032118743,2.135020857149
    ));
#8784 = CARTESIAN_POINT('',(3.273140829292,1.0449674049,2.135020857149)
  );
#8785 = CARTESIAN_POINT('',(3.282280331654,1.0229026944,2.135020857149)
  );
#8786 = CARTESIAN_POINT('',(3.291419832631,1.000837987243,2.135020857149
    ));
#8787 = CARTESIAN_POINT('',(3.300559332224,0.978773283428,2.135020857149
    ));
#8788 = CARTESIAN_POINT('',(3.45997823841,0.593901998977,2.135020857149)
  );
#8789 = CARTESIAN_POINT('',(3.539038746156,0.201591257513,2.135020857149
    ));
#8790 = CARTESIAN_POINT('',(3.539039291386,-0.201589955698,
    2.135020857149));
#8791 = CARTESIAN_POINT('',(3.45997851584,-0.593901329202,2.135020857149
    ));
#8792 = CARTESIAN_POINT('',(3.300559329455,-0.978773290113,
    2.135020857149));
#8793 = CARTESIAN_POINT('',(3.291419828478,-1.00083799727,2.135020857149
    ));
#8794 = CARTESIAN_POINT('',(3.2822803275,-1.022902704428,2.135020857149)
  );
#8795 = CARTESIAN_POINT('',(3.273140826523,-1.044967411585,
    2.135020857149));
#8796 = CARTESIAN_POINT('',(3.264001325546,-1.067032118743,
    2.135020857149));
#8797 = ADVANCED_FACE('',(#8798),#8869,.T.);
#8798 = FACE_BOUND('',#8799,.T.);
#8799 = EDGE_LOOP('',(#8800,#8807,#8808,#8809,#8817,#8831,#8840,#8854,
    #8861,#8867,#8868));
#8800 = ORIENTED_EDGE('',*,*,#8801,.T.);
#8801 = EDGE_CURVE('',#8706,#8704,#8802,.T.);
#8802 = CIRCLE('',#8803,2.5);
#8803 = AXIS2_PLACEMENT_3D('',#8804,#8805,#8806);
#8804 = CARTESIAN_POINT('',(1.,0.,4.8));
#8805 = DIRECTION('',(0.,0.,-1.));
#8806 = DIRECTION('',(0.923879532511,0.382683432365,0.));
#8807 = ORIENTED_EDGE('',*,*,#8721,.F.);
#8808 = ORIENTED_EDGE('',*,*,#8639,.F.);
#8809 = ORIENTED_EDGE('',*,*,#8810,.T.);
#8810 = EDGE_CURVE('',#8625,#8811,#8813,.T.);
#8811 = VERTEX_POINT('',#8812);
#8812 = CARTESIAN_POINT('',(3.487468592767,-0.25,3.251));
#8813 = LINE('',#8814,#8815);
#8814 = CARTESIAN_POINT('',(3.487468592767,-0.25,2.));
#8815 = VECTOR('',#8816,1.);
#8816 = DIRECTION('',(0.,0.,1.));
#8817 = ORIENTED_EDGE('',*,*,#8818,.F.);
#8818 = EDGE_CURVE('',#8819,#8811,#8821,.T.);
#8819 = VERTEX_POINT('',#8820);
#8820 = CARTESIAN_POINT('',(3.4999998,-1.E-03,3.5));
#8821 = B_SPLINE_CURVE_WITH_KNOTS('',8,(#8822,#8823,#8824,#8825,#8826,
    #8827,#8828,#8829,#8830),.UNSPECIFIED.,.F.,.F.,(9,9),(0.,1.),
  .PIECEWISE_BEZIER_KNOTS.);
#8822 = CARTESIAN_POINT('',(3.4999998,-1.E-03,3.5));
#8823 = CARTESIAN_POINT('',(3.499978617055,-5.395735907235E-02,3.5));
#8824 = CARTESIAN_POINT('',(3.498676082177,-0.104950526163,
    3.487127296357));
#8825 = CARTESIAN_POINT('',(3.496260480392,-0.151000424553,3.46305838894
    ));
#8826 = CARTESIAN_POINT('',(3.493287896111,-0.189937008149,
    3.429686411631));
#8827 = CARTESIAN_POINT('',(3.49048081622,-0.220024282271,3.389249497325
    ));
#8828 = CARTESIAN_POINT('',(3.488453332589,-0.240202972637,
    3.344185621158));
#8829 = CARTESIAN_POINT('',(3.487468592767,-0.25,3.297202715395));
#8830 = CARTESIAN_POINT('',(3.487468592767,-0.25,3.251));
#8831 = ORIENTED_EDGE('',*,*,#8832,.T.);
#8832 = EDGE_CURVE('',#8819,#8833,#8835,.T.);
#8833 = VERTEX_POINT('',#8834);
#8834 = CARTESIAN_POINT('',(3.4999998,9.999999999997E-04,3.5));
#8835 = CIRCLE('',#8836,2.5);
#8836 = AXIS2_PLACEMENT_3D('',#8837,#8838,#8839);
#8837 = CARTESIAN_POINT('',(1.,0.,3.5));
#8838 = DIRECTION('',(0.,-0.,1.));
#8839 = DIRECTION('',(0.923879532511,0.382683432365,0.));
#8840 = ORIENTED_EDGE('',*,*,#8841,.F.);
#8841 = EDGE_CURVE('',#8842,#8833,#8844,.T.);
#8842 = VERTEX_POINT('',#8843);
#8843 = CARTESIAN_POINT('',(3.487468622767,0.249999701504,3.251385552896
    ));
#8844 = B_SPLINE_CURVE_WITH_KNOTS('',8,(#8845,#8846,#8847,#8848,#8849,
    #8850,#8851,#8852,#8853),.UNSPECIFIED.,.F.,.F.,(9,9),(0.,1.),
  .PIECEWISE_BEZIER_KNOTS.);
#8845 = CARTESIAN_POINT('',(3.487468622767,0.249999701504,3.251385552896
    ));
#8846 = CARTESIAN_POINT('',(3.487475806375,0.249928225413,3.297546599758
    ));
#8847 = CARTESIAN_POINT('',(3.488466071569,0.240076163387,3.344468713965
    ));
#8848 = CARTESIAN_POINT('',(3.490495528585,0.21986657353,3.389460295011)
  );
#8849 = CARTESIAN_POINT('',(3.493300225575,0.189774954381,3.429823601109
    ));
#8850 = CARTESIAN_POINT('',(3.496267732898,0.150859143254,3.463130702916
    ));
#8851 = CARTESIAN_POINT('',(3.49867859983,0.104848949188,3.487152152151)
  );
#8852 = CARTESIAN_POINT('',(3.499978637521,5.390619388061E-02,3.5));
#8853 = CARTESIAN_POINT('',(3.4999998,1.E-03,3.5));
#8854 = ORIENTED_EDGE('',*,*,#8855,.F.);
#8855 = EDGE_CURVE('',#8856,#8842,#8858,.T.);
#8856 = VERTEX_POINT('',#8857);
#8857 = CARTESIAN_POINT('',(3.487468592767,0.25,3.251));
#8858 = B_SPLINE_CURVE_WITH_KNOTS('',1,(#8859,#8860),.UNSPECIFIED.,.F.,
  .F.,(2,2),(0.,1.),.PIECEWISE_BEZIER_KNOTS.);
#8859 = CARTESIAN_POINT('',(3.487468592767,0.25,3.251));
#8860 = CARTESIAN_POINT('',(3.487468622767,0.249999701504,3.251385552896
    ));
#8861 = ORIENTED_EDGE('',*,*,#8862,.F.);
#8862 = EDGE_CURVE('',#8512,#8856,#8863,.T.);
#8863 = LINE('',#8864,#8865);
#8864 = CARTESIAN_POINT('',(3.487468592767,0.25,2.));
#8865 = VECTOR('',#8866,1.);
#8866 = DIRECTION('',(0.,0.,1.));
#8867 = ORIENTED_EDGE('',*,*,#8511,.F.);
#8868 = ORIENTED_EDGE('',*,*,#8714,.T.);
#8869 = CYLINDRICAL_SURFACE('',#8870,2.5);
#8870 = AXIS2_PLACEMENT_3D('',#8871,#8872,#8873);
#8871 = CARTESIAN_POINT('',(1.,0.,2.));
#8872 = DIRECTION('',(0.,0.,1.));
#8873 = DIRECTION('',(0.923879532511,0.382683432365,-0.));
#8874 = ADVANCED_FACE('',(#8875),#8903,.T.);
#8875 = FACE_BOUND('',#8876,.T.);
#8876 = EDGE_LOOP('',(#8877,#8886,#8895,#8902));
#8877 = ORIENTED_EDGE('',*,*,#8878,.T.);
#8878 = EDGE_CURVE('',#8704,#8879,#8881,.T.);
#8879 = VERTEX_POINT('',#8880);
#8880 = CARTESIAN_POINT('',(3.124922924776,-0.88017189444,5.));
#8881 = CIRCLE('',#8882,0.2);
#8882 = AXIS2_PLACEMENT_3D('',#8883,#8884,#8885);
#8883 = CARTESIAN_POINT('',(3.124922924776,-0.88017189444,4.8));
#8884 = DIRECTION('',(-0.382683432365,-0.923879532511,1.265788199173E-34
    ));
#8885 = DIRECTION('',(0.923879532511,-0.382683432365,-4.440892098502E-15
    ));
#8886 = ORIENTED_EDGE('',*,*,#8887,.T.);
#8887 = EDGE_CURVE('',#8879,#8888,#8890,.T.);
#8888 = VERTEX_POINT('',#8889);
#8889 = CARTESIAN_POINT('',(3.124922924776,0.88017189444,5.));
#8890 = CIRCLE('',#8891,2.3);
#8891 = AXIS2_PLACEMENT_3D('',#8892,#8893,#8894);
#8892 = CARTESIAN_POINT('',(1.,0.,5.));
#8893 = DIRECTION('',(0.,-0.,-1.));
#8894 = DIRECTION('',(0.923879532511,-0.382683432365,0.));
#8895 = ORIENTED_EDGE('',*,*,#8896,.F.);
#8896 = EDGE_CURVE('',#8706,#8888,#8897,.T.);
#8897 = CIRCLE('',#8898,0.2);
#8898 = AXIS2_PLACEMENT_3D('',#8899,#8900,#8901);
#8899 = CARTESIAN_POINT('',(3.124922924776,0.88017189444,4.8));
#8900 = DIRECTION('',(0.382683432365,-0.923879532511,-1.265788199173E-34
    ));
#8901 = DIRECTION('',(0.923879532511,0.382683432365,-4.440892098502E-15)
  );
#8902 = ORIENTED_EDGE('',*,*,#8703,.F.);
#8903 = TOROIDAL_SURFACE('',#8904,2.3,0.2);
#8904 = AXIS2_PLACEMENT_3D('',#8905,#8906,#8907);
#8905 = CARTESIAN_POINT('',(1.,0.,4.8));
#8906 = DIRECTION('',(0.,0.,1.));
#8907 = DIRECTION('',(0.923879532511,-0.382683432365,0.));
#8908 = ADVANCED_FACE('',(#8909),#8918,.T.);
#8909 = FACE_BOUND('',#8910,.T.);
#8910 = EDGE_LOOP('',(#8911,#8912,#8913,#8914,#8915,#8916,#8917));
#8911 = ORIENTED_EDGE('',*,*,#8855,.T.);
#8912 = ORIENTED_EDGE('',*,*,#8841,.T.);
#8913 = ORIENTED_EDGE('',*,*,#8832,.F.);
#8914 = ORIENTED_EDGE('',*,*,#8818,.T.);
#8915 = ORIENTED_EDGE('',*,*,#8810,.F.);
#8916 = ORIENTED_EDGE('',*,*,#8737,.F.);
#8917 = ORIENTED_EDGE('',*,*,#8862,.T.);
#8918 = CYLINDRICAL_SURFACE('',#8919,2.5);
#8919 = AXIS2_PLACEMENT_3D('',#8920,#8921,#8922);
#8920 = CARTESIAN_POINT('',(1.,0.,2.));
#8921 = DIRECTION('',(0.,0.,1.));
#8922 = DIRECTION('',(0.923879532511,0.382683432365,-0.));
#8923 = ADVANCED_FACE('',(#8924),#8936,.T.);
#8924 = FACE_BOUND('',#8925,.T.);
#8925 = EDGE_LOOP('',(#8926,#8927,#8934,#8935));
#8926 = ORIENTED_EDGE('',*,*,#8896,.T.);
#8927 = ORIENTED_EDGE('',*,*,#8928,.T.);
#8928 = EDGE_CURVE('',#8888,#8879,#8929,.T.);
#8929 = CIRCLE('',#8930,2.3);
#8930 = AXIS2_PLACEMENT_3D('',#8931,#8932,#8933);
#8931 = CARTESIAN_POINT('',(1.,0.,5.));
#8932 = DIRECTION('',(0.,0.,-1.));
#8933 = DIRECTION('',(0.923879532511,0.382683432365,0.));
#8934 = ORIENTED_EDGE('',*,*,#8878,.F.);
#8935 = ORIENTED_EDGE('',*,*,#8801,.F.);
#8936 = TOROIDAL_SURFACE('',#8937,2.3,0.2);
#8937 = AXIS2_PLACEMENT_3D('',#8938,#8939,#8940);
#8938 = CARTESIAN_POINT('',(1.,0.,4.8));
#8939 = DIRECTION('',(0.,0.,1.));
#8940 = DIRECTION('',(0.923879532511,0.382683432365,-0.));
#8941 = ADVANCED_FACE('',(#8942),#8968,.F.);
#8942 = FACE_BOUND('',#8943,.F.);
#8943 = EDGE_LOOP('',(#8944,#8945,#8953,#8962));
#8944 = ORIENTED_EDGE('',*,*,#8887,.T.);
#8945 = ORIENTED_EDGE('',*,*,#8946,.T.);
#8946 = EDGE_CURVE('',#8888,#8947,#8949,.T.);
#8947 = VERTEX_POINT('',#8948);
#8948 = CARTESIAN_POINT('',(2.616789181895,0.669696006639,5.));
#8949 = LINE('',#8950,#8951);
#8950 = CARTESIAN_POINT('',(3.124922924776,0.88017189444,5.));
#8951 = VECTOR('',#8952,1.);
#8952 = DIRECTION('',(-0.923879532511,-0.382683432365,0.));
#8953 = ORIENTED_EDGE('',*,*,#8954,.F.);
#8954 = EDGE_CURVE('',#8955,#8947,#8957,.T.);
#8955 = VERTEX_POINT('',#8956);
#8956 = CARTESIAN_POINT('',(2.616789181895,-0.669696006639,5.));
#8957 = CIRCLE('',#8958,1.75);
#8958 = AXIS2_PLACEMENT_3D('',#8959,#8960,#8961);
#8959 = CARTESIAN_POINT('',(1.,0.,5.));
#8960 = DIRECTION('',(0.,-0.,-1.));
#8961 = DIRECTION('',(0.923879532511,-0.382683432365,0.));
#8962 = ORIENTED_EDGE('',*,*,#8963,.F.);
#8963 = EDGE_CURVE('',#8879,#8955,#8964,.T.);
#8964 = LINE('',#8965,#8966);
#8965 = CARTESIAN_POINT('',(3.124922924776,-0.88017189444,5.));
#8966 = VECTOR('',#8967,1.);
#8967 = DIRECTION('',(-0.923879532511,0.382683432365,0.));
#8968 = PLANE('',#8969);
#8969 = AXIS2_PLACEMENT_3D('',#8970,#8971,#8972);
#8970 = CARTESIAN_POINT('',(1.,0.,5.));
#8971 = DIRECTION('',(0.,0.,-1.));
#8972 = DIRECTION('',(0.923879532511,-0.382683432365,0.));
#8973 = ADVANCED_FACE('',(#8974),#8986,.F.);
#8974 = FACE_BOUND('',#8975,.F.);
#8975 = EDGE_LOOP('',(#8976,#8977,#8978,#8985));
#8976 = ORIENTED_EDGE('',*,*,#8928,.T.);
#8977 = ORIENTED_EDGE('',*,*,#8963,.T.);
#8978 = ORIENTED_EDGE('',*,*,#8979,.F.);
#8979 = EDGE_CURVE('',#8947,#8955,#8980,.T.);
#8980 = CIRCLE('',#8981,1.75);
#8981 = AXIS2_PLACEMENT_3D('',#8982,#8983,#8984);
#8982 = CARTESIAN_POINT('',(1.,0.,5.));
#8983 = DIRECTION('',(0.,0.,-1.));
#8984 = DIRECTION('',(0.923879532511,0.382683432365,0.));
#8985 = ORIENTED_EDGE('',*,*,#8946,.F.);
#8986 = PLANE('',#8987);
#8987 = AXIS2_PLACEMENT_3D('',#8988,#8989,#8990);
#8988 = CARTESIAN_POINT('',(1.,0.,5.));
#8989 = DIRECTION('',(0.,0.,-1.));
#8990 = DIRECTION('',(0.923879532511,0.382683432365,0.));
#8991 = ADVANCED_FACE('',(#8992),#9129,.F.);
#8992 = FACE_BOUND('',#8993,.F.);
#8993 = EDGE_LOOP('',(#8994,#9002,#9003,#9011,#9020,#9028,#9037,#9045,
    #9054,#9062,#9071,#9080,#9088,#9097,#9105,#9114,#9122));
#8994 = ORIENTED_EDGE('',*,*,#8995,.F.);
#8995 = EDGE_CURVE('',#8955,#8996,#8998,.T.);
#8996 = VERTEX_POINT('',#8997);
#8997 = CARTESIAN_POINT('',(2.616789181895,-0.669696006639,4.9));
#8998 = LINE('',#8999,#9000);
#8999 = CARTESIAN_POINT('',(2.616789181895,-0.669696006639,5.));
#9000 = VECTOR('',#9001,1.);
#9001 = DIRECTION('',(0.,0.,-1.));
#9002 = ORIENTED_EDGE('',*,*,#8954,.T.);
#9003 = ORIENTED_EDGE('',*,*,#9004,.T.);
#9004 = EDGE_CURVE('',#8947,#9005,#9007,.T.);
#9005 = VERTEX_POINT('',#9006);
#9006 = CARTESIAN_POINT('',(2.616789181895,0.669696006639,4.9));
#9007 = LINE('',#9008,#9009);
#9008 = CARTESIAN_POINT('',(2.616789181895,0.669696006639,5.));
#9009 = VECTOR('',#9010,1.);
#9010 = DIRECTION('',(0.,0.,-1.));
#9011 = ORIENTED_EDGE('',*,*,#9012,.T.);
#9012 = EDGE_CURVE('',#9005,#9013,#9015,.T.);
#9013 = VERTEX_POINT('',#9014);
#9014 = CARTESIAN_POINT('',(1.05,1.749285568454,4.9));
#9015 = CIRCLE('',#9016,1.75);
#9016 = AXIS2_PLACEMENT_3D('',#9017,#9018,#9019);
#9017 = CARTESIAN_POINT('',(1.,0.,4.9));
#9018 = DIRECTION('',(0.,0.,1.));
#9019 = DIRECTION('',(-1.,1.224646799147E-16,0.));
#9020 = ORIENTED_EDGE('',*,*,#9021,.T.);
#9021 = EDGE_CURVE('',#9013,#9022,#9024,.T.);
#9022 = VERTEX_POINT('',#9023);
#9023 = CARTESIAN_POINT('',(1.05,1.749285568454,4.8));
#9024 = LINE('',#9025,#9026);
#9025 = CARTESIAN_POINT('',(1.05,1.749285568454,4.7));
#9026 = VECTOR('',#9027,1.);
#9027 = DIRECTION('',(0.,0.,-1.));
#9028 = ORIENTED_EDGE('',*,*,#9029,.F.);
#9029 = EDGE_CURVE('',#9030,#9022,#9032,.T.);
#9030 = VERTEX_POINT('',#9031);
#9031 = CARTESIAN_POINT('',(0.95,1.749285568454,4.8));
#9032 = CIRCLE('',#9033,1.75);
#9033 = AXIS2_PLACEMENT_3D('',#9034,#9035,#9036);
#9034 = CARTESIAN_POINT('',(1.,0.,4.8));
#9035 = DIRECTION('',(0.,0.,-1.));
#9036 = DIRECTION('',(-1.,1.224646799147E-16,0.));
#9037 = ORIENTED_EDGE('',*,*,#9038,.F.);
#9038 = EDGE_CURVE('',#9039,#9030,#9041,.T.);
#9039 = VERTEX_POINT('',#9040);
#9040 = CARTESIAN_POINT('',(0.95,1.749285568454,4.9));
#9041 = LINE('',#9042,#9043);
#9042 = CARTESIAN_POINT('',(0.95,1.749285568454,4.7));
#9043 = VECTOR('',#9044,1.);
#9044 = DIRECTION('',(0.,0.,-1.));
#9045 = ORIENTED_EDGE('',*,*,#9046,.T.);
#9046 = EDGE_CURVE('',#9039,#9047,#9049,.T.);
#9047 = VERTEX_POINT('',#9048);
#9048 = CARTESIAN_POINT('',(-0.749285568454,5.000000000002E-02,4.9));
#9049 = CIRCLE('',#9050,1.75);
#9050 = AXIS2_PLACEMENT_3D('',#9051,#9052,#9053);
#9051 = CARTESIAN_POINT('',(1.,0.,4.9));
#9052 = DIRECTION('',(0.,0.,1.));
#9053 = DIRECTION('',(-1.,1.224646799147E-16,0.));
#9054 = ORIENTED_EDGE('',*,*,#9055,.T.);
#9055 = EDGE_CURVE('',#9047,#9056,#9058,.T.);
#9056 = VERTEX_POINT('',#9057);
#9057 = CARTESIAN_POINT('',(-0.749285568454,5.E-02,4.8));
#9058 = LINE('',#9059,#9060);
#9059 = CARTESIAN_POINT('',(-0.749285568454,5.E-02,4.7));
#9060 = VECTOR('',#9061,1.);
#9061 = DIRECTION('',(0.,0.,-1.));
#9062 = ORIENTED_EDGE('',*,*,#9063,.F.);
#9063 = EDGE_CURVE('',#9064,#9056,#9066,.T.);
#9064 = VERTEX_POINT('',#9065);
#9065 = CARTESIAN_POINT('',(-0.75,2.143131898508E-16,4.8));
#9066 = CIRCLE('',#9067,1.75);
#9067 = AXIS2_PLACEMENT_3D('',#9068,#9069,#9070);
#9068 = CARTESIAN_POINT('',(1.,0.,4.8));
#9069 = DIRECTION('',(0.,0.,-1.));
#9070 = DIRECTION('',(-1.,1.224646799147E-16,0.));
#9071 = ORIENTED_EDGE('',*,*,#9072,.F.);
#9072 = EDGE_CURVE('',#9073,#9064,#9075,.T.);
#9073 = VERTEX_POINT('',#9074);
#9074 = CARTESIAN_POINT('',(-0.749285568454,-5.E-02,4.8));
#9075 = CIRCLE('',#9076,1.75);
#9076 = AXIS2_PLACEMENT_3D('',#9077,#9078,#9079);
#9077 = CARTESIAN_POINT('',(1.,0.,4.8));
#9078 = DIRECTION('',(0.,0.,-1.));
#9079 = DIRECTION('',(-1.,1.224646799147E-16,0.));
#9080 = ORIENTED_EDGE('',*,*,#9081,.F.);
#9081 = EDGE_CURVE('',#9082,#9073,#9084,.T.);
#9082 = VERTEX_POINT('',#9083);
#9083 = CARTESIAN_POINT('',(-0.749285568454,-5.000000000002E-02,4.9));
#9084 = LINE('',#9085,#9086);
#9085 = CARTESIAN_POINT('',(-0.749285568454,-5.E-02,4.7));
#9086 = VECTOR('',#9087,1.);
#9087 = DIRECTION('',(0.,0.,-1.));
#9088 = ORIENTED_EDGE('',*,*,#9089,.T.);
#9089 = EDGE_CURVE('',#9082,#9090,#9092,.T.);
#9090 = VERTEX_POINT('',#9091);
#9091 = CARTESIAN_POINT('',(0.95,-1.749285568454,4.9));
#9092 = CIRCLE('',#9093,1.75);
#9093 = AXIS2_PLACEMENT_3D('',#9094,#9095,#9096);
#9094 = CARTESIAN_POINT('',(1.,0.,4.9));
#9095 = DIRECTION('',(0.,0.,1.));
#9096 = DIRECTION('',(-1.,1.224646799147E-16,0.));
#9097 = ORIENTED_EDGE('',*,*,#9098,.T.);
#9098 = EDGE_CURVE('',#9090,#9099,#9101,.T.);
#9099 = VERTEX_POINT('',#9100);
#9100 = CARTESIAN_POINT('',(0.95,-1.749285568454,4.8));
#9101 = LINE('',#9102,#9103);
#9102 = CARTESIAN_POINT('',(0.95,-1.749285568454,4.7));
#9103 = VECTOR('',#9104,1.);
#9104 = DIRECTION('',(0.,0.,-1.));
#9105 = ORIENTED_EDGE('',*,*,#9106,.F.);
#9106 = EDGE_CURVE('',#9107,#9099,#9109,.T.);
#9107 = VERTEX_POINT('',#9108);
#9108 = CARTESIAN_POINT('',(1.05,-1.749285568454,4.8));
#9109 = CIRCLE('',#9110,1.75);
#9110 = AXIS2_PLACEMENT_3D('',#9111,#9112,#9113);
#9111 = CARTESIAN_POINT('',(1.,0.,4.8));
#9112 = DIRECTION('',(0.,0.,-1.));
#9113 = DIRECTION('',(-1.,1.224646799147E-16,0.));
#9114 = ORIENTED_EDGE('',*,*,#9115,.F.);
#9115 = EDGE_CURVE('',#9116,#9107,#9118,.T.);
#9116 = VERTEX_POINT('',#9117);
#9117 = CARTESIAN_POINT('',(1.05,-1.749285568454,4.9));
#9118 = LINE('',#9119,#9120);
#9119 = CARTESIAN_POINT('',(1.05,-1.749285568454,4.7));
#9120 = VECTOR('',#9121,1.);
#9121 = DIRECTION('',(0.,0.,-1.));
#9122 = ORIENTED_EDGE('',*,*,#9123,.T.);
#9123 = EDGE_CURVE('',#9116,#8996,#9124,.T.);
#9124 = CIRCLE('',#9125,1.75);
#9125 = AXIS2_PLACEMENT_3D('',#9126,#9127,#9128);
#9126 = CARTESIAN_POINT('',(1.,0.,4.9));
#9127 = DIRECTION('',(0.,0.,1.));
#9128 = DIRECTION('',(-1.,1.224646799147E-16,0.));
#9129 = CYLINDRICAL_SURFACE('',#9130,1.75);
#9130 = AXIS2_PLACEMENT_3D('',#9131,#9132,#9133);
#9131 = CARTESIAN_POINT('',(1.,0.,5.));
#9132 = DIRECTION('',(0.,0.,-1.));
#9133 = DIRECTION('',(0.923879532511,-0.382683432365,0.));
#9134 = ADVANCED_FACE('',(#9135),#9181,.F.);
#9135 = FACE_BOUND('',#9136,.F.);
#9136 = EDGE_LOOP('',(#9137,#9138,#9139,#9140,#9149,#9157,#9166,#9174));
#9137 = ORIENTED_EDGE('',*,*,#9004,.F.);
#9138 = ORIENTED_EDGE('',*,*,#8979,.T.);
#9139 = ORIENTED_EDGE('',*,*,#8995,.T.);
#9140 = ORIENTED_EDGE('',*,*,#9141,.T.);
#9141 = EDGE_CURVE('',#8996,#9142,#9144,.T.);
#9142 = VERTEX_POINT('',#9143);
#9143 = CARTESIAN_POINT('',(2.749285568454,-4.999999999996E-02,4.9));
#9144 = CIRCLE('',#9145,1.75);
#9145 = AXIS2_PLACEMENT_3D('',#9146,#9147,#9148);
#9146 = CARTESIAN_POINT('',(1.,0.,4.9));
#9147 = DIRECTION('',(0.,0.,1.));
#9148 = DIRECTION('',(-1.,1.224646799147E-16,0.));
#9149 = ORIENTED_EDGE('',*,*,#9150,.T.);
#9150 = EDGE_CURVE('',#9142,#9151,#9153,.T.);
#9151 = VERTEX_POINT('',#9152);
#9152 = CARTESIAN_POINT('',(2.749285568454,-5.E-02,4.8));
#9153 = LINE('',#9154,#9155);
#9154 = CARTESIAN_POINT('',(2.749285568454,-5.E-02,4.7));
#9155 = VECTOR('',#9156,1.);
#9156 = DIRECTION('',(0.,0.,-1.));
#9157 = ORIENTED_EDGE('',*,*,#9158,.F.);
#9158 = EDGE_CURVE('',#9159,#9151,#9161,.T.);
#9159 = VERTEX_POINT('',#9160);
#9160 = CARTESIAN_POINT('',(2.749285568454,5.E-02,4.8));
#9161 = CIRCLE('',#9162,1.75);
#9162 = AXIS2_PLACEMENT_3D('',#9163,#9164,#9165);
#9163 = CARTESIAN_POINT('',(1.,0.,4.8));
#9164 = DIRECTION('',(0.,0.,-1.));
#9165 = DIRECTION('',(-1.,1.224646799147E-16,0.));
#9166 = ORIENTED_EDGE('',*,*,#9167,.F.);
#9167 = EDGE_CURVE('',#9168,#9159,#9170,.T.);
#9168 = VERTEX_POINT('',#9169);
#9169 = CARTESIAN_POINT('',(2.749285568454,4.999999999996E-02,4.9));
#9170 = LINE('',#9171,#9172);
#9171 = CARTESIAN_POINT('',(2.749285568454,5.E-02,4.7));
#9172 = VECTOR('',#9173,1.);
#9173 = DIRECTION('',(0.,0.,-1.));
#9174 = ORIENTED_EDGE('',*,*,#9175,.T.);
#9175 = EDGE_CURVE('',#9168,#9005,#9176,.T.);
#9176 = CIRCLE('',#9177,1.75);
#9177 = AXIS2_PLACEMENT_3D('',#9178,#9179,#9180);
#9178 = CARTESIAN_POINT('',(1.,0.,4.9));
#9179 = DIRECTION('',(0.,0.,1.));
#9180 = DIRECTION('',(-1.,1.224646799147E-16,0.));
#9181 = CYLINDRICAL_SURFACE('',#9182,1.75);
#9182 = AXIS2_PLACEMENT_3D('',#9183,#9184,#9185);
#9183 = CARTESIAN_POINT('',(1.,0.,5.));
#9184 = DIRECTION('',(0.,0.,-1.));
#9185 = DIRECTION('',(0.923879532511,0.382683432365,0.));
#9186 = ADVANCED_FACE('',(#9187),#9205,.T.);
#9187 = FACE_BOUND('',#9188,.T.);
#9188 = EDGE_LOOP('',(#9189,#9197,#9198,#9199));
#9189 = ORIENTED_EDGE('',*,*,#9190,.F.);
#9190 = EDGE_CURVE('',#9116,#9191,#9193,.T.);
#9191 = VERTEX_POINT('',#9192);
#9192 = CARTESIAN_POINT('',(1.05,-5.E-02,4.9));
#9193 = LINE('',#9194,#9195);
#9194 = CARTESIAN_POINT('',(1.05,-5.05,4.9));
#9195 = VECTOR('',#9196,1.);
#9196 = DIRECTION('',(1.224646799147E-16,1.,0.));
#9197 = ORIENTED_EDGE('',*,*,#9123,.T.);
#9198 = ORIENTED_EDGE('',*,*,#9141,.T.);
#9199 = ORIENTED_EDGE('',*,*,#9200,.F.);
#9200 = EDGE_CURVE('',#9191,#9142,#9201,.T.);
#9201 = LINE('',#9202,#9203);
#9202 = CARTESIAN_POINT('',(1.05,-5.E-02,4.9));
#9203 = VECTOR('',#9204,1.);
#9204 = DIRECTION('',(1.,-1.224646799147E-16,0.));
#9205 = PLANE('',#9206);
#9206 = AXIS2_PLACEMENT_3D('',#9207,#9208,#9209);
#9207 = CARTESIAN_POINT('',(1.,-1.239108604125E-16,4.9));
#9208 = DIRECTION('',(0.,0.,1.));
#9209 = DIRECTION('',(-1.,1.224646799147E-16,0.));
#9210 = ADVANCED_FACE('',(#9211),#9229,.F.);
#9211 = FACE_BOUND('',#9212,.F.);
#9212 = EDGE_LOOP('',(#9213,#9214,#9215,#9223));
#9213 = ORIENTED_EDGE('',*,*,#9190,.F.);
#9214 = ORIENTED_EDGE('',*,*,#9115,.T.);
#9215 = ORIENTED_EDGE('',*,*,#9216,.T.);
#9216 = EDGE_CURVE('',#9107,#9217,#9219,.T.);
#9217 = VERTEX_POINT('',#9218);
#9218 = CARTESIAN_POINT('',(1.05,-5.E-02,4.8));
#9219 = LINE('',#9220,#9221);
#9220 = CARTESIAN_POINT('',(1.05,-5.05,4.8));
#9221 = VECTOR('',#9222,1.);
#9222 = DIRECTION('',(1.224646799147E-16,1.,0.));
#9223 = ORIENTED_EDGE('',*,*,#9224,.F.);
#9224 = EDGE_CURVE('',#9191,#9217,#9225,.T.);
#9225 = LINE('',#9226,#9227);
#9226 = CARTESIAN_POINT('',(1.05,-5.E-02,4.9));
#9227 = VECTOR('',#9228,1.);
#9228 = DIRECTION('',(0.,0.,-1.));
#9229 = PLANE('',#9230);
#9230 = AXIS2_PLACEMENT_3D('',#9231,#9232,#9233);
#9231 = CARTESIAN_POINT('',(1.05,-5.05,4.9));
#9232 = DIRECTION('',(1.,-1.224646799147E-16,0.));
#9233 = DIRECTION('',(1.224646799147E-16,1.,0.));
#9234 = ADVANCED_FACE('',(#9235),#9253,.T.);
#9235 = FACE_BOUND('',#9236,.T.);
#9236 = EDGE_LOOP('',(#9237,#9238,#9239,#9247));
#9237 = ORIENTED_EDGE('',*,*,#9175,.T.);
#9238 = ORIENTED_EDGE('',*,*,#9012,.T.);
#9239 = ORIENTED_EDGE('',*,*,#9240,.F.);
#9240 = EDGE_CURVE('',#9241,#9013,#9243,.T.);
#9241 = VERTEX_POINT('',#9242);
#9242 = CARTESIAN_POINT('',(1.05,5.E-02,4.9));
#9243 = LINE('',#9244,#9245);
#9244 = CARTESIAN_POINT('',(1.05,5.E-02,4.9));
#9245 = VECTOR('',#9246,1.);
#9246 = DIRECTION('',(1.224646799147E-16,1.,0.));
#9247 = ORIENTED_EDGE('',*,*,#9248,.F.);
#9248 = EDGE_CURVE('',#9168,#9241,#9249,.T.);
#9249 = LINE('',#9250,#9251);
#9250 = CARTESIAN_POINT('',(6.05,5.E-02,4.9));
#9251 = VECTOR('',#9252,1.);
#9252 = DIRECTION('',(-1.,1.224646799147E-16,0.));
#9253 = PLANE('',#9254);
#9254 = AXIS2_PLACEMENT_3D('',#9255,#9256,#9257);
#9255 = CARTESIAN_POINT('',(1.,-1.239108604125E-16,4.9));
#9256 = DIRECTION('',(0.,0.,1.));
#9257 = DIRECTION('',(-1.,1.224646799147E-16,0.));
#9258 = ADVANCED_FACE('',(#9259),#9315,.T.);
#9259 = FACE_BOUND('',#9260,.T.);
#9260 = EDGE_LOOP('',(#9261,#9269,#9275,#9276,#9277,#9283,#9284,#9292,
    #9298,#9299,#9307,#9313,#9314));
#9261 = ORIENTED_EDGE('',*,*,#9262,.T.);
#9262 = EDGE_CURVE('',#9073,#9263,#9265,.T.);
#9263 = VERTEX_POINT('',#9264);
#9264 = CARTESIAN_POINT('',(0.95,-5.E-02,4.8));
#9265 = LINE('',#9266,#9267);
#9266 = CARTESIAN_POINT('',(-4.05,-5.E-02,4.8));
#9267 = VECTOR('',#9268,1.);
#9268 = DIRECTION('',(1.,-5.723907721801E-17,0.));
#9269 = ORIENTED_EDGE('',*,*,#9270,.T.);
#9270 = EDGE_CURVE('',#9263,#9099,#9271,.T.);
#9271 = LINE('',#9272,#9273);
#9272 = CARTESIAN_POINT('',(0.95,-5.E-02,4.8));
#9273 = VECTOR('',#9274,1.);
#9274 = DIRECTION('',(-1.224646799147E-16,-1.,0.));
#9275 = ORIENTED_EDGE('',*,*,#9106,.F.);
#9276 = ORIENTED_EDGE('',*,*,#9216,.T.);
#9277 = ORIENTED_EDGE('',*,*,#9278,.T.);
#9278 = EDGE_CURVE('',#9217,#9151,#9279,.T.);
#9279 = LINE('',#9280,#9281);
#9280 = CARTESIAN_POINT('',(1.05,-5.E-02,4.8));
#9281 = VECTOR('',#9282,1.);
#9282 = DIRECTION('',(1.,-1.224646799147E-16,0.));
#9283 = ORIENTED_EDGE('',*,*,#9158,.F.);
#9284 = ORIENTED_EDGE('',*,*,#9285,.T.);
#9285 = EDGE_CURVE('',#9159,#9286,#9288,.T.);
#9286 = VERTEX_POINT('',#9287);
#9287 = CARTESIAN_POINT('',(1.05,5.E-02,4.8));
#9288 = LINE('',#9289,#9290);
#9289 = CARTESIAN_POINT('',(6.05,5.E-02,4.8));
#9290 = VECTOR('',#9291,1.);
#9291 = DIRECTION('',(-1.,1.224646799147E-16,0.));
#9292 = ORIENTED_EDGE('',*,*,#9293,.T.);
#9293 = EDGE_CURVE('',#9286,#9022,#9294,.T.);
#9294 = LINE('',#9295,#9296);
#9295 = CARTESIAN_POINT('',(1.05,5.E-02,4.8));
#9296 = VECTOR('',#9297,1.);
#9297 = DIRECTION('',(1.224646799147E-16,1.,0.));
#9298 = ORIENTED_EDGE('',*,*,#9029,.F.);
#9299 = ORIENTED_EDGE('',*,*,#9300,.T.);
#9300 = EDGE_CURVE('',#9030,#9301,#9303,.T.);
#9301 = VERTEX_POINT('',#9302);
#9302 = CARTESIAN_POINT('',(0.95,5.E-02,4.8));
#9303 = LINE('',#9304,#9305);
#9304 = CARTESIAN_POINT('',(0.95,5.05,4.8));
#9305 = VECTOR('',#9306,1.);
#9306 = DIRECTION('',(-1.224646799147E-16,-1.,0.));
#9307 = ORIENTED_EDGE('',*,*,#9308,.T.);
#9308 = EDGE_CURVE('',#9301,#9056,#9309,.T.);
#9309 = LINE('',#9310,#9311);
#9310 = CARTESIAN_POINT('',(0.95,5.E-02,4.8));
#9311 = VECTOR('',#9312,1.);
#9312 = DIRECTION('',(-1.,1.224646799147E-16,0.));
#9313 = ORIENTED_EDGE('',*,*,#9063,.F.);
#9314 = ORIENTED_EDGE('',*,*,#9072,.F.);
#9315 = PLANE('',#9316);
#9316 = AXIS2_PLACEMENT_3D('',#9317,#9318,#9319);
#9317 = CARTESIAN_POINT('',(1.,-3.503797911874E-17,4.8));
#9318 = DIRECTION('',(-6.92799192911E-33,5.09829149655E-32,1.));
#9319 = DIRECTION('',(-1.224646799147E-16,-1.,5.09829149655E-32));
#9320 = ADVANCED_FACE('',(#9321),#9332,.F.);
#9321 = FACE_BOUND('',#9322,.F.);
#9322 = EDGE_LOOP('',(#9323,#9324,#9330,#9331));
#9323 = ORIENTED_EDGE('',*,*,#9240,.F.);
#9324 = ORIENTED_EDGE('',*,*,#9325,.T.);
#9325 = EDGE_CURVE('',#9241,#9286,#9326,.T.);
#9326 = LINE('',#9327,#9328);
#9327 = CARTESIAN_POINT('',(1.05,5.E-02,4.9));
#9328 = VECTOR('',#9329,1.);
#9329 = DIRECTION('',(0.,0.,-1.));
#9330 = ORIENTED_EDGE('',*,*,#9293,.T.);
#9331 = ORIENTED_EDGE('',*,*,#9021,.F.);
#9332 = PLANE('',#9333);
#9333 = AXIS2_PLACEMENT_3D('',#9334,#9335,#9336);
#9334 = CARTESIAN_POINT('',(1.05,5.E-02,4.9));
#9335 = DIRECTION('',(1.,-1.224646799147E-16,0.));
#9336 = DIRECTION('',(1.224646799147E-16,1.,0.));
#9337 = ADVANCED_FACE('',(#9338),#9356,.F.);
#9338 = FACE_BOUND('',#9339,.F.);
#9339 = EDGE_LOOP('',(#9340,#9348,#9354,#9355));
#9340 = ORIENTED_EDGE('',*,*,#9341,.F.);
#9341 = EDGE_CURVE('',#9342,#9090,#9344,.T.);
#9342 = VERTEX_POINT('',#9343);
#9343 = CARTESIAN_POINT('',(0.95,-5.E-02,4.9));
#9344 = LINE('',#9345,#9346);
#9345 = CARTESIAN_POINT('',(0.95,-5.E-02,4.9));
#9346 = VECTOR('',#9347,1.);
#9347 = DIRECTION('',(-1.224646799147E-16,-1.,0.));
#9348 = ORIENTED_EDGE('',*,*,#9349,.T.);
#9349 = EDGE_CURVE('',#9342,#9263,#9350,.T.);
#9350 = LINE('',#9351,#9352);
#9351 = CARTESIAN_POINT('',(0.95,-5.E-02,4.9));
#9352 = VECTOR('',#9353,1.);
#9353 = DIRECTION('',(0.,0.,-1.));
#9354 = ORIENTED_EDGE('',*,*,#9270,.T.);
#9355 = ORIENTED_EDGE('',*,*,#9098,.F.);
#9356 = PLANE('',#9357);
#9357 = AXIS2_PLACEMENT_3D('',#9358,#9359,#9360);
#9358 = CARTESIAN_POINT('',(0.95,-5.E-02,4.9));
#9359 = DIRECTION('',(-1.,1.224646799147E-16,0.));
#9360 = DIRECTION('',(-1.224646799147E-16,-1.,0.));
#9361 = ADVANCED_FACE('',(#9362),#9372,.T.);
#9362 = FACE_BOUND('',#9363,.T.);
#9363 = EDGE_LOOP('',(#9364,#9370,#9371));
#9364 = ORIENTED_EDGE('',*,*,#9365,.F.);
#9365 = EDGE_CURVE('',#9082,#9342,#9366,.T.);
#9366 = LINE('',#9367,#9368);
#9367 = CARTESIAN_POINT('',(-4.05,-5.E-02,4.9));
#9368 = VECTOR('',#9369,1.);
#9369 = DIRECTION('',(1.,-5.723907721801E-17,0.));
#9370 = ORIENTED_EDGE('',*,*,#9089,.T.);
#9371 = ORIENTED_EDGE('',*,*,#9341,.F.);
#9372 = PLANE('',#9373);
#9373 = AXIS2_PLACEMENT_3D('',#9374,#9375,#9376);
#9374 = CARTESIAN_POINT('',(1.,-1.239108604125E-16,4.9));
#9375 = DIRECTION('',(0.,0.,1.));
#9376 = DIRECTION('',(-1.,1.224646799147E-16,0.));
#9377 = ADVANCED_FACE('',(#9378),#9396,.F.);
#9378 = FACE_BOUND('',#9379,.F.);
#9379 = EDGE_LOOP('',(#9380,#9388,#9389,#9390));
#9380 = ORIENTED_EDGE('',*,*,#9381,.F.);
#9381 = EDGE_CURVE('',#9039,#9382,#9384,.T.);
#9382 = VERTEX_POINT('',#9383);
#9383 = CARTESIAN_POINT('',(0.95,5.E-02,4.9));
#9384 = LINE('',#9385,#9386);
#9385 = CARTESIAN_POINT('',(0.95,5.05,4.9));
#9386 = VECTOR('',#9387,1.);
#9387 = DIRECTION('',(-1.224646799147E-16,-1.,0.));
#9388 = ORIENTED_EDGE('',*,*,#9038,.T.);
#9389 = ORIENTED_EDGE('',*,*,#9300,.T.);
#9390 = ORIENTED_EDGE('',*,*,#9391,.F.);
#9391 = EDGE_CURVE('',#9382,#9301,#9392,.T.);
#9392 = LINE('',#9393,#9394);
#9393 = CARTESIAN_POINT('',(0.95,5.E-02,4.9));
#9394 = VECTOR('',#9395,1.);
#9395 = DIRECTION('',(0.,0.,-1.));
#9396 = PLANE('',#9397);
#9397 = AXIS2_PLACEMENT_3D('',#9398,#9399,#9400);
#9398 = CARTESIAN_POINT('',(0.95,5.05,4.9));
#9399 = DIRECTION('',(-1.,1.224646799147E-16,0.));
#9400 = DIRECTION('',(-1.224646799147E-16,-1.,0.));
#9401 = ADVANCED_FACE('',(#9402),#9408,.F.);
#9402 = FACE_BOUND('',#9403,.F.);
#9403 = EDGE_LOOP('',(#9404,#9405,#9406,#9407));
#9404 = ORIENTED_EDGE('',*,*,#9365,.F.);
#9405 = ORIENTED_EDGE('',*,*,#9081,.T.);
#9406 = ORIENTED_EDGE('',*,*,#9262,.T.);
#9407 = ORIENTED_EDGE('',*,*,#9349,.F.);
#9408 = PLANE('',#9409);
#9409 = AXIS2_PLACEMENT_3D('',#9410,#9411,#9412);
#9410 = CARTESIAN_POINT('',(-4.05,-5.E-02,4.9));
#9411 = DIRECTION('',(-5.723907721801E-17,-1.,0.));
#9412 = DIRECTION('',(1.,-5.723907721801E-17,0.));
#9413 = ADVANCED_FACE('',(#9414),#9424,.T.);
#9414 = FACE_BOUND('',#9415,.T.);
#9415 = EDGE_LOOP('',(#9416,#9417,#9423));
#9416 = ORIENTED_EDGE('',*,*,#9046,.T.);
#9417 = ORIENTED_EDGE('',*,*,#9418,.F.);
#9418 = EDGE_CURVE('',#9382,#9047,#9419,.T.);
#9419 = LINE('',#9420,#9421);
#9420 = CARTESIAN_POINT('',(0.95,5.E-02,4.9));
#9421 = VECTOR('',#9422,1.);
#9422 = DIRECTION('',(-1.,1.224646799147E-16,0.));
#9423 = ORIENTED_EDGE('',*,*,#9381,.F.);
#9424 = PLANE('',#9425);
#9425 = AXIS2_PLACEMENT_3D('',#9426,#9427,#9428);
#9426 = CARTESIAN_POINT('',(1.,-1.239108604125E-16,4.9));
#9427 = DIRECTION('',(0.,0.,1.));
#9428 = DIRECTION('',(-1.,1.224646799147E-16,0.));
#9429 = ADVANCED_FACE('',(#9430),#9436,.F.);
#9430 = FACE_BOUND('',#9431,.F.);
#9431 = EDGE_LOOP('',(#9432,#9433,#9434,#9435));
#9432 = ORIENTED_EDGE('',*,*,#9418,.F.);
#9433 = ORIENTED_EDGE('',*,*,#9391,.T.);
#9434 = ORIENTED_EDGE('',*,*,#9308,.T.);
#9435 = ORIENTED_EDGE('',*,*,#9055,.F.);
#9436 = PLANE('',#9437);
#9437 = AXIS2_PLACEMENT_3D('',#9438,#9439,#9440);
#9438 = CARTESIAN_POINT('',(0.95,5.E-02,4.9));
#9439 = DIRECTION('',(1.224646799147E-16,1.,0.));
#9440 = DIRECTION('',(-1.,1.224646799147E-16,0.));
#9441 = ADVANCED_FACE('',(#9442),#9448,.F.);
#9442 = FACE_BOUND('',#9443,.F.);
#9443 = EDGE_LOOP('',(#9444,#9445,#9446,#9447));
#9444 = ORIENTED_EDGE('',*,*,#9248,.F.);
#9445 = ORIENTED_EDGE('',*,*,#9167,.T.);
#9446 = ORIENTED_EDGE('',*,*,#9285,.T.);
#9447 = ORIENTED_EDGE('',*,*,#9325,.F.);
#9448 = PLANE('',#9449);
#9449 = AXIS2_PLACEMENT_3D('',#9450,#9451,#9452);
#9450 = CARTESIAN_POINT('',(6.05,5.E-02,4.9));
#9451 = DIRECTION('',(1.224646799147E-16,1.,0.));
#9452 = DIRECTION('',(-1.,1.224646799147E-16,0.));
#9453 = ADVANCED_FACE('',(#9454),#9460,.F.);
#9454 = FACE_BOUND('',#9455,.F.);
#9455 = EDGE_LOOP('',(#9456,#9457,#9458,#9459));
#9456 = ORIENTED_EDGE('',*,*,#9200,.F.);
#9457 = ORIENTED_EDGE('',*,*,#9224,.T.);
#9458 = ORIENTED_EDGE('',*,*,#9278,.T.);
#9459 = ORIENTED_EDGE('',*,*,#9150,.F.);
#9460 = PLANE('',#9461);
#9461 = AXIS2_PLACEMENT_3D('',#9462,#9463,#9464);
#9462 = CARTESIAN_POINT('',(1.05,-5.E-02,4.9));
#9463 = DIRECTION('',(-1.224646799147E-16,-1.,0.));
#9464 = DIRECTION('',(1.,-1.224646799147E-16,0.));
#9465 = ORIENTED_CLOSED_SHELL('',*,#9466,.F.);
#9466 = CLOSED_SHELL('',(#9467,#9500,#9532,#9549,#9576));
#9467 = ADVANCED_FACE('',(#9468),#9495,.T.);
#9468 = FACE_BOUND('',#9469,.T.);
#9469 = EDGE_LOOP('',(#9470,#9481,#9489));
#9470 = ORIENTED_EDGE('',*,*,#9471,.T.);
#9471 = EDGE_CURVE('',#9472,#9474,#9476,.T.);
#9472 = VERTEX_POINT('',#9473);
#9473 = CARTESIAN_POINT('',(2.616789181895,0.669696006639,4.6));
#9474 = VERTEX_POINT('',#9475);
#9475 = CARTESIAN_POINT('',(2.616789181895,-0.669696006639,4.6));
#9476 = CIRCLE('',#9477,1.75);
#9477 = AXIS2_PLACEMENT_3D('',#9478,#9479,#9480);
#9478 = CARTESIAN_POINT('',(1.,0.,4.6));
#9479 = DIRECTION('',(0.,0.,-1.));
#9480 = DIRECTION('',(0.923879532511,0.382683432365,0.));
#9481 = ORIENTED_EDGE('',*,*,#9482,.T.);
#9482 = EDGE_CURVE('',#9474,#9483,#9485,.T.);
#9483 = VERTEX_POINT('',#9484);
#9484 = CARTESIAN_POINT('',(1.,0.,4.6));
#9485 = LINE('',#9486,#9487);
#9486 = CARTESIAN_POINT('',(2.616789181895,-0.669696006639,4.6));
#9487 = VECTOR('',#9488,1.);
#9488 = DIRECTION('',(-0.923879532511,0.382683432365,0.));
#9489 = ORIENTED_EDGE('',*,*,#9490,.F.);
#9490 = EDGE_CURVE('',#9472,#9483,#9491,.T.);
#9491 = LINE('',#9492,#9493);
#9492 = CARTESIAN_POINT('',(2.616789181895,0.669696006639,4.6));
#9493 = VECTOR('',#9494,1.);
#9494 = DIRECTION('',(-0.923879532511,-0.382683432365,0.));
#9495 = PLANE('',#9496);
#9496 = AXIS2_PLACEMENT_3D('',#9497,#9498,#9499);
#9497 = CARTESIAN_POINT('',(1.,0.,4.6));
#9498 = DIRECTION('',(0.,0.,-1.));
#9499 = DIRECTION('',(0.923879532511,0.382683432365,0.));
#9500 = ADVANCED_FACE('',(#9501),#9527,.T.);
#9501 = FACE_BOUND('',#9502,.T.);
#9502 = EDGE_LOOP('',(#9503,#9511,#9520,#9526));
#9503 = ORIENTED_EDGE('',*,*,#9504,.F.);
#9504 = EDGE_CURVE('',#9505,#9472,#9507,.T.);
#9505 = VERTEX_POINT('',#9506);
#9506 = CARTESIAN_POINT('',(2.616789181895,0.669696006639,4.7));
#9507 = LINE('',#9508,#9509);
#9508 = CARTESIAN_POINT('',(2.616789181895,0.669696006639,5.));
#9509 = VECTOR('',#9510,1.);
#9510 = DIRECTION('',(0.,0.,-1.));
#9511 = ORIENTED_EDGE('',*,*,#9512,.F.);
#9512 = EDGE_CURVE('',#9513,#9505,#9515,.T.);
#9513 = VERTEX_POINT('',#9514);
#9514 = CARTESIAN_POINT('',(2.616789181895,-0.669696006639,4.7));
#9515 = CIRCLE('',#9516,1.75);
#9516 = AXIS2_PLACEMENT_3D('',#9517,#9518,#9519);
#9517 = CARTESIAN_POINT('',(1.,0.,4.7));
#9518 = DIRECTION('',(0.,0.,1.));
#9519 = DIRECTION('',(-1.,1.224646799147E-16,0.));
#9520 = ORIENTED_EDGE('',*,*,#9521,.T.);
#9521 = EDGE_CURVE('',#9513,#9474,#9522,.T.);
#9522 = LINE('',#9523,#9524);
#9523 = CARTESIAN_POINT('',(2.616789181895,-0.669696006639,5.));
#9524 = VECTOR('',#9525,1.);
#9525 = DIRECTION('',(0.,0.,-1.));
#9526 = ORIENTED_EDGE('',*,*,#9471,.F.);
#9527 = CYLINDRICAL_SURFACE('',#9528,1.75);
#9528 = AXIS2_PLACEMENT_3D('',#9529,#9530,#9531);
#9529 = CARTESIAN_POINT('',(1.,0.,5.));
#9530 = DIRECTION('',(0.,0.,-1.));
#9531 = DIRECTION('',(0.923879532511,0.382683432365,0.));
#9532 = ADVANCED_FACE('',(#9533),#9544,.T.);
#9533 = FACE_BOUND('',#9534,.T.);
#9534 = EDGE_LOOP('',(#9535,#9542,#9543));
#9535 = ORIENTED_EDGE('',*,*,#9536,.T.);
#9536 = EDGE_CURVE('',#9474,#9472,#9537,.T.);
#9537 = CIRCLE('',#9538,1.75);
#9538 = AXIS2_PLACEMENT_3D('',#9539,#9540,#9541);
#9539 = CARTESIAN_POINT('',(1.,0.,4.6));
#9540 = DIRECTION('',(0.,-0.,-1.));
#9541 = DIRECTION('',(0.923879532511,-0.382683432365,0.));
#9542 = ORIENTED_EDGE('',*,*,#9490,.T.);
#9543 = ORIENTED_EDGE('',*,*,#9482,.F.);
#9544 = PLANE('',#9545);
#9545 = AXIS2_PLACEMENT_3D('',#9546,#9547,#9548);
#9546 = CARTESIAN_POINT('',(1.,0.,4.6));
#9547 = DIRECTION('',(0.,0.,-1.));
#9548 = DIRECTION('',(0.923879532511,-0.382683432365,0.));
#9549 = ADVANCED_FACE('',(#9550),#9571,.T.);
#9550 = FACE_BOUND('',#9551,.T.);
#9551 = EDGE_LOOP('',(#9552,#9553,#9562,#9569,#9570));
#9552 = ORIENTED_EDGE('',*,*,#9521,.F.);
#9553 = ORIENTED_EDGE('',*,*,#9554,.F.);
#9554 = EDGE_CURVE('',#9555,#9513,#9557,.T.);
#9555 = VERTEX_POINT('',#9556);
#9556 = CARTESIAN_POINT('',(-0.75,2.143131898508E-16,4.7));
#9557 = CIRCLE('',#9558,1.75);
#9558 = AXIS2_PLACEMENT_3D('',#9559,#9560,#9561);
#9559 = CARTESIAN_POINT('',(1.,0.,4.7));
#9560 = DIRECTION('',(0.,0.,1.));
#9561 = DIRECTION('',(-1.,1.224646799147E-16,0.));
#9562 = ORIENTED_EDGE('',*,*,#9563,.F.);
#9563 = EDGE_CURVE('',#9505,#9555,#9564,.T.);
#9564 = CIRCLE('',#9565,1.75);
#9565 = AXIS2_PLACEMENT_3D('',#9566,#9567,#9568);
#9566 = CARTESIAN_POINT('',(1.,0.,4.7));
#9567 = DIRECTION('',(0.,0.,1.));
#9568 = DIRECTION('',(-1.,1.224646799147E-16,0.));
#9569 = ORIENTED_EDGE('',*,*,#9504,.T.);
#9570 = ORIENTED_EDGE('',*,*,#9536,.F.);
#9571 = CYLINDRICAL_SURFACE('',#9572,1.75);
#9572 = AXIS2_PLACEMENT_3D('',#9573,#9574,#9575);
#9573 = CARTESIAN_POINT('',(1.,0.,5.));
#9574 = DIRECTION('',(0.,0.,-1.));
#9575 = DIRECTION('',(0.923879532511,-0.382683432365,0.));
#9576 = ADVANCED_FACE('',(#9577),#9582,.T.);
#9577 = FACE_BOUND('',#9578,.T.);
#9578 = EDGE_LOOP('',(#9579,#9580,#9581));
#9579 = ORIENTED_EDGE('',*,*,#9554,.T.);
#9580 = ORIENTED_EDGE('',*,*,#9512,.T.);
#9581 = ORIENTED_EDGE('',*,*,#9563,.T.);
#9582 = PLANE('',#9583);
#9583 = AXIS2_PLACEMENT_3D('',#9584,#9585,#9586);
#9584 = CARTESIAN_POINT('',(1.,-1.239108604125E-16,4.7));
#9585 = DIRECTION('',(0.,0.,1.));
#9586 = DIRECTION('',(-1.,1.224646799147E-16,0.));
#9587 = ( GEOMETRIC_REPRESENTATION_CONTEXT(3) 
GLOBAL_UNCERTAINTY_ASSIGNED_CONTEXT((#9591)) 
GLOBAL_UNIT_ASSIGNED_CONTEXT((#9588,#9589,#9590)) REPRESENTATION_CONTEXT
('Context #1','3D Context with UNIT and UNCERTAINTY') );
#9588 = ( LENGTH_UNIT() NAMED_UNIT(*) SI_UNIT(.MILLI.,.METRE.) );
#9589 = ( NAMED_UNIT(*) PLANE_ANGLE_UNIT() SI_UNIT($,.RADIAN.) );
#9590 = ( NAMED_UNIT(*) SI_UNIT($,.STERADIAN.) SOLID_ANGLE_UNIT() );
#9591 = UNCERTAINTY_MEASURE_WITH_UNIT(LENGTH_MEASURE(2.E-06),#9588,
  'distance_accuracy_value','confusion accuracy');
#9592 = CONTEXT_DEPENDENT_SHAPE_REPRESENTATION(#9593,#9595);
#9593 = ( REPRESENTATION_RELATIONSHIP('','',#7546,#10) 
REPRESENTATION_RELATIONSHIP_WITH_TRANSFORMATION(#9594) 
SHAPE_REPRESENTATION_RELATIONSHIP() );
#9594 = ITEM_DEFINED_TRANSFORMATION('','',#11,#63);
#9595 = PRODUCT_DEFINITION_SHAPE('Placement','Placement of an item',
  #9596);
#9596 = NEXT_ASSEMBLY_USAGE_OCCURRENCE('13','C1','',#5,#7541,$);
#9597 = PRODUCT_RELATED_PRODUCT_CATEGORY('part',$,(#7543));
#9598 = CONTEXT_DEPENDENT_SHAPE_REPRESENTATION(#9599,#9601);
#9599 = ( REPRESENTATION_RELATIONSHIP('','',#782,#10) 
REPRESENTATION_RELATIONSHIP_WITH_TRANSFORMATION(#9600) 
SHAPE_REPRESENTATION_RELATIONSHIP() );
#9600 = ITEM_DEFINED_TRANSFORMATION('','',#11,#67);
#9601 = PRODUCT_DEFINITION_SHAPE('Placement','Placement of an item',
  #9602);
#9602 = NEXT_ASSEMBLY_USAGE_OCCURRENCE('14','D3','',#5,#777,$);
#9603 = CONTEXT_DEPENDENT_SHAPE_REPRESENTATION(#9604,#9606);
#9604 = ( REPRESENTATION_RELATIONSHIP('','',#782,#10) 
REPRESENTATION_RELATIONSHIP_WITH_TRANSFORMATION(#9605) 
SHAPE_REPRESENTATION_RELATIONSHIP() );
#9605 = ITEM_DEFINED_TRANSFORMATION('','',#11,#71);
#9606 = PRODUCT_DEFINITION_SHAPE('Placement','Placement of an item',
  #9607);
#9607 = NEXT_ASSEMBLY_USAGE_OCCURRENCE('15','D6','',#5,#777,$);
#9608 = CONTEXT_DEPENDENT_SHAPE_REPRESENTATION(#9609,#9611);
#9609 = ( REPRESENTATION_RELATIONSHIP('','',#782,#10) 
REPRESENTATION_RELATIONSHIP_WITH_TRANSFORMATION(#9610) 
SHAPE_REPRESENTATION_RELATIONSHIP() );
#9610 = ITEM_DEFINED_TRANSFORMATION('','',#11,#75);
#9611 = PRODUCT_DEFINITION_SHAPE('Placement','Placement of an item',
  #9612);
#9612 = NEXT_ASSEMBLY_USAGE_OCCURRENCE('16','D2','',#5,#777,$);
#9613 = CONTEXT_DEPENDENT_SHAPE_REPRESENTATION(#9614,#9616);
#9614 = ( REPRESENTATION_RELATIONSHIP('','',#782,#10) 
REPRESENTATION_RELATIONSHIP_WITH_TRANSFORMATION(#9615) 
SHAPE_REPRESENTATION_RELATIONSHIP() );
#9615 = ITEM_DEFINED_TRANSFORMATION('','',#11,#79);
#9616 = PRODUCT_DEFINITION_SHAPE('Placement','Placement of an item',
  #9617);
#9617 = NEXT_ASSEMBLY_USAGE_OCCURRENCE('17','D1','',#5,#777,$);
#9618 = SHAPE_DEFINITION_REPRESENTATION(#9619,#9625);
#9619 = PRODUCT_DEFINITION_SHAPE('','',#9620);
#9620 = PRODUCT_DEFINITION('design','',#9621,#9624);
#9621 = PRODUCT_DEFINITION_FORMATION('','',#9622);
#9622 = PRODUCT('blinky_PCB','blinky_PCB','',(#9623));
#9623 = PRODUCT_CONTEXT('',#2,'mechanical');
#9624 = PRODUCT_DEFINITION_CONTEXT('part definition',#2,'design');
#9625 = ADVANCED_BREP_SHAPE_REPRESENTATION('',(#11,#9626),#11863);
#9626 = MANIFOLD_SOLID_BREP('',#9627);
#9627 = CLOSED_SHELL('',(#9628,#9661,#10286,#10911,#10928,#10945,#10962,
    #10979,#10996,#11013,#11030,#11047,#11064,#11081,#11098,#11115,
    #11132,#11149,#11166,#11183,#11200,#11217,#11234,#11251,#11268,
    #11285,#11302,#11319,#11336,#11353,#11370,#11387,#11404,#11421,
    #11438,#11455,#11472,#11489,#11506,#11523,#11540,#11557,#11574,
    #11591,#11608,#11625,#11642,#11659,#11676,#11693,#11710,#11727,
    #11744,#11761,#11778,#11795,#11812,#11829,#11846));
#9628 = ADVANCED_FACE('',(#9629),#9656,.T.);
#9629 = FACE_BOUND('',#9630,.F.);
#9630 = EDGE_LOOP('',(#9631,#9641,#9648,#9649));
#9631 = ORIENTED_EDGE('',*,*,#9632,.T.);
#9632 = EDGE_CURVE('',#9633,#9635,#9637,.T.);
#9633 = VERTEX_POINT('',#9634);
#9634 = CARTESIAN_POINT('',(173.22139,-113.95,0.));
#9635 = VERTEX_POINT('',#9636);
#9636 = CARTESIAN_POINT('',(173.22139,-113.95,1.51));
#9637 = LINE('',#9638,#9639);
#9638 = CARTESIAN_POINT('',(173.22139,-113.95,0.));
#9639 = VECTOR('',#9640,1.);
#9640 = DIRECTION('',(0.,0.,1.));
#9641 = ORIENTED_EDGE('',*,*,#9642,.T.);
#9642 = EDGE_CURVE('',#9635,#9635,#9643,.T.);
#9643 = CIRCLE('',#9644,24.32139);
#9644 = AXIS2_PLACEMENT_3D('',#9645,#9646,#9647);
#9645 = CARTESIAN_POINT('',(148.9,-113.95,1.51));
#9646 = DIRECTION('',(0.,0.,1.));
#9647 = DIRECTION('',(1.,0.,-0.));
#9648 = ORIENTED_EDGE('',*,*,#9632,.F.);
#9649 = ORIENTED_EDGE('',*,*,#9650,.F.);
#9650 = EDGE_CURVE('',#9633,#9633,#9651,.T.);
#9651 = CIRCLE('',#9652,24.32139);
#9652 = AXIS2_PLACEMENT_3D('',#9653,#9654,#9655);
#9653 = CARTESIAN_POINT('',(148.9,-113.95,0.));
#9654 = DIRECTION('',(0.,0.,1.));
#9655 = DIRECTION('',(1.,0.,-0.));
#9656 = CYLINDRICAL_SURFACE('',#9657,24.32139);
#9657 = AXIS2_PLACEMENT_3D('',#9658,#9659,#9660);
#9658 = CARTESIAN_POINT('',(148.9,-113.95,0.));
#9659 = DIRECTION('',(-0.,-0.,-1.));
#9660 = DIRECTION('',(1.,0.,-0.));
#9661 = ADVANCED_FACE('',(#9662,#9665,#9676,#9687,#9698,#9709,#9720,
    #9731,#9742,#9753,#9764,#9775,#9786,#9797,#9808,#9819,#9830,#9841,
    #9852,#9863,#9874,#9885,#9896,#9907,#9918,#9929,#9940,#9951,#9962,
    #9973,#9984,#9995,#10006,#10017,#10028,#10039,#10050,#10061,#10072,
    #10083,#10094,#10105,#10116,#10127,#10138,#10149,#10160,#10171,
    #10182,#10193,#10204,#10215,#10226,#10237,#10248,#10259,#10270),
  #10281,.F.);
#9662 = FACE_BOUND('',#9663,.F.);
#9663 = EDGE_LOOP('',(#9664));
#9664 = ORIENTED_EDGE('',*,*,#9650,.T.);
#9665 = FACE_BOUND('',#9666,.F.);
#9666 = EDGE_LOOP('',(#9667));
#9667 = ORIENTED_EDGE('',*,*,#9668,.T.);
#9668 = EDGE_CURVE('',#9669,#9669,#9671,.T.);
#9669 = VERTEX_POINT('',#9670);
#9670 = CARTESIAN_POINT('',(132.73,-129.05,0.));
#9671 = CIRCLE('',#9672,0.45);
#9672 = AXIS2_PLACEMENT_3D('',#9673,#9674,#9675);
#9673 = CARTESIAN_POINT('',(132.73,-128.6,0.));
#9674 = DIRECTION('',(-0.,0.,-1.));
#9675 = DIRECTION('',(-6.315935428979E-14,-1.,0.));
#9676 = FACE_BOUND('',#9677,.F.);
#9677 = EDGE_LOOP('',(#9678));
#9678 = ORIENTED_EDGE('',*,*,#9679,.T.);
#9679 = EDGE_CURVE('',#9680,#9680,#9682,.T.);
#9680 = VERTEX_POINT('',#9681);
#9681 = CARTESIAN_POINT('',(135.27,-129.05,0.));
#9682 = CIRCLE('',#9683,0.45);
#9683 = AXIS2_PLACEMENT_3D('',#9684,#9685,#9686);
#9684 = CARTESIAN_POINT('',(135.27,-128.6,0.));
#9685 = DIRECTION('',(-0.,0.,-1.));
#9686 = DIRECTION('',(6.315935428978E-14,-1.,-0.));
#9687 = FACE_BOUND('',#9688,.F.);
#9688 = EDGE_LOOP('',(#9689));
#9689 = ORIENTED_EDGE('',*,*,#9690,.T.);
#9690 = EDGE_CURVE('',#9691,#9691,#9693,.T.);
#9691 = VERTEX_POINT('',#9692);
#9692 = CARTESIAN_POINT('',(145.31,-134.8,0.));
#9693 = CIRCLE('',#9694,0.45);
#9694 = AXIS2_PLACEMENT_3D('',#9695,#9696,#9697);
#9695 = CARTESIAN_POINT('',(145.31,-134.35,0.));
#9696 = DIRECTION('',(-0.,0.,-1.));
#9697 = DIRECTION('',(-0.,-1.,0.));
#9698 = FACE_BOUND('',#9699,.F.);
#9699 = EDGE_LOOP('',(#9700));
#9700 = ORIENTED_EDGE('',*,*,#9701,.T.);
#9701 = EDGE_CURVE('',#9702,#9702,#9704,.T.);
#9702 = VERTEX_POINT('',#9703);
#9703 = CARTESIAN_POINT('',(147.85,-134.8,0.));
#9704 = CIRCLE('',#9705,0.45);
#9705 = AXIS2_PLACEMENT_3D('',#9706,#9707,#9708);
#9706 = CARTESIAN_POINT('',(147.85,-134.35,0.));
#9707 = DIRECTION('',(-0.,0.,-1.));
#9708 = DIRECTION('',(-6.315935428979E-14,-1.,0.));
#9709 = FACE_BOUND('',#9710,.F.);
#9710 = EDGE_LOOP('',(#9711));
#9711 = ORIENTED_EDGE('',*,*,#9712,.T.);
#9712 = EDGE_CURVE('',#9713,#9713,#9715,.T.);
#9713 = VERTEX_POINT('',#9714);
#9714 = CARTESIAN_POINT('',(146.59,-128.165,0.));
#9715 = CIRCLE('',#9716,0.4);
#9716 = AXIS2_PLACEMENT_3D('',#9717,#9718,#9719);
#9717 = CARTESIAN_POINT('',(146.59,-127.765,0.));
#9718 = DIRECTION('',(-0.,0.,-1.));
#9719 = DIRECTION('',(-0.,-1.,0.));
#9720 = FACE_BOUND('',#9721,.F.);
#9721 = EDGE_LOOP('',(#9722));
#9722 = ORIENTED_EDGE('',*,*,#9723,.T.);
#9723 = EDGE_CURVE('',#9724,#9724,#9726,.T.);
#9724 = VERTEX_POINT('',#9725);
#9725 = CARTESIAN_POINT('',(133.795,-120.935,0.));
#9726 = CIRCLE('',#9727,0.5);
#9727 = AXIS2_PLACEMENT_3D('',#9728,#9729,#9730);
#9728 = CARTESIAN_POINT('',(133.795,-120.435,0.));
#9729 = DIRECTION('',(-0.,0.,-1.));
#9730 = DIRECTION('',(-0.,-1.,0.));
#9731 = FACE_BOUND('',#9732,.F.);
#9732 = EDGE_LOOP('',(#9733));
#9733 = ORIENTED_EDGE('',*,*,#9734,.T.);
#9734 = EDGE_CURVE('',#9735,#9735,#9737,.T.);
#9735 = VERTEX_POINT('',#9736);
#9736 = CARTESIAN_POINT('',(126.83,-118.4,0.));
#9737 = CIRCLE('',#9738,0.45);
#9738 = AXIS2_PLACEMENT_3D('',#9739,#9740,#9741);
#9739 = CARTESIAN_POINT('',(126.83,-117.95,0.));
#9740 = DIRECTION('',(-0.,0.,-1.));
#9741 = DIRECTION('',(-0.,-1.,0.));
#9742 = FACE_BOUND('',#9743,.F.);
#9743 = EDGE_LOOP('',(#9744));
#9744 = ORIENTED_EDGE('',*,*,#9745,.T.);
#9745 = EDGE_CURVE('',#9746,#9746,#9748,.T.);
#9746 = VERTEX_POINT('',#9747);
#9747 = CARTESIAN_POINT('',(129.37,-118.4,0.));
#9748 = CIRCLE('',#9749,0.45);
#9749 = AXIS2_PLACEMENT_3D('',#9750,#9751,#9752);
#9750 = CARTESIAN_POINT('',(129.37,-117.95,0.));
#9751 = DIRECTION('',(-0.,0.,-1.));
#9752 = DIRECTION('',(-0.,-1.,0.));
#9753 = FACE_BOUND('',#9754,.F.);
#9754 = EDGE_LOOP('',(#9755));
#9755 = ORIENTED_EDGE('',*,*,#9756,.T.);
#9756 = EDGE_CURVE('',#9757,#9757,#9759,.T.);
#9757 = VERTEX_POINT('',#9758);
#9758 = CARTESIAN_POINT('',(133.795,-118.395,0.));
#9759 = CIRCLE('',#9760,0.5);
#9760 = AXIS2_PLACEMENT_3D('',#9761,#9762,#9763);
#9761 = CARTESIAN_POINT('',(133.795,-117.895,0.));
#9762 = DIRECTION('',(-0.,0.,-1.));
#9763 = DIRECTION('',(-0.,-1.,0.));
#9764 = FACE_BOUND('',#9765,.F.);
#9765 = EDGE_LOOP('',(#9766));
#9766 = ORIENTED_EDGE('',*,*,#9767,.T.);
#9767 = EDGE_CURVE('',#9768,#9768,#9770,.T.);
#9768 = VERTEX_POINT('',#9769);
#9769 = CARTESIAN_POINT('',(138.385,-120.935,0.));
#9770 = CIRCLE('',#9771,0.5);
#9771 = AXIS2_PLACEMENT_3D('',#9772,#9773,#9774);
#9772 = CARTESIAN_POINT('',(138.385,-120.435,0.));
#9773 = DIRECTION('',(-0.,0.,-1.));
#9774 = DIRECTION('',(-0.,-1.,0.));
#9775 = FACE_BOUND('',#9776,.F.);
#9776 = EDGE_LOOP('',(#9777));
#9777 = ORIENTED_EDGE('',*,*,#9778,.T.);
#9778 = EDGE_CURVE('',#9779,#9779,#9781,.T.);
#9779 = VERTEX_POINT('',#9780);
#9780 = CARTESIAN_POINT('',(146.59,-120.545,0.));
#9781 = CIRCLE('',#9782,0.4);
#9782 = AXIS2_PLACEMENT_3D('',#9783,#9784,#9785);
#9783 = CARTESIAN_POINT('',(146.59,-120.145,0.));
#9784 = DIRECTION('',(-0.,0.,-1.));
#9785 = DIRECTION('',(-0.,-1.,0.));
#9786 = FACE_BOUND('',#9787,.F.);
#9787 = EDGE_LOOP('',(#9788));
#9788 = ORIENTED_EDGE('',*,*,#9789,.T.);
#9789 = EDGE_CURVE('',#9790,#9790,#9792,.T.);
#9790 = VERTEX_POINT('',#9791);
#9791 = CARTESIAN_POINT('',(138.385,-118.395,0.));
#9792 = CIRCLE('',#9793,0.5);
#9793 = AXIS2_PLACEMENT_3D('',#9794,#9795,#9796);
#9794 = CARTESIAN_POINT('',(138.385,-117.895,0.));
#9795 = DIRECTION('',(-0.,0.,-1.));
#9796 = DIRECTION('',(-0.,-1.,0.));
#9797 = FACE_BOUND('',#9798,.F.);
#9798 = EDGE_LOOP('',(#9799));
#9799 = ORIENTED_EDGE('',*,*,#9800,.T.);
#9800 = EDGE_CURVE('',#9801,#9801,#9803,.T.);
#9801 = VERTEX_POINT('',#9802);
#9802 = CARTESIAN_POINT('',(142.21,-116.8137,0.));
#9803 = CIRCLE('',#9804,0.3937);
#9804 = AXIS2_PLACEMENT_3D('',#9805,#9806,#9807);
#9805 = CARTESIAN_POINT('',(142.21,-116.42,0.));
#9806 = DIRECTION('',(-0.,0.,-1.));
#9807 = DIRECTION('',(-0.,-1.,0.));
#9808 = FACE_BOUND('',#9809,.F.);
#9809 = EDGE_LOOP('',(#9810));
#9810 = ORIENTED_EDGE('',*,*,#9811,.T.);
#9811 = EDGE_CURVE('',#9812,#9812,#9814,.T.);
#9812 = VERTEX_POINT('',#9813);
#9813 = CARTESIAN_POINT('',(144.75,-116.8137,0.));
#9814 = CIRCLE('',#9815,0.3937);
#9815 = AXIS2_PLACEMENT_3D('',#9816,#9817,#9818);
#9816 = CARTESIAN_POINT('',(144.75,-116.42,0.));
#9817 = DIRECTION('',(-0.,0.,-1.));
#9818 = DIRECTION('',(-0.,-1.,0.));
#9819 = FACE_BOUND('',#9820,.F.);
#9820 = EDGE_LOOP('',(#9821));
#9821 = ORIENTED_EDGE('',*,*,#9822,.T.);
#9822 = EDGE_CURVE('',#9823,#9823,#9825,.T.);
#9823 = VERTEX_POINT('',#9824);
#9824 = CARTESIAN_POINT('',(147.29,-116.8137,0.));
#9825 = CIRCLE('',#9826,0.3937);
#9826 = AXIS2_PLACEMENT_3D('',#9827,#9828,#9829);
#9827 = CARTESIAN_POINT('',(147.29,-116.42,0.));
#9828 = DIRECTION('',(-0.,0.,-1.));
#9829 = DIRECTION('',(-0.,-1.,0.));
#9830 = FACE_BOUND('',#9831,.F.);
#9831 = EDGE_LOOP('',(#9832));
#9832 = ORIENTED_EDGE('',*,*,#9833,.T.);
#9833 = EDGE_CURVE('',#9834,#9834,#9836,.T.);
#9834 = VERTEX_POINT('',#9835);
#9835 = CARTESIAN_POINT('',(159.13,-131.95,0.));
#9836 = CIRCLE('',#9837,0.45);
#9837 = AXIS2_PLACEMENT_3D('',#9838,#9839,#9840);
#9838 = CARTESIAN_POINT('',(159.13,-131.5,0.));
#9839 = DIRECTION('',(-0.,0.,-1.));
#9840 = DIRECTION('',(-0.,-1.,0.));
#9841 = FACE_BOUND('',#9842,.F.);
#9842 = EDGE_LOOP('',(#9843));
#9843 = ORIENTED_EDGE('',*,*,#9844,.T.);
#9844 = EDGE_CURVE('',#9845,#9845,#9847,.T.);
#9845 = VERTEX_POINT('',#9846);
#9846 = CARTESIAN_POINT('',(149.13,-128.165,0.));
#9847 = CIRCLE('',#9848,0.4);
#9848 = AXIS2_PLACEMENT_3D('',#9849,#9850,#9851);
#9849 = CARTESIAN_POINT('',(149.13,-127.765,0.));
#9850 = DIRECTION('',(-0.,0.,-1.));
#9851 = DIRECTION('',(-0.,-1.,0.));
#9852 = FACE_BOUND('',#9853,.F.);
#9853 = EDGE_LOOP('',(#9854));
#9854 = ORIENTED_EDGE('',*,*,#9855,.T.);
#9855 = EDGE_CURVE('',#9856,#9856,#9858,.T.);
#9856 = VERTEX_POINT('',#9857);
#9857 = CARTESIAN_POINT('',(151.67,-128.165,0.));
#9858 = CIRCLE('',#9859,0.4);
#9859 = AXIS2_PLACEMENT_3D('',#9860,#9861,#9862);
#9860 = CARTESIAN_POINT('',(151.67,-127.765,0.));
#9861 = DIRECTION('',(-0.,0.,-1.));
#9862 = DIRECTION('',(-7.105427357601E-14,-1.,0.));
#9863 = FACE_BOUND('',#9864,.F.);
#9864 = EDGE_LOOP('',(#9865));
#9865 = ORIENTED_EDGE('',*,*,#9866,.T.);
#9866 = EDGE_CURVE('',#9867,#9867,#9869,.T.);
#9867 = VERTEX_POINT('',#9868);
#9868 = CARTESIAN_POINT('',(154.21,-128.165,0.));
#9869 = CIRCLE('',#9870,0.4);
#9870 = AXIS2_PLACEMENT_3D('',#9871,#9872,#9873);
#9871 = CARTESIAN_POINT('',(154.21,-127.765,0.));
#9872 = DIRECTION('',(-0.,0.,-1.));
#9873 = DIRECTION('',(-0.,-1.,0.));
#9874 = FACE_BOUND('',#9875,.F.);
#9875 = EDGE_LOOP('',(#9876));
#9876 = ORIENTED_EDGE('',*,*,#9877,.T.);
#9877 = EDGE_CURVE('',#9878,#9878,#9880,.T.);
#9878 = VERTEX_POINT('',#9879);
#9879 = CARTESIAN_POINT('',(161.67,-131.95,0.));
#9880 = CIRCLE('',#9881,0.45);
#9881 = AXIS2_PLACEMENT_3D('',#9882,#9883,#9884);
#9882 = CARTESIAN_POINT('',(161.67,-131.5,0.));
#9883 = DIRECTION('',(-0.,0.,-1.));
#9884 = DIRECTION('',(-6.315935428979E-14,-1.,0.));
#9885 = FACE_BOUND('',#9886,.F.);
#9886 = EDGE_LOOP('',(#9887));
#9887 = ORIENTED_EDGE('',*,*,#9888,.T.);
#9888 = EDGE_CURVE('',#9889,#9889,#9891,.T.);
#9889 = VERTEX_POINT('',#9890);
#9890 = CARTESIAN_POINT('',(149.13,-120.545,0.));
#9891 = CIRCLE('',#9892,0.4);
#9892 = AXIS2_PLACEMENT_3D('',#9893,#9894,#9895);
#9893 = CARTESIAN_POINT('',(149.13,-120.145,0.));
#9894 = DIRECTION('',(-0.,0.,-1.));
#9895 = DIRECTION('',(-0.,-1.,0.));
#9896 = FACE_BOUND('',#9897,.F.);
#9897 = EDGE_LOOP('',(#9898));
#9898 = ORIENTED_EDGE('',*,*,#9899,.T.);
#9899 = EDGE_CURVE('',#9900,#9900,#9902,.T.);
#9900 = VERTEX_POINT('',#9901);
#9901 = CARTESIAN_POINT('',(151.67,-120.545,0.));
#9902 = CIRCLE('',#9903,0.4);
#9903 = AXIS2_PLACEMENT_3D('',#9904,#9905,#9906);
#9904 = CARTESIAN_POINT('',(151.67,-120.145,0.));
#9905 = DIRECTION('',(-0.,0.,-1.));
#9906 = DIRECTION('',(-7.105427357601E-14,-1.,0.));
#9907 = FACE_BOUND('',#9908,.F.);
#9908 = EDGE_LOOP('',(#9909));
#9909 = ORIENTED_EDGE('',*,*,#9910,.T.);
#9910 = EDGE_CURVE('',#9911,#9911,#9913,.T.);
#9911 = VERTEX_POINT('',#9912);
#9912 = CARTESIAN_POINT('',(154.21,-120.545,0.));
#9913 = CIRCLE('',#9914,0.4);
#9914 = AXIS2_PLACEMENT_3D('',#9915,#9916,#9917);
#9915 = CARTESIAN_POINT('',(154.21,-120.145,0.));
#9916 = DIRECTION('',(-0.,0.,-1.));
#9917 = DIRECTION('',(-0.,-1.,0.));
#9918 = FACE_BOUND('',#9919,.F.);
#9919 = EDGE_LOOP('',(#9920));
#9920 = ORIENTED_EDGE('',*,*,#9921,.T.);
#9921 = EDGE_CURVE('',#9922,#9922,#9924,.T.);
#9922 = VERTEX_POINT('',#9923);
#9923 = CARTESIAN_POINT('',(149.83,-116.8137,0.));
#9924 = CIRCLE('',#9925,0.3937);
#9925 = AXIS2_PLACEMENT_3D('',#9926,#9927,#9928);
#9926 = CARTESIAN_POINT('',(149.83,-116.42,0.));
#9927 = DIRECTION('',(-0.,0.,-1.));
#9928 = DIRECTION('',(7.219128633579E-14,-1.,-0.));
#9929 = FACE_BOUND('',#9930,.F.);
#9930 = EDGE_LOOP('',(#9931));
#9931 = ORIENTED_EDGE('',*,*,#9932,.T.);
#9932 = EDGE_CURVE('',#9933,#9933,#9935,.T.);
#9933 = VERTEX_POINT('',#9934);
#9934 = CARTESIAN_POINT('',(152.37,-116.8137,0.));
#9935 = CIRCLE('',#9936,0.3937);
#9936 = AXIS2_PLACEMENT_3D('',#9937,#9938,#9939);
#9937 = CARTESIAN_POINT('',(152.37,-116.42,0.));
#9938 = DIRECTION('',(-0.,0.,-1.));
#9939 = DIRECTION('',(-0.,-1.,0.));
#9940 = FACE_BOUND('',#9941,.F.);
#9941 = EDGE_LOOP('',(#9942));
#9942 = ORIENTED_EDGE('',*,*,#9943,.T.);
#9943 = EDGE_CURVE('',#9944,#9944,#9946,.T.);
#9944 = VERTEX_POINT('',#9945);
#9945 = CARTESIAN_POINT('',(154.91,-116.8137,0.));
#9946 = CIRCLE('',#9947,0.3937);
#9947 = AXIS2_PLACEMENT_3D('',#9948,#9949,#9950);
#9948 = CARTESIAN_POINT('',(154.91,-116.42,0.));
#9949 = DIRECTION('',(-0.,0.,-1.));
#9950 = DIRECTION('',(-0.,-1.,0.));
#9951 = FACE_BOUND('',#9952,.F.);
#9952 = EDGE_LOOP('',(#9953));
#9953 = ORIENTED_EDGE('',*,*,#9954,.T.);
#9954 = EDGE_CURVE('',#9955,#9955,#9957,.T.);
#9955 = VERTEX_POINT('',#9956);
#9956 = CARTESIAN_POINT('',(157.45,-116.8137,0.));
#9957 = CIRCLE('',#9958,0.3937);
#9958 = AXIS2_PLACEMENT_3D('',#9959,#9960,#9961);
#9959 = CARTESIAN_POINT('',(157.45,-116.42,0.));
#9960 = DIRECTION('',(-0.,0.,-1.));
#9961 = DIRECTION('',(-0.,-1.,0.));
#9962 = FACE_BOUND('',#9963,.F.);
#9963 = EDGE_LOOP('',(#9964));
#9964 = ORIENTED_EDGE('',*,*,#9965,.T.);
#9965 = EDGE_CURVE('',#9966,#9966,#9968,.T.);
#9966 = VERTEX_POINT('',#9967);
#9967 = CARTESIAN_POINT('',(159.99,-116.8137,0.));
#9968 = CIRCLE('',#9969,0.3937);
#9969 = AXIS2_PLACEMENT_3D('',#9970,#9971,#9972);
#9970 = CARTESIAN_POINT('',(159.99,-116.42,0.));
#9971 = DIRECTION('',(-0.,0.,-1.));
#9972 = DIRECTION('',(-0.,-1.,0.));
#9973 = FACE_BOUND('',#9974,.F.);
#9974 = EDGE_LOOP('',(#9975));
#9975 = ORIENTED_EDGE('',*,*,#9976,.T.);
#9976 = EDGE_CURVE('',#9977,#9977,#9979,.T.);
#9977 = VERTEX_POINT('',#9978);
#9978 = CARTESIAN_POINT('',(167.38,-121.25,0.));
#9979 = CIRCLE('',#9980,0.45);
#9980 = AXIS2_PLACEMENT_3D('',#9981,#9982,#9983);
#9981 = CARTESIAN_POINT('',(167.38,-120.8,0.));
#9982 = DIRECTION('',(-0.,0.,-1.));
#9983 = DIRECTION('',(-0.,-1.,0.));
#9984 = FACE_BOUND('',#9985,.F.);
#9985 = EDGE_LOOP('',(#9986));
#9986 = ORIENTED_EDGE('',*,*,#9987,.T.);
#9987 = EDGE_CURVE('',#9988,#9988,#9990,.T.);
#9988 = VERTEX_POINT('',#9989);
#9989 = CARTESIAN_POINT('',(169.92,-121.25,0.));
#9990 = CIRCLE('',#9991,0.45);
#9991 = AXIS2_PLACEMENT_3D('',#9992,#9993,#9994);
#9992 = CARTESIAN_POINT('',(169.92,-120.8,0.));
#9993 = DIRECTION('',(-0.,0.,-1.));
#9994 = DIRECTION('',(-6.315935428979E-14,-1.,0.));
#9995 = FACE_BOUND('',#9996,.F.);
#9996 = EDGE_LOOP('',(#9997));
#9997 = ORIENTED_EDGE('',*,*,#9998,.T.);
#9998 = EDGE_CURVE('',#9999,#9999,#10001,.T.);
#9999 = VERTEX_POINT('',#10000);
#10000 = CARTESIAN_POINT('',(134.194888,-111.05,0.));
#10001 = CIRCLE('',#10002,0.4);
#10002 = AXIS2_PLACEMENT_3D('',#10003,#10004,#10005);
#10003 = CARTESIAN_POINT('',(134.194888,-110.65,0.));
#10004 = DIRECTION('',(-0.,0.,-1.));
#10005 = DIRECTION('',(-0.,-1.,0.));
#10006 = FACE_BOUND('',#10007,.F.);
#10007 = EDGE_LOOP('',(#10008));
#10008 = ORIENTED_EDGE('',*,*,#10009,.T.);
#10009 = EDGE_CURVE('',#10010,#10010,#10012,.T.);
#10010 = VERTEX_POINT('',#10011);
#10011 = CARTESIAN_POINT('',(136.194888,-111.05,0.));
#10012 = CIRCLE('',#10013,0.4);
#10013 = AXIS2_PLACEMENT_3D('',#10014,#10015,#10016);
#10014 = CARTESIAN_POINT('',(136.194888,-110.65,0.));
#10015 = DIRECTION('',(-0.,0.,-1.));
#10016 = DIRECTION('',(-0.,-1.,0.));
#10017 = FACE_BOUND('',#10018,.F.);
#10018 = EDGE_LOOP('',(#10019));
#10019 = ORIENTED_EDGE('',*,*,#10020,.T.);
#10020 = EDGE_CURVE('',#10021,#10021,#10023,.T.);
#10021 = VERTEX_POINT('',#10022);
#10022 = CARTESIAN_POINT('',(129.71,-104.95,0.));
#10023 = CIRCLE('',#10024,0.45);
#10024 = AXIS2_PLACEMENT_3D('',#10025,#10026,#10027);
#10025 = CARTESIAN_POINT('',(129.71,-104.5,0.));
#10026 = DIRECTION('',(-0.,0.,-1.));
#10027 = DIRECTION('',(6.315935428978E-14,-1.,-0.));
#10028 = FACE_BOUND('',#10029,.F.);
#10029 = EDGE_LOOP('',(#10030));
#10030 = ORIENTED_EDGE('',*,*,#10031,.T.);
#10031 = EDGE_CURVE('',#10032,#10032,#10034,.T.);
#10032 = VERTEX_POINT('',#10033);
#10033 = CARTESIAN_POINT('',(132.25,-104.95,0.));
#10034 = CIRCLE('',#10035,0.45);
#10035 = AXIS2_PLACEMENT_3D('',#10036,#10037,#10038);
#10036 = CARTESIAN_POINT('',(132.25,-104.5,0.));
#10037 = DIRECTION('',(-0.,0.,-1.));
#10038 = DIRECTION('',(-0.,-1.,0.));
#10039 = FACE_BOUND('',#10040,.F.);
#10040 = EDGE_LOOP('',(#10041));
#10041 = ORIENTED_EDGE('',*,*,#10042,.T.);
#10042 = EDGE_CURVE('',#10043,#10043,#10045,.T.);
#10043 = VERTEX_POINT('',#10044);
#10044 = CARTESIAN_POINT('',(142.21,-109.1937,0.));
#10045 = CIRCLE('',#10046,0.3937);
#10046 = AXIS2_PLACEMENT_3D('',#10047,#10048,#10049);
#10047 = CARTESIAN_POINT('',(142.21,-108.8,0.));
#10048 = DIRECTION('',(-0.,0.,-1.));
#10049 = DIRECTION('',(-0.,-1.,0.));
#10050 = FACE_BOUND('',#10051,.F.);
#10051 = EDGE_LOOP('',(#10052));
#10052 = ORIENTED_EDGE('',*,*,#10053,.T.);
#10053 = EDGE_CURVE('',#10054,#10054,#10056,.T.);
#10054 = VERTEX_POINT('',#10055);
#10055 = CARTESIAN_POINT('',(144.75,-109.1937,0.));
#10056 = CIRCLE('',#10057,0.3937);
#10057 = AXIS2_PLACEMENT_3D('',#10058,#10059,#10060);
#10058 = CARTESIAN_POINT('',(144.75,-108.8,0.));
#10059 = DIRECTION('',(-0.,0.,-1.));
#10060 = DIRECTION('',(-0.,-1.,0.));
#10061 = FACE_BOUND('',#10062,.F.);
#10062 = EDGE_LOOP('',(#10063));
#10063 = ORIENTED_EDGE('',*,*,#10064,.T.);
#10064 = EDGE_CURVE('',#10065,#10065,#10067,.T.);
#10065 = VERTEX_POINT('',#10066);
#10066 = CARTESIAN_POINT('',(147.29,-109.1937,0.));
#10067 = CIRCLE('',#10068,0.3937);
#10068 = AXIS2_PLACEMENT_3D('',#10069,#10070,#10071);
#10069 = CARTESIAN_POINT('',(147.29,-108.8,0.));
#10070 = DIRECTION('',(-0.,0.,-1.));
#10071 = DIRECTION('',(-0.,-1.,0.));
#10072 = FACE_BOUND('',#10073,.F.);
#10073 = EDGE_LOOP('',(#10074));
#10074 = ORIENTED_EDGE('',*,*,#10075,.T.);
#10075 = EDGE_CURVE('',#10076,#10076,#10078,.T.);
#10076 = VERTEX_POINT('',#10077);
#10077 = CARTESIAN_POINT('',(145.75,-105.77,0.));
#10078 = CIRCLE('',#10079,0.4);
#10079 = AXIS2_PLACEMENT_3D('',#10080,#10081,#10082);
#10080 = CARTESIAN_POINT('',(145.75,-105.37,0.));
#10081 = DIRECTION('',(-0.,0.,-1.));
#10082 = DIRECTION('',(-0.,-1.,0.));
#10083 = FACE_BOUND('',#10084,.F.);
#10084 = EDGE_LOOP('',(#10085));
#10085 = ORIENTED_EDGE('',*,*,#10086,.T.);
#10086 = EDGE_CURVE('',#10087,#10087,#10089,.T.);
#10087 = VERTEX_POINT('',#10088);
#10088 = CARTESIAN_POINT('',(136.68,-96.75,0.));
#10089 = CIRCLE('',#10090,0.45);
#10090 = AXIS2_PLACEMENT_3D('',#10091,#10092,#10093);
#10091 = CARTESIAN_POINT('',(136.68,-96.3,0.));
#10092 = DIRECTION('',(-0.,0.,-1.));
#10093 = DIRECTION('',(-0.,-1.,0.));
#10094 = FACE_BOUND('',#10095,.F.);
#10095 = EDGE_LOOP('',(#10096));
#10096 = ORIENTED_EDGE('',*,*,#10097,.T.);
#10097 = EDGE_CURVE('',#10098,#10098,#10100,.T.);
#10098 = VERTEX_POINT('',#10099);
#10099 = CARTESIAN_POINT('',(145.75,-98.15,0.));
#10100 = CIRCLE('',#10101,0.4);
#10101 = AXIS2_PLACEMENT_3D('',#10102,#10103,#10104);
#10102 = CARTESIAN_POINT('',(145.75,-97.75,0.));
#10103 = DIRECTION('',(-0.,0.,-1.));
#10104 = DIRECTION('',(-0.,-1.,0.));
#10105 = FACE_BOUND('',#10106,.F.);
#10106 = EDGE_LOOP('',(#10107));
#10107 = ORIENTED_EDGE('',*,*,#10108,.T.);
#10108 = EDGE_CURVE('',#10109,#10109,#10111,.T.);
#10109 = VERTEX_POINT('',#10110);
#10110 = CARTESIAN_POINT('',(139.22,-96.75,0.));
#10111 = CIRCLE('',#10112,0.45);
#10112 = AXIS2_PLACEMENT_3D('',#10113,#10114,#10115);
#10113 = CARTESIAN_POINT('',(139.22,-96.3,0.));
#10114 = DIRECTION('',(-0.,0.,-1.));
#10115 = DIRECTION('',(-0.,-1.,0.));
#10116 = FACE_BOUND('',#10117,.F.);
#10117 = EDGE_LOOP('',(#10118));
#10118 = ORIENTED_EDGE('',*,*,#10119,.T.);
#10119 = EDGE_CURVE('',#10120,#10120,#10122,.T.);
#10120 = VERTEX_POINT('',#10121);
#10121 = CARTESIAN_POINT('',(147.98,-93.15,0.));
#10122 = CIRCLE('',#10123,0.45);
#10123 = AXIS2_PLACEMENT_3D('',#10124,#10125,#10126);
#10124 = CARTESIAN_POINT('',(147.98,-92.7,0.));
#10125 = DIRECTION('',(-0.,0.,-1.));
#10126 = DIRECTION('',(-6.315935428979E-14,-1.,0.));
#10127 = FACE_BOUND('',#10128,.F.);
#10128 = EDGE_LOOP('',(#10129));
#10129 = ORIENTED_EDGE('',*,*,#10130,.T.);
#10130 = EDGE_CURVE('',#10131,#10131,#10133,.T.);
#10131 = VERTEX_POINT('',#10132);
#10132 = CARTESIAN_POINT('',(149.83,-109.1937,0.));
#10133 = CIRCLE('',#10134,0.3937);
#10134 = AXIS2_PLACEMENT_3D('',#10135,#10136,#10137);
#10135 = CARTESIAN_POINT('',(149.83,-108.8,0.));
#10136 = DIRECTION('',(-0.,0.,-1.));
#10137 = DIRECTION('',(7.219128633579E-14,-1.,-0.));
#10138 = FACE_BOUND('',#10139,.F.);
#10139 = EDGE_LOOP('',(#10140));
#10140 = ORIENTED_EDGE('',*,*,#10141,.T.);
#10141 = EDGE_CURVE('',#10142,#10142,#10144,.T.);
#10142 = VERTEX_POINT('',#10143);
#10143 = CARTESIAN_POINT('',(152.37,-109.1937,0.));
#10144 = CIRCLE('',#10145,0.3937);
#10145 = AXIS2_PLACEMENT_3D('',#10146,#10147,#10148);
#10146 = CARTESIAN_POINT('',(152.37,-108.8,0.));
#10147 = DIRECTION('',(-0.,0.,-1.));
#10148 = DIRECTION('',(-0.,-1.,0.));
#10149 = FACE_BOUND('',#10150,.F.);
#10150 = EDGE_LOOP('',(#10151));
#10151 = ORIENTED_EDGE('',*,*,#10152,.T.);
#10152 = EDGE_CURVE('',#10153,#10153,#10155,.T.);
#10153 = VERTEX_POINT('',#10154);
#10154 = CARTESIAN_POINT('',(154.91,-109.1937,0.));
#10155 = CIRCLE('',#10156,0.3937);
#10156 = AXIS2_PLACEMENT_3D('',#10157,#10158,#10159);
#10157 = CARTESIAN_POINT('',(154.91,-108.8,0.));
#10158 = DIRECTION('',(-0.,0.,-1.));
#10159 = DIRECTION('',(-0.,-1.,0.));
#10160 = FACE_BOUND('',#10161,.F.);
#10161 = EDGE_LOOP('',(#10162));
#10162 = ORIENTED_EDGE('',*,*,#10163,.T.);
#10163 = EDGE_CURVE('',#10164,#10164,#10166,.T.);
#10164 = VERTEX_POINT('',#10165);
#10165 = CARTESIAN_POINT('',(157.45,-109.1937,0.));
#10166 = CIRCLE('',#10167,0.3937);
#10167 = AXIS2_PLACEMENT_3D('',#10168,#10169,#10170);
#10168 = CARTESIAN_POINT('',(157.45,-108.8,0.));
#10169 = DIRECTION('',(-0.,0.,-1.));
#10170 = DIRECTION('',(-0.,-1.,0.));
#10171 = FACE_BOUND('',#10172,.F.);
#10172 = EDGE_LOOP('',(#10173));
#10173 = ORIENTED_EDGE('',*,*,#10174,.T.);
#10174 = EDGE_CURVE('',#10175,#10175,#10177,.T.);
#10175 = VERTEX_POINT('',#10176);
#10176 = CARTESIAN_POINT('',(159.99,-109.1937,0.));
#10177 = CIRCLE('',#10178,0.3937);
#10178 = AXIS2_PLACEMENT_3D('',#10179,#10180,#10181);
#10179 = CARTESIAN_POINT('',(159.99,-108.8,0.));
#10180 = DIRECTION('',(-0.,0.,-1.));
#10181 = DIRECTION('',(-0.,-1.,0.));
#10182 = FACE_BOUND('',#10183,.F.);
#10183 = EDGE_LOOP('',(#10184));
#10184 = ORIENTED_EDGE('',*,*,#10185,.T.);
#10185 = EDGE_CURVE('',#10186,#10186,#10188,.T.);
#10186 = VERTEX_POINT('',#10187);
#10187 = CARTESIAN_POINT('',(149.8,-105.77,0.));
#10188 = CIRCLE('',#10189,0.4);
#10189 = AXIS2_PLACEMENT_3D('',#10190,#10191,#10192);
#10190 = CARTESIAN_POINT('',(149.8,-105.37,0.));
#10191 = DIRECTION('',(-0.,0.,-1.));
#10192 = DIRECTION('',(-0.,-1.,0.));
#10193 = FACE_BOUND('',#10194,.F.);
#10194 = EDGE_LOOP('',(#10195));
#10195 = ORIENTED_EDGE('',*,*,#10196,.T.);
#10196 = EDGE_CURVE('',#10197,#10197,#10199,.T.);
#10197 = VERTEX_POINT('',#10198);
#10198 = CARTESIAN_POINT('',(153.85,-105.77,0.));
#10199 = CIRCLE('',#10200,0.4);
#10200 = AXIS2_PLACEMENT_3D('',#10201,#10202,#10203);
#10201 = CARTESIAN_POINT('',(153.85,-105.37,0.));
#10202 = DIRECTION('',(-0.,0.,-1.));
#10203 = DIRECTION('',(-0.,-1.,0.));
#10204 = FACE_BOUND('',#10205,.F.);
#10205 = EDGE_LOOP('',(#10206));
#10206 = ORIENTED_EDGE('',*,*,#10207,.T.);
#10207 = EDGE_CURVE('',#10208,#10208,#10210,.T.);
#10208 = VERTEX_POINT('',#10209);
#10209 = CARTESIAN_POINT('',(168.38,-108.15,0.));
#10210 = CIRCLE('',#10211,0.45);
#10211 = AXIS2_PLACEMENT_3D('',#10212,#10213,#10214);
#10212 = CARTESIAN_POINT('',(168.38,-107.7,0.));
#10213 = DIRECTION('',(-0.,0.,-1.));
#10214 = DIRECTION('',(-0.,-1.,0.));
#10215 = FACE_BOUND('',#10216,.F.);
#10216 = EDGE_LOOP('',(#10217));
#10217 = ORIENTED_EDGE('',*,*,#10218,.T.);
#10218 = EDGE_CURVE('',#10219,#10219,#10221,.T.);
#10219 = VERTEX_POINT('',#10220);
#10220 = CARTESIAN_POINT('',(170.92,-108.15,0.));
#10221 = CIRCLE('',#10222,0.45);
#10222 = AXIS2_PLACEMENT_3D('',#10223,#10224,#10225);
#10223 = CARTESIAN_POINT('',(170.92,-107.7,0.));
#10224 = DIRECTION('',(-0.,0.,-1.));
#10225 = DIRECTION('',(-6.315935428979E-14,-1.,0.));
#10226 = FACE_BOUND('',#10227,.F.);
#10227 = EDGE_LOOP('',(#10228));
#10228 = ORIENTED_EDGE('',*,*,#10229,.T.);
#10229 = EDGE_CURVE('',#10230,#10230,#10232,.T.);
#10230 = VERTEX_POINT('',#10231);
#10231 = CARTESIAN_POINT('',(149.8,-98.15,0.));
#10232 = CIRCLE('',#10233,0.4);
#10233 = AXIS2_PLACEMENT_3D('',#10234,#10235,#10236);
#10234 = CARTESIAN_POINT('',(149.8,-97.75,0.));
#10235 = DIRECTION('',(-0.,0.,-1.));
#10236 = DIRECTION('',(-0.,-1.,0.));
#10237 = FACE_BOUND('',#10238,.F.);
#10238 = EDGE_LOOP('',(#10239));
#10239 = ORIENTED_EDGE('',*,*,#10240,.T.);
#10240 = EDGE_CURVE('',#10241,#10241,#10243,.T.);
#10241 = VERTEX_POINT('',#10242);
#10242 = CARTESIAN_POINT('',(153.85,-98.15,0.));
#10243 = CIRCLE('',#10244,0.4);
#10244 = AXIS2_PLACEMENT_3D('',#10245,#10246,#10247);
#10245 = CARTESIAN_POINT('',(153.85,-97.75,0.));
#10246 = DIRECTION('',(-0.,0.,-1.));
#10247 = DIRECTION('',(-0.,-1.,0.));
#10248 = FACE_BOUND('',#10249,.F.);
#10249 = EDGE_LOOP('',(#10250));
#10250 = ORIENTED_EDGE('',*,*,#10251,.T.);
#10251 = EDGE_CURVE('',#10252,#10252,#10254,.T.);
#10252 = VERTEX_POINT('',#10253);
#10253 = CARTESIAN_POINT('',(150.52,-93.15,0.));
#10254 = CIRCLE('',#10255,0.45);
#10255 = AXIS2_PLACEMENT_3D('',#10256,#10257,#10258);
#10256 = CARTESIAN_POINT('',(150.52,-92.7,0.));
#10257 = DIRECTION('',(-0.,0.,-1.));
#10258 = DIRECTION('',(6.315935428979E-14,-1.,-0.));
#10259 = FACE_BOUND('',#10260,.F.);
#10260 = EDGE_LOOP('',(#10261));
#10261 = ORIENTED_EDGE('',*,*,#10262,.T.);
#10262 = EDGE_CURVE('',#10263,#10263,#10265,.T.);
#10263 = VERTEX_POINT('',#10264);
#10264 = CARTESIAN_POINT('',(160.48,-98.15,0.));
#10265 = CIRCLE('',#10266,0.45);
#10266 = AXIS2_PLACEMENT_3D('',#10267,#10268,#10269);
#10267 = CARTESIAN_POINT('',(160.48,-97.7,0.));
#10268 = DIRECTION('',(-0.,0.,-1.));
#10269 = DIRECTION('',(-6.315935428979E-14,-1.,0.));
#10270 = FACE_BOUND('',#10271,.F.);
#10271 = EDGE_LOOP('',(#10272));
#10272 = ORIENTED_EDGE('',*,*,#10273,.T.);
#10273 = EDGE_CURVE('',#10274,#10274,#10276,.T.);
#10274 = VERTEX_POINT('',#10275);
#10275 = CARTESIAN_POINT('',(163.02,-98.15,0.));
#10276 = CIRCLE('',#10277,0.45);
#10277 = AXIS2_PLACEMENT_3D('',#10278,#10279,#10280);
#10278 = CARTESIAN_POINT('',(163.02,-97.7,0.));
#10279 = DIRECTION('',(-0.,0.,-1.));
#10280 = DIRECTION('',(6.315935428979E-14,-1.,-0.));
#10281 = PLANE('',#10282);
#10282 = AXIS2_PLACEMENT_3D('',#10283,#10284,#10285);
#10283 = CARTESIAN_POINT('',(0.,0.,0.));
#10284 = DIRECTION('',(0.,0.,1.));
#10285 = DIRECTION('',(1.,0.,-0.));
#10286 = ADVANCED_FACE('',(#10287,#10290,#10301,#10312,#10323,#10334,
    #10345,#10356,#10367,#10378,#10389,#10400,#10411,#10422,#10433,
    #10444,#10455,#10466,#10477,#10488,#10499,#10510,#10521,#10532,
    #10543,#10554,#10565,#10576,#10587,#10598,#10609,#10620,#10631,
    #10642,#10653,#10664,#10675,#10686,#10697,#10708,#10719,#10730,
    #10741,#10752,#10763,#10774,#10785,#10796,#10807,#10818,#10829,
    #10840,#10851,#10862,#10873,#10884,#10895),#10906,.T.);
#10287 = FACE_BOUND('',#10288,.T.);
#10288 = EDGE_LOOP('',(#10289));
#10289 = ORIENTED_EDGE('',*,*,#9642,.T.);
#10290 = FACE_BOUND('',#10291,.T.);
#10291 = EDGE_LOOP('',(#10292));
#10292 = ORIENTED_EDGE('',*,*,#10293,.T.);
#10293 = EDGE_CURVE('',#10294,#10294,#10296,.T.);
#10294 = VERTEX_POINT('',#10295);
#10295 = CARTESIAN_POINT('',(132.73,-129.05,1.51));
#10296 = CIRCLE('',#10297,0.45);
#10297 = AXIS2_PLACEMENT_3D('',#10298,#10299,#10300);
#10298 = CARTESIAN_POINT('',(132.73,-128.6,1.51));
#10299 = DIRECTION('',(-0.,0.,-1.));
#10300 = DIRECTION('',(-6.315935428979E-14,-1.,0.));
#10301 = FACE_BOUND('',#10302,.T.);
#10302 = EDGE_LOOP('',(#10303));
#10303 = ORIENTED_EDGE('',*,*,#10304,.T.);
#10304 = EDGE_CURVE('',#10305,#10305,#10307,.T.);
#10305 = VERTEX_POINT('',#10306);
#10306 = CARTESIAN_POINT('',(135.27,-129.05,1.51));
#10307 = CIRCLE('',#10308,0.45);
#10308 = AXIS2_PLACEMENT_3D('',#10309,#10310,#10311);
#10309 = CARTESIAN_POINT('',(135.27,-128.6,1.51));
#10310 = DIRECTION('',(-0.,0.,-1.));
#10311 = DIRECTION('',(6.315935428978E-14,-1.,-0.));
#10312 = FACE_BOUND('',#10313,.T.);
#10313 = EDGE_LOOP('',(#10314));
#10314 = ORIENTED_EDGE('',*,*,#10315,.T.);
#10315 = EDGE_CURVE('',#10316,#10316,#10318,.T.);
#10316 = VERTEX_POINT('',#10317);
#10317 = CARTESIAN_POINT('',(145.31,-134.8,1.51));
#10318 = CIRCLE('',#10319,0.45);
#10319 = AXIS2_PLACEMENT_3D('',#10320,#10321,#10322);
#10320 = CARTESIAN_POINT('',(145.31,-134.35,1.51));
#10321 = DIRECTION('',(-0.,0.,-1.));
#10322 = DIRECTION('',(-0.,-1.,0.));
#10323 = FACE_BOUND('',#10324,.T.);
#10324 = EDGE_LOOP('',(#10325));
#10325 = ORIENTED_EDGE('',*,*,#10326,.T.);
#10326 = EDGE_CURVE('',#10327,#10327,#10329,.T.);
#10327 = VERTEX_POINT('',#10328);
#10328 = CARTESIAN_POINT('',(147.85,-134.8,1.51));
#10329 = CIRCLE('',#10330,0.45);
#10330 = AXIS2_PLACEMENT_3D('',#10331,#10332,#10333);
#10331 = CARTESIAN_POINT('',(147.85,-134.35,1.51));
#10332 = DIRECTION('',(-0.,0.,-1.));
#10333 = DIRECTION('',(-6.315935428979E-14,-1.,0.));
#10334 = FACE_BOUND('',#10335,.T.);
#10335 = EDGE_LOOP('',(#10336));
#10336 = ORIENTED_EDGE('',*,*,#10337,.T.);
#10337 = EDGE_CURVE('',#10338,#10338,#10340,.T.);
#10338 = VERTEX_POINT('',#10339);
#10339 = CARTESIAN_POINT('',(146.59,-128.165,1.51));
#10340 = CIRCLE('',#10341,0.4);
#10341 = AXIS2_PLACEMENT_3D('',#10342,#10343,#10344);
#10342 = CARTESIAN_POINT('',(146.59,-127.765,1.51));
#10343 = DIRECTION('',(-0.,0.,-1.));
#10344 = DIRECTION('',(-0.,-1.,0.));
#10345 = FACE_BOUND('',#10346,.T.);
#10346 = EDGE_LOOP('',(#10347));
#10347 = ORIENTED_EDGE('',*,*,#10348,.T.);
#10348 = EDGE_CURVE('',#10349,#10349,#10351,.T.);
#10349 = VERTEX_POINT('',#10350);
#10350 = CARTESIAN_POINT('',(133.795,-120.935,1.51));
#10351 = CIRCLE('',#10352,0.5);
#10352 = AXIS2_PLACEMENT_3D('',#10353,#10354,#10355);
#10353 = CARTESIAN_POINT('',(133.795,-120.435,1.51));
#10354 = DIRECTION('',(-0.,0.,-1.));
#10355 = DIRECTION('',(-0.,-1.,0.));
#10356 = FACE_BOUND('',#10357,.T.);
#10357 = EDGE_LOOP('',(#10358));
#10358 = ORIENTED_EDGE('',*,*,#10359,.T.);
#10359 = EDGE_CURVE('',#10360,#10360,#10362,.T.);
#10360 = VERTEX_POINT('',#10361);
#10361 = CARTESIAN_POINT('',(126.83,-118.4,1.51));
#10362 = CIRCLE('',#10363,0.45);
#10363 = AXIS2_PLACEMENT_3D('',#10364,#10365,#10366);
#10364 = CARTESIAN_POINT('',(126.83,-117.95,1.51));
#10365 = DIRECTION('',(-0.,0.,-1.));
#10366 = DIRECTION('',(-0.,-1.,0.));
#10367 = FACE_BOUND('',#10368,.T.);
#10368 = EDGE_LOOP('',(#10369));
#10369 = ORIENTED_EDGE('',*,*,#10370,.T.);
#10370 = EDGE_CURVE('',#10371,#10371,#10373,.T.);
#10371 = VERTEX_POINT('',#10372);
#10372 = CARTESIAN_POINT('',(129.37,-118.4,1.51));
#10373 = CIRCLE('',#10374,0.45);
#10374 = AXIS2_PLACEMENT_3D('',#10375,#10376,#10377);
#10375 = CARTESIAN_POINT('',(129.37,-117.95,1.51));
#10376 = DIRECTION('',(-0.,0.,-1.));
#10377 = DIRECTION('',(-0.,-1.,0.));
#10378 = FACE_BOUND('',#10379,.T.);
#10379 = EDGE_LOOP('',(#10380));
#10380 = ORIENTED_EDGE('',*,*,#10381,.T.);
#10381 = EDGE_CURVE('',#10382,#10382,#10384,.T.);
#10382 = VERTEX_POINT('',#10383);
#10383 = CARTESIAN_POINT('',(133.795,-118.395,1.51));
#10384 = CIRCLE('',#10385,0.5);
#10385 = AXIS2_PLACEMENT_3D('',#10386,#10387,#10388);
#10386 = CARTESIAN_POINT('',(133.795,-117.895,1.51));
#10387 = DIRECTION('',(-0.,0.,-1.));
#10388 = DIRECTION('',(-0.,-1.,0.));
#10389 = FACE_BOUND('',#10390,.T.);
#10390 = EDGE_LOOP('',(#10391));
#10391 = ORIENTED_EDGE('',*,*,#10392,.T.);
#10392 = EDGE_CURVE('',#10393,#10393,#10395,.T.);
#10393 = VERTEX_POINT('',#10394);
#10394 = CARTESIAN_POINT('',(138.385,-120.935,1.51));
#10395 = CIRCLE('',#10396,0.5);
#10396 = AXIS2_PLACEMENT_3D('',#10397,#10398,#10399);
#10397 = CARTESIAN_POINT('',(138.385,-120.435,1.51));
#10398 = DIRECTION('',(-0.,0.,-1.));
#10399 = DIRECTION('',(-0.,-1.,0.));
#10400 = FACE_BOUND('',#10401,.T.);
#10401 = EDGE_LOOP('',(#10402));
#10402 = ORIENTED_EDGE('',*,*,#10403,.T.);
#10403 = EDGE_CURVE('',#10404,#10404,#10406,.T.);
#10404 = VERTEX_POINT('',#10405);
#10405 = CARTESIAN_POINT('',(146.59,-120.545,1.51));
#10406 = CIRCLE('',#10407,0.4);
#10407 = AXIS2_PLACEMENT_3D('',#10408,#10409,#10410);
#10408 = CARTESIAN_POINT('',(146.59,-120.145,1.51));
#10409 = DIRECTION('',(-0.,0.,-1.));
#10410 = DIRECTION('',(-0.,-1.,0.));
#10411 = FACE_BOUND('',#10412,.T.);
#10412 = EDGE_LOOP('',(#10413));
#10413 = ORIENTED_EDGE('',*,*,#10414,.T.);
#10414 = EDGE_CURVE('',#10415,#10415,#10417,.T.);
#10415 = VERTEX_POINT('',#10416);
#10416 = CARTESIAN_POINT('',(138.385,-118.395,1.51));
#10417 = CIRCLE('',#10418,0.5);
#10418 = AXIS2_PLACEMENT_3D('',#10419,#10420,#10421);
#10419 = CARTESIAN_POINT('',(138.385,-117.895,1.51));
#10420 = DIRECTION('',(-0.,0.,-1.));
#10421 = DIRECTION('',(-0.,-1.,0.));
#10422 = FACE_BOUND('',#10423,.T.);
#10423 = EDGE_LOOP('',(#10424));
#10424 = ORIENTED_EDGE('',*,*,#10425,.T.);
#10425 = EDGE_CURVE('',#10426,#10426,#10428,.T.);
#10426 = VERTEX_POINT('',#10427);
#10427 = CARTESIAN_POINT('',(142.21,-116.8137,1.51));
#10428 = CIRCLE('',#10429,0.3937);
#10429 = AXIS2_PLACEMENT_3D('',#10430,#10431,#10432);
#10430 = CARTESIAN_POINT('',(142.21,-116.42,1.51));
#10431 = DIRECTION('',(-0.,0.,-1.));
#10432 = DIRECTION('',(-0.,-1.,0.));
#10433 = FACE_BOUND('',#10434,.T.);
#10434 = EDGE_LOOP('',(#10435));
#10435 = ORIENTED_EDGE('',*,*,#10436,.T.);
#10436 = EDGE_CURVE('',#10437,#10437,#10439,.T.);
#10437 = VERTEX_POINT('',#10438);
#10438 = CARTESIAN_POINT('',(144.75,-116.8137,1.51));
#10439 = CIRCLE('',#10440,0.3937);
#10440 = AXIS2_PLACEMENT_3D('',#10441,#10442,#10443);
#10441 = CARTESIAN_POINT('',(144.75,-116.42,1.51));
#10442 = DIRECTION('',(-0.,0.,-1.));
#10443 = DIRECTION('',(-0.,-1.,0.));
#10444 = FACE_BOUND('',#10445,.T.);
#10445 = EDGE_LOOP('',(#10446));
#10446 = ORIENTED_EDGE('',*,*,#10447,.T.);
#10447 = EDGE_CURVE('',#10448,#10448,#10450,.T.);
#10448 = VERTEX_POINT('',#10449);
#10449 = CARTESIAN_POINT('',(147.29,-116.8137,1.51));
#10450 = CIRCLE('',#10451,0.3937);
#10451 = AXIS2_PLACEMENT_3D('',#10452,#10453,#10454);
#10452 = CARTESIAN_POINT('',(147.29,-116.42,1.51));
#10453 = DIRECTION('',(-0.,0.,-1.));
#10454 = DIRECTION('',(-0.,-1.,0.));
#10455 = FACE_BOUND('',#10456,.T.);
#10456 = EDGE_LOOP('',(#10457));
#10457 = ORIENTED_EDGE('',*,*,#10458,.T.);
#10458 = EDGE_CURVE('',#10459,#10459,#10461,.T.);
#10459 = VERTEX_POINT('',#10460);
#10460 = CARTESIAN_POINT('',(159.13,-131.95,1.51));
#10461 = CIRCLE('',#10462,0.45);
#10462 = AXIS2_PLACEMENT_3D('',#10463,#10464,#10465);
#10463 = CARTESIAN_POINT('',(159.13,-131.5,1.51));
#10464 = DIRECTION('',(-0.,0.,-1.));
#10465 = DIRECTION('',(-0.,-1.,0.));
#10466 = FACE_BOUND('',#10467,.T.);
#10467 = EDGE_LOOP('',(#10468));
#10468 = ORIENTED_EDGE('',*,*,#10469,.T.);
#10469 = EDGE_CURVE('',#10470,#10470,#10472,.T.);
#10470 = VERTEX_POINT('',#10471);
#10471 = CARTESIAN_POINT('',(149.13,-128.165,1.51));
#10472 = CIRCLE('',#10473,0.4);
#10473 = AXIS2_PLACEMENT_3D('',#10474,#10475,#10476);
#10474 = CARTESIAN_POINT('',(149.13,-127.765,1.51));
#10475 = DIRECTION('',(-0.,0.,-1.));
#10476 = DIRECTION('',(-0.,-1.,0.));
#10477 = FACE_BOUND('',#10478,.T.);
#10478 = EDGE_LOOP('',(#10479));
#10479 = ORIENTED_EDGE('',*,*,#10480,.T.);
#10480 = EDGE_CURVE('',#10481,#10481,#10483,.T.);
#10481 = VERTEX_POINT('',#10482);
#10482 = CARTESIAN_POINT('',(151.67,-128.165,1.51));
#10483 = CIRCLE('',#10484,0.4);
#10484 = AXIS2_PLACEMENT_3D('',#10485,#10486,#10487);
#10485 = CARTESIAN_POINT('',(151.67,-127.765,1.51));
#10486 = DIRECTION('',(-0.,0.,-1.));
#10487 = DIRECTION('',(-7.105427357601E-14,-1.,0.));
#10488 = FACE_BOUND('',#10489,.T.);
#10489 = EDGE_LOOP('',(#10490));
#10490 = ORIENTED_EDGE('',*,*,#10491,.T.);
#10491 = EDGE_CURVE('',#10492,#10492,#10494,.T.);
#10492 = VERTEX_POINT('',#10493);
#10493 = CARTESIAN_POINT('',(154.21,-128.165,1.51));
#10494 = CIRCLE('',#10495,0.4);
#10495 = AXIS2_PLACEMENT_3D('',#10496,#10497,#10498);
#10496 = CARTESIAN_POINT('',(154.21,-127.765,1.51));
#10497 = DIRECTION('',(-0.,0.,-1.));
#10498 = DIRECTION('',(-0.,-1.,0.));
#10499 = FACE_BOUND('',#10500,.T.);
#10500 = EDGE_LOOP('',(#10501));
#10501 = ORIENTED_EDGE('',*,*,#10502,.T.);
#10502 = EDGE_CURVE('',#10503,#10503,#10505,.T.);
#10503 = VERTEX_POINT('',#10504);
#10504 = CARTESIAN_POINT('',(161.67,-131.95,1.51));
#10505 = CIRCLE('',#10506,0.45);
#10506 = AXIS2_PLACEMENT_3D('',#10507,#10508,#10509);
#10507 = CARTESIAN_POINT('',(161.67,-131.5,1.51));
#10508 = DIRECTION('',(-0.,0.,-1.));
#10509 = DIRECTION('',(-6.315935428979E-14,-1.,0.));
#10510 = FACE_BOUND('',#10511,.T.);
#10511 = EDGE_LOOP('',(#10512));
#10512 = ORIENTED_EDGE('',*,*,#10513,.T.);
#10513 = EDGE_CURVE('',#10514,#10514,#10516,.T.);
#10514 = VERTEX_POINT('',#10515);
#10515 = CARTESIAN_POINT('',(149.13,-120.545,1.51));
#10516 = CIRCLE('',#10517,0.4);
#10517 = AXIS2_PLACEMENT_3D('',#10518,#10519,#10520);
#10518 = CARTESIAN_POINT('',(149.13,-120.145,1.51));
#10519 = DIRECTION('',(-0.,0.,-1.));
#10520 = DIRECTION('',(-0.,-1.,0.));
#10521 = FACE_BOUND('',#10522,.T.);
#10522 = EDGE_LOOP('',(#10523));
#10523 = ORIENTED_EDGE('',*,*,#10524,.T.);
#10524 = EDGE_CURVE('',#10525,#10525,#10527,.T.);
#10525 = VERTEX_POINT('',#10526);
#10526 = CARTESIAN_POINT('',(151.67,-120.545,1.51));
#10527 = CIRCLE('',#10528,0.4);
#10528 = AXIS2_PLACEMENT_3D('',#10529,#10530,#10531);
#10529 = CARTESIAN_POINT('',(151.67,-120.145,1.51));
#10530 = DIRECTION('',(-0.,0.,-1.));
#10531 = DIRECTION('',(-7.105427357601E-14,-1.,0.));
#10532 = FACE_BOUND('',#10533,.T.);
#10533 = EDGE_LOOP('',(#10534));
#10534 = ORIENTED_EDGE('',*,*,#10535,.T.);
#10535 = EDGE_CURVE('',#10536,#10536,#10538,.T.);
#10536 = VERTEX_POINT('',#10537);
#10537 = CARTESIAN_POINT('',(154.21,-120.545,1.51));
#10538 = CIRCLE('',#10539,0.4);
#10539 = AXIS2_PLACEMENT_3D('',#10540,#10541,#10542);
#10540 = CARTESIAN_POINT('',(154.21,-120.145,1.51));
#10541 = DIRECTION('',(-0.,0.,-1.));
#10542 = DIRECTION('',(-0.,-1.,0.));
#10543 = FACE_BOUND('',#10544,.T.);
#10544 = EDGE_LOOP('',(#10545));
#10545 = ORIENTED_EDGE('',*,*,#10546,.T.);
#10546 = EDGE_CURVE('',#10547,#10547,#10549,.T.);
#10547 = VERTEX_POINT('',#10548);
#10548 = CARTESIAN_POINT('',(149.83,-116.8137,1.51));
#10549 = CIRCLE('',#10550,0.3937);
#10550 = AXIS2_PLACEMENT_3D('',#10551,#10552,#10553);
#10551 = CARTESIAN_POINT('',(149.83,-116.42,1.51));
#10552 = DIRECTION('',(-0.,0.,-1.));
#10553 = DIRECTION('',(7.219128633579E-14,-1.,-0.));
#10554 = FACE_BOUND('',#10555,.T.);
#10555 = EDGE_LOOP('',(#10556));
#10556 = ORIENTED_EDGE('',*,*,#10557,.T.);
#10557 = EDGE_CURVE('',#10558,#10558,#10560,.T.);
#10558 = VERTEX_POINT('',#10559);
#10559 = CARTESIAN_POINT('',(152.37,-116.8137,1.51));
#10560 = CIRCLE('',#10561,0.3937);
#10561 = AXIS2_PLACEMENT_3D('',#10562,#10563,#10564);
#10562 = CARTESIAN_POINT('',(152.37,-116.42,1.51));
#10563 = DIRECTION('',(-0.,0.,-1.));
#10564 = DIRECTION('',(-0.,-1.,0.));
#10565 = FACE_BOUND('',#10566,.T.);
#10566 = EDGE_LOOP('',(#10567));
#10567 = ORIENTED_EDGE('',*,*,#10568,.T.);
#10568 = EDGE_CURVE('',#10569,#10569,#10571,.T.);
#10569 = VERTEX_POINT('',#10570);
#10570 = CARTESIAN_POINT('',(154.91,-116.8137,1.51));
#10571 = CIRCLE('',#10572,0.3937);
#10572 = AXIS2_PLACEMENT_3D('',#10573,#10574,#10575);
#10573 = CARTESIAN_POINT('',(154.91,-116.42,1.51));
#10574 = DIRECTION('',(-0.,0.,-1.));
#10575 = DIRECTION('',(-0.,-1.,0.));
#10576 = FACE_BOUND('',#10577,.T.);
#10577 = EDGE_LOOP('',(#10578));
#10578 = ORIENTED_EDGE('',*,*,#10579,.T.);
#10579 = EDGE_CURVE('',#10580,#10580,#10582,.T.);
#10580 = VERTEX_POINT('',#10581);
#10581 = CARTESIAN_POINT('',(157.45,-116.8137,1.51));
#10582 = CIRCLE('',#10583,0.3937);
#10583 = AXIS2_PLACEMENT_3D('',#10584,#10585,#10586);
#10584 = CARTESIAN_POINT('',(157.45,-116.42,1.51));
#10585 = DIRECTION('',(-0.,0.,-1.));
#10586 = DIRECTION('',(-0.,-1.,0.));
#10587 = FACE_BOUND('',#10588,.T.);
#10588 = EDGE_LOOP('',(#10589));
#10589 = ORIENTED_EDGE('',*,*,#10590,.T.);
#10590 = EDGE_CURVE('',#10591,#10591,#10593,.T.);
#10591 = VERTEX_POINT('',#10592);
#10592 = CARTESIAN_POINT('',(159.99,-116.8137,1.51));
#10593 = CIRCLE('',#10594,0.3937);
#10594 = AXIS2_PLACEMENT_3D('',#10595,#10596,#10597);
#10595 = CARTESIAN_POINT('',(159.99,-116.42,1.51));
#10596 = DIRECTION('',(-0.,0.,-1.));
#10597 = DIRECTION('',(-0.,-1.,0.));
#10598 = FACE_BOUND('',#10599,.T.);
#10599 = EDGE_LOOP('',(#10600));
#10600 = ORIENTED_EDGE('',*,*,#10601,.T.);
#10601 = EDGE_CURVE('',#10602,#10602,#10604,.T.);
#10602 = VERTEX_POINT('',#10603);
#10603 = CARTESIAN_POINT('',(167.38,-121.25,1.51));
#10604 = CIRCLE('',#10605,0.45);
#10605 = AXIS2_PLACEMENT_3D('',#10606,#10607,#10608);
#10606 = CARTESIAN_POINT('',(167.38,-120.8,1.51));
#10607 = DIRECTION('',(-0.,0.,-1.));
#10608 = DIRECTION('',(-0.,-1.,0.));
#10609 = FACE_BOUND('',#10610,.T.);
#10610 = EDGE_LOOP('',(#10611));
#10611 = ORIENTED_EDGE('',*,*,#10612,.T.);
#10612 = EDGE_CURVE('',#10613,#10613,#10615,.T.);
#10613 = VERTEX_POINT('',#10614);
#10614 = CARTESIAN_POINT('',(169.92,-121.25,1.51));
#10615 = CIRCLE('',#10616,0.45);
#10616 = AXIS2_PLACEMENT_3D('',#10617,#10618,#10619);
#10617 = CARTESIAN_POINT('',(169.92,-120.8,1.51));
#10618 = DIRECTION('',(-0.,0.,-1.));
#10619 = DIRECTION('',(-6.315935428979E-14,-1.,0.));
#10620 = FACE_BOUND('',#10621,.T.);
#10621 = EDGE_LOOP('',(#10622));
#10622 = ORIENTED_EDGE('',*,*,#10623,.T.);
#10623 = EDGE_CURVE('',#10624,#10624,#10626,.T.);
#10624 = VERTEX_POINT('',#10625);
#10625 = CARTESIAN_POINT('',(134.194888,-111.05,1.51));
#10626 = CIRCLE('',#10627,0.4);
#10627 = AXIS2_PLACEMENT_3D('',#10628,#10629,#10630);
#10628 = CARTESIAN_POINT('',(134.194888,-110.65,1.51));
#10629 = DIRECTION('',(-0.,0.,-1.));
#10630 = DIRECTION('',(-0.,-1.,0.));
#10631 = FACE_BOUND('',#10632,.T.);
#10632 = EDGE_LOOP('',(#10633));
#10633 = ORIENTED_EDGE('',*,*,#10634,.T.);
#10634 = EDGE_CURVE('',#10635,#10635,#10637,.T.);
#10635 = VERTEX_POINT('',#10636);
#10636 = CARTESIAN_POINT('',(136.194888,-111.05,1.51));
#10637 = CIRCLE('',#10638,0.4);
#10638 = AXIS2_PLACEMENT_3D('',#10639,#10640,#10641);
#10639 = CARTESIAN_POINT('',(136.194888,-110.65,1.51));
#10640 = DIRECTION('',(-0.,0.,-1.));
#10641 = DIRECTION('',(-0.,-1.,0.));
#10642 = FACE_BOUND('',#10643,.T.);
#10643 = EDGE_LOOP('',(#10644));
#10644 = ORIENTED_EDGE('',*,*,#10645,.T.);
#10645 = EDGE_CURVE('',#10646,#10646,#10648,.T.);
#10646 = VERTEX_POINT('',#10647);
#10647 = CARTESIAN_POINT('',(129.71,-104.95,1.51));
#10648 = CIRCLE('',#10649,0.45);
#10649 = AXIS2_PLACEMENT_3D('',#10650,#10651,#10652);
#10650 = CARTESIAN_POINT('',(129.71,-104.5,1.51));
#10651 = DIRECTION('',(-0.,0.,-1.));
#10652 = DIRECTION('',(6.315935428978E-14,-1.,-0.));
#10653 = FACE_BOUND('',#10654,.T.);
#10654 = EDGE_LOOP('',(#10655));
#10655 = ORIENTED_EDGE('',*,*,#10656,.T.);
#10656 = EDGE_CURVE('',#10657,#10657,#10659,.T.);
#10657 = VERTEX_POINT('',#10658);
#10658 = CARTESIAN_POINT('',(132.25,-104.95,1.51));
#10659 = CIRCLE('',#10660,0.45);
#10660 = AXIS2_PLACEMENT_3D('',#10661,#10662,#10663);
#10661 = CARTESIAN_POINT('',(132.25,-104.5,1.51));
#10662 = DIRECTION('',(-0.,0.,-1.));
#10663 = DIRECTION('',(-0.,-1.,0.));
#10664 = FACE_BOUND('',#10665,.T.);
#10665 = EDGE_LOOP('',(#10666));
#10666 = ORIENTED_EDGE('',*,*,#10667,.T.);
#10667 = EDGE_CURVE('',#10668,#10668,#10670,.T.);
#10668 = VERTEX_POINT('',#10669);
#10669 = CARTESIAN_POINT('',(142.21,-109.1937,1.51));
#10670 = CIRCLE('',#10671,0.3937);
#10671 = AXIS2_PLACEMENT_3D('',#10672,#10673,#10674);
#10672 = CARTESIAN_POINT('',(142.21,-108.8,1.51));
#10673 = DIRECTION('',(-0.,0.,-1.));
#10674 = DIRECTION('',(-0.,-1.,0.));
#10675 = FACE_BOUND('',#10676,.T.);
#10676 = EDGE_LOOP('',(#10677));
#10677 = ORIENTED_EDGE('',*,*,#10678,.T.);
#10678 = EDGE_CURVE('',#10679,#10679,#10681,.T.);
#10679 = VERTEX_POINT('',#10680);
#10680 = CARTESIAN_POINT('',(144.75,-109.1937,1.51));
#10681 = CIRCLE('',#10682,0.3937);
#10682 = AXIS2_PLACEMENT_3D('',#10683,#10684,#10685);
#10683 = CARTESIAN_POINT('',(144.75,-108.8,1.51));
#10684 = DIRECTION('',(-0.,0.,-1.));
#10685 = DIRECTION('',(-0.,-1.,0.));
#10686 = FACE_BOUND('',#10687,.T.);
#10687 = EDGE_LOOP('',(#10688));
#10688 = ORIENTED_EDGE('',*,*,#10689,.T.);
#10689 = EDGE_CURVE('',#10690,#10690,#10692,.T.);
#10690 = VERTEX_POINT('',#10691);
#10691 = CARTESIAN_POINT('',(147.29,-109.1937,1.51));
#10692 = CIRCLE('',#10693,0.3937);
#10693 = AXIS2_PLACEMENT_3D('',#10694,#10695,#10696);
#10694 = CARTESIAN_POINT('',(147.29,-108.8,1.51));
#10695 = DIRECTION('',(-0.,0.,-1.));
#10696 = DIRECTION('',(-0.,-1.,0.));
#10697 = FACE_BOUND('',#10698,.T.);
#10698 = EDGE_LOOP('',(#10699));
#10699 = ORIENTED_EDGE('',*,*,#10700,.T.);
#10700 = EDGE_CURVE('',#10701,#10701,#10703,.T.);
#10701 = VERTEX_POINT('',#10702);
#10702 = CARTESIAN_POINT('',(145.75,-105.77,1.51));
#10703 = CIRCLE('',#10704,0.4);
#10704 = AXIS2_PLACEMENT_3D('',#10705,#10706,#10707);
#10705 = CARTESIAN_POINT('',(145.75,-105.37,1.51));
#10706 = DIRECTION('',(-0.,0.,-1.));
#10707 = DIRECTION('',(-0.,-1.,0.));
#10708 = FACE_BOUND('',#10709,.T.);
#10709 = EDGE_LOOP('',(#10710));
#10710 = ORIENTED_EDGE('',*,*,#10711,.T.);
#10711 = EDGE_CURVE('',#10712,#10712,#10714,.T.);
#10712 = VERTEX_POINT('',#10713);
#10713 = CARTESIAN_POINT('',(136.68,-96.75,1.51));
#10714 = CIRCLE('',#10715,0.45);
#10715 = AXIS2_PLACEMENT_3D('',#10716,#10717,#10718);
#10716 = CARTESIAN_POINT('',(136.68,-96.3,1.51));
#10717 = DIRECTION('',(-0.,0.,-1.));
#10718 = DIRECTION('',(-0.,-1.,0.));
#10719 = FACE_BOUND('',#10720,.T.);
#10720 = EDGE_LOOP('',(#10721));
#10721 = ORIENTED_EDGE('',*,*,#10722,.T.);
#10722 = EDGE_CURVE('',#10723,#10723,#10725,.T.);
#10723 = VERTEX_POINT('',#10724);
#10724 = CARTESIAN_POINT('',(145.75,-98.15,1.51));
#10725 = CIRCLE('',#10726,0.4);
#10726 = AXIS2_PLACEMENT_3D('',#10727,#10728,#10729);
#10727 = CARTESIAN_POINT('',(145.75,-97.75,1.51));
#10728 = DIRECTION('',(-0.,0.,-1.));
#10729 = DIRECTION('',(-0.,-1.,0.));
#10730 = FACE_BOUND('',#10731,.T.);
#10731 = EDGE_LOOP('',(#10732));
#10732 = ORIENTED_EDGE('',*,*,#10733,.T.);
#10733 = EDGE_CURVE('',#10734,#10734,#10736,.T.);
#10734 = VERTEX_POINT('',#10735);
#10735 = CARTESIAN_POINT('',(139.22,-96.75,1.51));
#10736 = CIRCLE('',#10737,0.45);
#10737 = AXIS2_PLACEMENT_3D('',#10738,#10739,#10740);
#10738 = CARTESIAN_POINT('',(139.22,-96.3,1.51));
#10739 = DIRECTION('',(-0.,0.,-1.));
#10740 = DIRECTION('',(-0.,-1.,0.));
#10741 = FACE_BOUND('',#10742,.T.);
#10742 = EDGE_LOOP('',(#10743));
#10743 = ORIENTED_EDGE('',*,*,#10744,.T.);
#10744 = EDGE_CURVE('',#10745,#10745,#10747,.T.);
#10745 = VERTEX_POINT('',#10746);
#10746 = CARTESIAN_POINT('',(147.98,-93.15,1.51));
#10747 = CIRCLE('',#10748,0.45);
#10748 = AXIS2_PLACEMENT_3D('',#10749,#10750,#10751);
#10749 = CARTESIAN_POINT('',(147.98,-92.7,1.51));
#10750 = DIRECTION('',(-0.,0.,-1.));
#10751 = DIRECTION('',(-6.315935428979E-14,-1.,0.));
#10752 = FACE_BOUND('',#10753,.T.);
#10753 = EDGE_LOOP('',(#10754));
#10754 = ORIENTED_EDGE('',*,*,#10755,.T.);
#10755 = EDGE_CURVE('',#10756,#10756,#10758,.T.);
#10756 = VERTEX_POINT('',#10757);
#10757 = CARTESIAN_POINT('',(149.83,-109.1937,1.51));
#10758 = CIRCLE('',#10759,0.3937);
#10759 = AXIS2_PLACEMENT_3D('',#10760,#10761,#10762);
#10760 = CARTESIAN_POINT('',(149.83,-108.8,1.51));
#10761 = DIRECTION('',(-0.,0.,-1.));
#10762 = DIRECTION('',(7.219128633579E-14,-1.,-0.));
#10763 = FACE_BOUND('',#10764,.T.);
#10764 = EDGE_LOOP('',(#10765));
#10765 = ORIENTED_EDGE('',*,*,#10766,.T.);
#10766 = EDGE_CURVE('',#10767,#10767,#10769,.T.);
#10767 = VERTEX_POINT('',#10768);
#10768 = CARTESIAN_POINT('',(152.37,-109.1937,1.51));
#10769 = CIRCLE('',#10770,0.3937);
#10770 = AXIS2_PLACEMENT_3D('',#10771,#10772,#10773);
#10771 = CARTESIAN_POINT('',(152.37,-108.8,1.51));
#10772 = DIRECTION('',(-0.,0.,-1.));
#10773 = DIRECTION('',(-0.,-1.,0.));
#10774 = FACE_BOUND('',#10775,.T.);
#10775 = EDGE_LOOP('',(#10776));
#10776 = ORIENTED_EDGE('',*,*,#10777,.T.);
#10777 = EDGE_CURVE('',#10778,#10778,#10780,.T.);
#10778 = VERTEX_POINT('',#10779);
#10779 = CARTESIAN_POINT('',(154.91,-109.1937,1.51));
#10780 = CIRCLE('',#10781,0.3937);
#10781 = AXIS2_PLACEMENT_3D('',#10782,#10783,#10784);
#10782 = CARTESIAN_POINT('',(154.91,-108.8,1.51));
#10783 = DIRECTION('',(-0.,0.,-1.));
#10784 = DIRECTION('',(-0.,-1.,0.));
#10785 = FACE_BOUND('',#10786,.T.);
#10786 = EDGE_LOOP('',(#10787));
#10787 = ORIENTED_EDGE('',*,*,#10788,.T.);
#10788 = EDGE_CURVE('',#10789,#10789,#10791,.T.);
#10789 = VERTEX_POINT('',#10790);
#10790 = CARTESIAN_POINT('',(157.45,-109.1937,1.51));
#10791 = CIRCLE('',#10792,0.3937);
#10792 = AXIS2_PLACEMENT_3D('',#10793,#10794,#10795);
#10793 = CARTESIAN_POINT('',(157.45,-108.8,1.51));
#10794 = DIRECTION('',(-0.,0.,-1.));
#10795 = DIRECTION('',(-0.,-1.,0.));
#10796 = FACE_BOUND('',#10797,.T.);
#10797 = EDGE_LOOP('',(#10798));
#10798 = ORIENTED_EDGE('',*,*,#10799,.T.);
#10799 = EDGE_CURVE('',#10800,#10800,#10802,.T.);
#10800 = VERTEX_POINT('',#10801);
#10801 = CARTESIAN_POINT('',(159.99,-109.1937,1.51));
#10802 = CIRCLE('',#10803,0.3937);
#10803 = AXIS2_PLACEMENT_3D('',#10804,#10805,#10806);
#10804 = CARTESIAN_POINT('',(159.99,-108.8,1.51));
#10805 = DIRECTION('',(-0.,0.,-1.));
#10806 = DIRECTION('',(-0.,-1.,0.));
#10807 = FACE_BOUND('',#10808,.T.);
#10808 = EDGE_LOOP('',(#10809));
#10809 = ORIENTED_EDGE('',*,*,#10810,.T.);
#10810 = EDGE_CURVE('',#10811,#10811,#10813,.T.);
#10811 = VERTEX_POINT('',#10812);
#10812 = CARTESIAN_POINT('',(149.8,-105.77,1.51));
#10813 = CIRCLE('',#10814,0.4);
#10814 = AXIS2_PLACEMENT_3D('',#10815,#10816,#10817);
#10815 = CARTESIAN_POINT('',(149.8,-105.37,1.51));
#10816 = DIRECTION('',(-0.,0.,-1.));
#10817 = DIRECTION('',(-0.,-1.,0.));
#10818 = FACE_BOUND('',#10819,.T.);
#10819 = EDGE_LOOP('',(#10820));
#10820 = ORIENTED_EDGE('',*,*,#10821,.T.);
#10821 = EDGE_CURVE('',#10822,#10822,#10824,.T.);
#10822 = VERTEX_POINT('',#10823);
#10823 = CARTESIAN_POINT('',(153.85,-105.77,1.51));
#10824 = CIRCLE('',#10825,0.4);
#10825 = AXIS2_PLACEMENT_3D('',#10826,#10827,#10828);
#10826 = CARTESIAN_POINT('',(153.85,-105.37,1.51));
#10827 = DIRECTION('',(-0.,0.,-1.));
#10828 = DIRECTION('',(-0.,-1.,0.));
#10829 = FACE_BOUND('',#10830,.T.);
#10830 = EDGE_LOOP('',(#10831));
#10831 = ORIENTED_EDGE('',*,*,#10832,.T.);
#10832 = EDGE_CURVE('',#10833,#10833,#10835,.T.);
#10833 = VERTEX_POINT('',#10834);
#10834 = CARTESIAN_POINT('',(168.38,-108.15,1.51));
#10835 = CIRCLE('',#10836,0.45);
#10836 = AXIS2_PLACEMENT_3D('',#10837,#10838,#10839);
#10837 = CARTESIAN_POINT('',(168.38,-107.7,1.51));
#10838 = DIRECTION('',(-0.,0.,-1.));
#10839 = DIRECTION('',(-0.,-1.,0.));
#10840 = FACE_BOUND('',#10841,.T.);
#10841 = EDGE_LOOP('',(#10842));
#10842 = ORIENTED_EDGE('',*,*,#10843,.T.);
#10843 = EDGE_CURVE('',#10844,#10844,#10846,.T.);
#10844 = VERTEX_POINT('',#10845);
#10845 = CARTESIAN_POINT('',(170.92,-108.15,1.51));
#10846 = CIRCLE('',#10847,0.45);
#10847 = AXIS2_PLACEMENT_3D('',#10848,#10849,#10850);
#10848 = CARTESIAN_POINT('',(170.92,-107.7,1.51));
#10849 = DIRECTION('',(-0.,0.,-1.));
#10850 = DIRECTION('',(-6.315935428979E-14,-1.,0.));
#10851 = FACE_BOUND('',#10852,.T.);
#10852 = EDGE_LOOP('',(#10853));
#10853 = ORIENTED_EDGE('',*,*,#10854,.T.);
#10854 = EDGE_CURVE('',#10855,#10855,#10857,.T.);
#10855 = VERTEX_POINT('',#10856);
#10856 = CARTESIAN_POINT('',(149.8,-98.15,1.51));
#10857 = CIRCLE('',#10858,0.4);
#10858 = AXIS2_PLACEMENT_3D('',#10859,#10860,#10861);
#10859 = CARTESIAN_POINT('',(149.8,-97.75,1.51));
#10860 = DIRECTION('',(-0.,0.,-1.));
#10861 = DIRECTION('',(-0.,-1.,0.));
#10862 = FACE_BOUND('',#10863,.T.);
#10863 = EDGE_LOOP('',(#10864));
#10864 = ORIENTED_EDGE('',*,*,#10865,.T.);
#10865 = EDGE_CURVE('',#10866,#10866,#10868,.T.);
#10866 = VERTEX_POINT('',#10867);
#10867 = CARTESIAN_POINT('',(153.85,-98.15,1.51));
#10868 = CIRCLE('',#10869,0.4);
#10869 = AXIS2_PLACEMENT_3D('',#10870,#10871,#10872);
#10870 = CARTESIAN_POINT('',(153.85,-97.75,1.51));
#10871 = DIRECTION('',(-0.,0.,-1.));
#10872 = DIRECTION('',(-0.,-1.,0.));
#10873 = FACE_BOUND('',#10874,.T.);
#10874 = EDGE_LOOP('',(#10875));
#10875 = ORIENTED_EDGE('',*,*,#10876,.T.);
#10876 = EDGE_CURVE('',#10877,#10877,#10879,.T.);
#10877 = VERTEX_POINT('',#10878);
#10878 = CARTESIAN_POINT('',(150.52,-93.15,1.51));
#10879 = CIRCLE('',#10880,0.45);
#10880 = AXIS2_PLACEMENT_3D('',#10881,#10882,#10883);
#10881 = CARTESIAN_POINT('',(150.52,-92.7,1.51));
#10882 = DIRECTION('',(-0.,0.,-1.));
#10883 = DIRECTION('',(6.315935428979E-14,-1.,-0.));
#10884 = FACE_BOUND('',#10885,.T.);
#10885 = EDGE_LOOP('',(#10886));
#10886 = ORIENTED_EDGE('',*,*,#10887,.T.);
#10887 = EDGE_CURVE('',#10888,#10888,#10890,.T.);
#10888 = VERTEX_POINT('',#10889);
#10889 = CARTESIAN_POINT('',(160.48,-98.15,1.51));
#10890 = CIRCLE('',#10891,0.45);
#10891 = AXIS2_PLACEMENT_3D('',#10892,#10893,#10894);
#10892 = CARTESIAN_POINT('',(160.48,-97.7,1.51));
#10893 = DIRECTION('',(-0.,0.,-1.));
#10894 = DIRECTION('',(-6.315935428979E-14,-1.,0.));
#10895 = FACE_BOUND('',#10896,.T.);
#10896 = EDGE_LOOP('',(#10897));
#10897 = ORIENTED_EDGE('',*,*,#10898,.T.);
#10898 = EDGE_CURVE('',#10899,#10899,#10901,.T.);
#10899 = VERTEX_POINT('',#10900);
#10900 = CARTESIAN_POINT('',(163.02,-98.15,1.51));
#10901 = CIRCLE('',#10902,0.45);
#10902 = AXIS2_PLACEMENT_3D('',#10903,#10904,#10905);
#10903 = CARTESIAN_POINT('',(163.02,-97.7,1.51));
#10904 = DIRECTION('',(-0.,0.,-1.));
#10905 = DIRECTION('',(6.315935428979E-14,-1.,-0.));
#10906 = PLANE('',#10907);
#10907 = AXIS2_PLACEMENT_3D('',#10908,#10909,#10910);
#10908 = CARTESIAN_POINT('',(0.,0.,1.51));
#10909 = DIRECTION('',(0.,0.,1.));
#10910 = DIRECTION('',(1.,0.,-0.));
#10911 = ADVANCED_FACE('',(#10912),#10923,.F.);
#10912 = FACE_BOUND('',#10913,.T.);
#10913 = EDGE_LOOP('',(#10914,#10915,#10921,#10922));
#10914 = ORIENTED_EDGE('',*,*,#9668,.T.);
#10915 = ORIENTED_EDGE('',*,*,#10916,.T.);
#10916 = EDGE_CURVE('',#9669,#10294,#10917,.T.);
#10917 = LINE('',#10918,#10919);
#10918 = CARTESIAN_POINT('',(132.73,-129.05,-4.6E-02));
#10919 = VECTOR('',#10920,1.);
#10920 = DIRECTION('',(0.,0.,1.));
#10921 = ORIENTED_EDGE('',*,*,#10293,.F.);
#10922 = ORIENTED_EDGE('',*,*,#10916,.F.);
#10923 = CYLINDRICAL_SURFACE('',#10924,0.45);
#10924 = AXIS2_PLACEMENT_3D('',#10925,#10926,#10927);
#10925 = CARTESIAN_POINT('',(132.73,-128.6,-4.6E-02));
#10926 = DIRECTION('',(-0.,-0.,-1.));
#10927 = DIRECTION('',(-6.315935428979E-14,-1.,0.));
#10928 = ADVANCED_FACE('',(#10929),#10940,.F.);
#10929 = FACE_BOUND('',#10930,.T.);
#10930 = EDGE_LOOP('',(#10931,#10932,#10938,#10939));
#10931 = ORIENTED_EDGE('',*,*,#9679,.T.);
#10932 = ORIENTED_EDGE('',*,*,#10933,.T.);
#10933 = EDGE_CURVE('',#9680,#10305,#10934,.T.);
#10934 = LINE('',#10935,#10936);
#10935 = CARTESIAN_POINT('',(135.27,-129.05,-4.6E-02));
#10936 = VECTOR('',#10937,1.);
#10937 = DIRECTION('',(0.,0.,1.));
#10938 = ORIENTED_EDGE('',*,*,#10304,.F.);
#10939 = ORIENTED_EDGE('',*,*,#10933,.F.);
#10940 = CYLINDRICAL_SURFACE('',#10941,0.45);
#10941 = AXIS2_PLACEMENT_3D('',#10942,#10943,#10944);
#10942 = CARTESIAN_POINT('',(135.27,-128.6,-4.6E-02));
#10943 = DIRECTION('',(-0.,0.,-1.));
#10944 = DIRECTION('',(6.315935428978E-14,-1.,-0.));
#10945 = ADVANCED_FACE('',(#10946),#10957,.F.);
#10946 = FACE_BOUND('',#10947,.T.);
#10947 = EDGE_LOOP('',(#10948,#10949,#10955,#10956));
#10948 = ORIENTED_EDGE('',*,*,#9690,.T.);
#10949 = ORIENTED_EDGE('',*,*,#10950,.T.);
#10950 = EDGE_CURVE('',#9691,#10316,#10951,.T.);
#10951 = LINE('',#10952,#10953);
#10952 = CARTESIAN_POINT('',(145.31,-134.8,-4.6E-02));
#10953 = VECTOR('',#10954,1.);
#10954 = DIRECTION('',(0.,0.,1.));
#10955 = ORIENTED_EDGE('',*,*,#10315,.F.);
#10956 = ORIENTED_EDGE('',*,*,#10950,.F.);
#10957 = CYLINDRICAL_SURFACE('',#10958,0.45);
#10958 = AXIS2_PLACEMENT_3D('',#10959,#10960,#10961);
#10959 = CARTESIAN_POINT('',(145.31,-134.35,-4.6E-02));
#10960 = DIRECTION('',(-0.,-0.,-1.));
#10961 = DIRECTION('',(-0.,-1.,0.));
#10962 = ADVANCED_FACE('',(#10963),#10974,.F.);
#10963 = FACE_BOUND('',#10964,.T.);
#10964 = EDGE_LOOP('',(#10965,#10966,#10972,#10973));
#10965 = ORIENTED_EDGE('',*,*,#9701,.T.);
#10966 = ORIENTED_EDGE('',*,*,#10967,.T.);
#10967 = EDGE_CURVE('',#9702,#10327,#10968,.T.);
#10968 = LINE('',#10969,#10970);
#10969 = CARTESIAN_POINT('',(147.85,-134.8,-4.6E-02));
#10970 = VECTOR('',#10971,1.);
#10971 = DIRECTION('',(0.,0.,1.));
#10972 = ORIENTED_EDGE('',*,*,#10326,.F.);
#10973 = ORIENTED_EDGE('',*,*,#10967,.F.);
#10974 = CYLINDRICAL_SURFACE('',#10975,0.45);
#10975 = AXIS2_PLACEMENT_3D('',#10976,#10977,#10978);
#10976 = CARTESIAN_POINT('',(147.85,-134.35,-4.6E-02));
#10977 = DIRECTION('',(-0.,-0.,-1.));
#10978 = DIRECTION('',(-6.315935428979E-14,-1.,0.));
#10979 = ADVANCED_FACE('',(#10980),#10991,.F.);
#10980 = FACE_BOUND('',#10981,.T.);
#10981 = EDGE_LOOP('',(#10982,#10983,#10989,#10990));
#10982 = ORIENTED_EDGE('',*,*,#9712,.T.);
#10983 = ORIENTED_EDGE('',*,*,#10984,.T.);
#10984 = EDGE_CURVE('',#9713,#10338,#10985,.T.);
#10985 = LINE('',#10986,#10987);
#10986 = CARTESIAN_POINT('',(146.59,-128.165,-4.6E-02));
#10987 = VECTOR('',#10988,1.);
#10988 = DIRECTION('',(0.,0.,1.));
#10989 = ORIENTED_EDGE('',*,*,#10337,.F.);
#10990 = ORIENTED_EDGE('',*,*,#10984,.F.);
#10991 = CYLINDRICAL_SURFACE('',#10992,0.4);
#10992 = AXIS2_PLACEMENT_3D('',#10993,#10994,#10995);
#10993 = CARTESIAN_POINT('',(146.59,-127.765,-4.6E-02));
#10994 = DIRECTION('',(-0.,-0.,-1.));
#10995 = DIRECTION('',(-0.,-1.,0.));
#10996 = ADVANCED_FACE('',(#10997),#11008,.F.);
#10997 = FACE_BOUND('',#10998,.T.);
#10998 = EDGE_LOOP('',(#10999,#11000,#11006,#11007));
#10999 = ORIENTED_EDGE('',*,*,#9723,.T.);
#11000 = ORIENTED_EDGE('',*,*,#11001,.T.);
#11001 = EDGE_CURVE('',#9724,#10349,#11002,.T.);
#11002 = LINE('',#11003,#11004);
#11003 = CARTESIAN_POINT('',(133.795,-120.935,-4.6E-02));
#11004 = VECTOR('',#11005,1.);
#11005 = DIRECTION('',(0.,0.,1.));
#11006 = ORIENTED_EDGE('',*,*,#10348,.F.);
#11007 = ORIENTED_EDGE('',*,*,#11001,.F.);
#11008 = CYLINDRICAL_SURFACE('',#11009,0.5);
#11009 = AXIS2_PLACEMENT_3D('',#11010,#11011,#11012);
#11010 = CARTESIAN_POINT('',(133.795,-120.435,-4.6E-02));
#11011 = DIRECTION('',(-0.,-0.,-1.));
#11012 = DIRECTION('',(-0.,-1.,0.));
#11013 = ADVANCED_FACE('',(#11014),#11025,.F.);
#11014 = FACE_BOUND('',#11015,.T.);
#11015 = EDGE_LOOP('',(#11016,#11017,#11023,#11024));
#11016 = ORIENTED_EDGE('',*,*,#9734,.T.);
#11017 = ORIENTED_EDGE('',*,*,#11018,.T.);
#11018 = EDGE_CURVE('',#9735,#10360,#11019,.T.);
#11019 = LINE('',#11020,#11021);
#11020 = CARTESIAN_POINT('',(126.83,-118.4,-4.6E-02));
#11021 = VECTOR('',#11022,1.);
#11022 = DIRECTION('',(0.,0.,1.));
#11023 = ORIENTED_EDGE('',*,*,#10359,.F.);
#11024 = ORIENTED_EDGE('',*,*,#11018,.F.);
#11025 = CYLINDRICAL_SURFACE('',#11026,0.45);
#11026 = AXIS2_PLACEMENT_3D('',#11027,#11028,#11029);
#11027 = CARTESIAN_POINT('',(126.83,-117.95,-4.6E-02));
#11028 = DIRECTION('',(-0.,-0.,-1.));
#11029 = DIRECTION('',(-0.,-1.,0.));
#11030 = ADVANCED_FACE('',(#11031),#11042,.F.);
#11031 = FACE_BOUND('',#11032,.T.);
#11032 = EDGE_LOOP('',(#11033,#11034,#11040,#11041));
#11033 = ORIENTED_EDGE('',*,*,#9745,.T.);
#11034 = ORIENTED_EDGE('',*,*,#11035,.T.);
#11035 = EDGE_CURVE('',#9746,#10371,#11036,.T.);
#11036 = LINE('',#11037,#11038);
#11037 = CARTESIAN_POINT('',(129.37,-118.4,-4.6E-02));
#11038 = VECTOR('',#11039,1.);
#11039 = DIRECTION('',(0.,0.,1.));
#11040 = ORIENTED_EDGE('',*,*,#10370,.F.);
#11041 = ORIENTED_EDGE('',*,*,#11035,.F.);
#11042 = CYLINDRICAL_SURFACE('',#11043,0.45);
#11043 = AXIS2_PLACEMENT_3D('',#11044,#11045,#11046);
#11044 = CARTESIAN_POINT('',(129.37,-117.95,-4.6E-02));
#11045 = DIRECTION('',(-0.,-0.,-1.));
#11046 = DIRECTION('',(-0.,-1.,0.));
#11047 = ADVANCED_FACE('',(#11048),#11059,.F.);
#11048 = FACE_BOUND('',#11049,.T.);
#11049 = EDGE_LOOP('',(#11050,#11051,#11057,#11058));
#11050 = ORIENTED_EDGE('',*,*,#9756,.T.);
#11051 = ORIENTED_EDGE('',*,*,#11052,.T.);
#11052 = EDGE_CURVE('',#9757,#10382,#11053,.T.);
#11053 = LINE('',#11054,#11055);
#11054 = CARTESIAN_POINT('',(133.795,-118.395,-4.6E-02));
#11055 = VECTOR('',#11056,1.);
#11056 = DIRECTION('',(0.,0.,1.));
#11057 = ORIENTED_EDGE('',*,*,#10381,.F.);
#11058 = ORIENTED_EDGE('',*,*,#11052,.F.);
#11059 = CYLINDRICAL_SURFACE('',#11060,0.5);
#11060 = AXIS2_PLACEMENT_3D('',#11061,#11062,#11063);
#11061 = CARTESIAN_POINT('',(133.795,-117.895,-4.6E-02));
#11062 = DIRECTION('',(-0.,-0.,-1.));
#11063 = DIRECTION('',(-0.,-1.,0.));
#11064 = ADVANCED_FACE('',(#11065),#11076,.F.);
#11065 = FACE_BOUND('',#11066,.T.);
#11066 = EDGE_LOOP('',(#11067,#11068,#11074,#11075));
#11067 = ORIENTED_EDGE('',*,*,#9767,.T.);
#11068 = ORIENTED_EDGE('',*,*,#11069,.T.);
#11069 = EDGE_CURVE('',#9768,#10393,#11070,.T.);
#11070 = LINE('',#11071,#11072);
#11071 = CARTESIAN_POINT('',(138.385,-120.935,-4.6E-02));
#11072 = VECTOR('',#11073,1.);
#11073 = DIRECTION('',(0.,0.,1.));
#11074 = ORIENTED_EDGE('',*,*,#10392,.F.);
#11075 = ORIENTED_EDGE('',*,*,#11069,.F.);
#11076 = CYLINDRICAL_SURFACE('',#11077,0.5);
#11077 = AXIS2_PLACEMENT_3D('',#11078,#11079,#11080);
#11078 = CARTESIAN_POINT('',(138.385,-120.435,-4.6E-02));
#11079 = DIRECTION('',(-0.,-0.,-1.));
#11080 = DIRECTION('',(-0.,-1.,0.));
#11081 = ADVANCED_FACE('',(#11082),#11093,.F.);
#11082 = FACE_BOUND('',#11083,.T.);
#11083 = EDGE_LOOP('',(#11084,#11085,#11091,#11092));
#11084 = ORIENTED_EDGE('',*,*,#9778,.T.);
#11085 = ORIENTED_EDGE('',*,*,#11086,.T.);
#11086 = EDGE_CURVE('',#9779,#10404,#11087,.T.);
#11087 = LINE('',#11088,#11089);
#11088 = CARTESIAN_POINT('',(146.59,-120.545,-4.6E-02));
#11089 = VECTOR('',#11090,1.);
#11090 = DIRECTION('',(0.,0.,1.));
#11091 = ORIENTED_EDGE('',*,*,#10403,.F.);
#11092 = ORIENTED_EDGE('',*,*,#11086,.F.);
#11093 = CYLINDRICAL_SURFACE('',#11094,0.4);
#11094 = AXIS2_PLACEMENT_3D('',#11095,#11096,#11097);
#11095 = CARTESIAN_POINT('',(146.59,-120.145,-4.6E-02));
#11096 = DIRECTION('',(-0.,-0.,-1.));
#11097 = DIRECTION('',(-0.,-1.,0.));
#11098 = ADVANCED_FACE('',(#11099),#11110,.F.);
#11099 = FACE_BOUND('',#11100,.T.);
#11100 = EDGE_LOOP('',(#11101,#11102,#11108,#11109));
#11101 = ORIENTED_EDGE('',*,*,#9789,.T.);
#11102 = ORIENTED_EDGE('',*,*,#11103,.T.);
#11103 = EDGE_CURVE('',#9790,#10415,#11104,.T.);
#11104 = LINE('',#11105,#11106);
#11105 = CARTESIAN_POINT('',(138.385,-118.395,-4.6E-02));
#11106 = VECTOR('',#11107,1.);
#11107 = DIRECTION('',(0.,0.,1.));
#11108 = ORIENTED_EDGE('',*,*,#10414,.F.);
#11109 = ORIENTED_EDGE('',*,*,#11103,.F.);
#11110 = CYLINDRICAL_SURFACE('',#11111,0.5);
#11111 = AXIS2_PLACEMENT_3D('',#11112,#11113,#11114);
#11112 = CARTESIAN_POINT('',(138.385,-117.895,-4.6E-02));
#11113 = DIRECTION('',(-0.,-0.,-1.));
#11114 = DIRECTION('',(-0.,-1.,0.));
#11115 = ADVANCED_FACE('',(#11116),#11127,.F.);
#11116 = FACE_BOUND('',#11117,.T.);
#11117 = EDGE_LOOP('',(#11118,#11119,#11125,#11126));
#11118 = ORIENTED_EDGE('',*,*,#9800,.T.);
#11119 = ORIENTED_EDGE('',*,*,#11120,.T.);
#11120 = EDGE_CURVE('',#9801,#10426,#11121,.T.);
#11121 = LINE('',#11122,#11123);
#11122 = CARTESIAN_POINT('',(142.21,-116.8137,-4.6E-02));
#11123 = VECTOR('',#11124,1.);
#11124 = DIRECTION('',(0.,0.,1.));
#11125 = ORIENTED_EDGE('',*,*,#10425,.F.);
#11126 = ORIENTED_EDGE('',*,*,#11120,.F.);
#11127 = CYLINDRICAL_SURFACE('',#11128,0.3937);
#11128 = AXIS2_PLACEMENT_3D('',#11129,#11130,#11131);
#11129 = CARTESIAN_POINT('',(142.21,-116.42,-4.6E-02));
#11130 = DIRECTION('',(-0.,-0.,-1.));
#11131 = DIRECTION('',(-0.,-1.,0.));
#11132 = ADVANCED_FACE('',(#11133),#11144,.F.);
#11133 = FACE_BOUND('',#11134,.T.);
#11134 = EDGE_LOOP('',(#11135,#11136,#11142,#11143));
#11135 = ORIENTED_EDGE('',*,*,#9811,.T.);
#11136 = ORIENTED_EDGE('',*,*,#11137,.T.);
#11137 = EDGE_CURVE('',#9812,#10437,#11138,.T.);
#11138 = LINE('',#11139,#11140);
#11139 = CARTESIAN_POINT('',(144.75,-116.8137,-4.6E-02));
#11140 = VECTOR('',#11141,1.);
#11141 = DIRECTION('',(0.,0.,1.));
#11142 = ORIENTED_EDGE('',*,*,#10436,.F.);
#11143 = ORIENTED_EDGE('',*,*,#11137,.F.);
#11144 = CYLINDRICAL_SURFACE('',#11145,0.3937);
#11145 = AXIS2_PLACEMENT_3D('',#11146,#11147,#11148);
#11146 = CARTESIAN_POINT('',(144.75,-116.42,-4.6E-02));
#11147 = DIRECTION('',(-0.,-0.,-1.));
#11148 = DIRECTION('',(-0.,-1.,0.));
#11149 = ADVANCED_FACE('',(#11150),#11161,.F.);
#11150 = FACE_BOUND('',#11151,.T.);
#11151 = EDGE_LOOP('',(#11152,#11153,#11159,#11160));
#11152 = ORIENTED_EDGE('',*,*,#9822,.T.);
#11153 = ORIENTED_EDGE('',*,*,#11154,.T.);
#11154 = EDGE_CURVE('',#9823,#10448,#11155,.T.);
#11155 = LINE('',#11156,#11157);
#11156 = CARTESIAN_POINT('',(147.29,-116.8137,-4.6E-02));
#11157 = VECTOR('',#11158,1.);
#11158 = DIRECTION('',(0.,0.,1.));
#11159 = ORIENTED_EDGE('',*,*,#10447,.F.);
#11160 = ORIENTED_EDGE('',*,*,#11154,.F.);
#11161 = CYLINDRICAL_SURFACE('',#11162,0.3937);
#11162 = AXIS2_PLACEMENT_3D('',#11163,#11164,#11165);
#11163 = CARTESIAN_POINT('',(147.29,-116.42,-4.6E-02));
#11164 = DIRECTION('',(-0.,-0.,-1.));
#11165 = DIRECTION('',(-0.,-1.,0.));
#11166 = ADVANCED_FACE('',(#11167),#11178,.F.);
#11167 = FACE_BOUND('',#11168,.T.);
#11168 = EDGE_LOOP('',(#11169,#11170,#11176,#11177));
#11169 = ORIENTED_EDGE('',*,*,#9833,.T.);
#11170 = ORIENTED_EDGE('',*,*,#11171,.T.);
#11171 = EDGE_CURVE('',#9834,#10459,#11172,.T.);
#11172 = LINE('',#11173,#11174);
#11173 = CARTESIAN_POINT('',(159.13,-131.95,-4.6E-02));
#11174 = VECTOR('',#11175,1.);
#11175 = DIRECTION('',(0.,0.,1.));
#11176 = ORIENTED_EDGE('',*,*,#10458,.F.);
#11177 = ORIENTED_EDGE('',*,*,#11171,.F.);
#11178 = CYLINDRICAL_SURFACE('',#11179,0.45);
#11179 = AXIS2_PLACEMENT_3D('',#11180,#11181,#11182);
#11180 = CARTESIAN_POINT('',(159.13,-131.5,-4.6E-02));
#11181 = DIRECTION('',(-0.,-0.,-1.));
#11182 = DIRECTION('',(-0.,-1.,0.));
#11183 = ADVANCED_FACE('',(#11184),#11195,.F.);
#11184 = FACE_BOUND('',#11185,.T.);
#11185 = EDGE_LOOP('',(#11186,#11187,#11193,#11194));
#11186 = ORIENTED_EDGE('',*,*,#9844,.T.);
#11187 = ORIENTED_EDGE('',*,*,#11188,.T.);
#11188 = EDGE_CURVE('',#9845,#10470,#11189,.T.);
#11189 = LINE('',#11190,#11191);
#11190 = CARTESIAN_POINT('',(149.13,-128.165,-4.6E-02));
#11191 = VECTOR('',#11192,1.);
#11192 = DIRECTION('',(0.,0.,1.));
#11193 = ORIENTED_EDGE('',*,*,#10469,.F.);
#11194 = ORIENTED_EDGE('',*,*,#11188,.F.);
#11195 = CYLINDRICAL_SURFACE('',#11196,0.4);
#11196 = AXIS2_PLACEMENT_3D('',#11197,#11198,#11199);
#11197 = CARTESIAN_POINT('',(149.13,-127.765,-4.6E-02));
#11198 = DIRECTION('',(-0.,-0.,-1.));
#11199 = DIRECTION('',(-0.,-1.,0.));
#11200 = ADVANCED_FACE('',(#11201),#11212,.F.);
#11201 = FACE_BOUND('',#11202,.T.);
#11202 = EDGE_LOOP('',(#11203,#11204,#11210,#11211));
#11203 = ORIENTED_EDGE('',*,*,#9855,.T.);
#11204 = ORIENTED_EDGE('',*,*,#11205,.T.);
#11205 = EDGE_CURVE('',#9856,#10481,#11206,.T.);
#11206 = LINE('',#11207,#11208);
#11207 = CARTESIAN_POINT('',(151.67,-128.165,-4.6E-02));
#11208 = VECTOR('',#11209,1.);
#11209 = DIRECTION('',(0.,0.,1.));
#11210 = ORIENTED_EDGE('',*,*,#10480,.F.);
#11211 = ORIENTED_EDGE('',*,*,#11205,.F.);
#11212 = CYLINDRICAL_SURFACE('',#11213,0.4);
#11213 = AXIS2_PLACEMENT_3D('',#11214,#11215,#11216);
#11214 = CARTESIAN_POINT('',(151.67,-127.765,-4.6E-02));
#11215 = DIRECTION('',(-0.,-0.,-1.));
#11216 = DIRECTION('',(-7.105427357601E-14,-1.,0.));
#11217 = ADVANCED_FACE('',(#11218),#11229,.F.);
#11218 = FACE_BOUND('',#11219,.T.);
#11219 = EDGE_LOOP('',(#11220,#11221,#11227,#11228));
#11220 = ORIENTED_EDGE('',*,*,#9866,.T.);
#11221 = ORIENTED_EDGE('',*,*,#11222,.T.);
#11222 = EDGE_CURVE('',#9867,#10492,#11223,.T.);
#11223 = LINE('',#11224,#11225);
#11224 = CARTESIAN_POINT('',(154.21,-128.165,-4.6E-02));
#11225 = VECTOR('',#11226,1.);
#11226 = DIRECTION('',(0.,0.,1.));
#11227 = ORIENTED_EDGE('',*,*,#10491,.F.);
#11228 = ORIENTED_EDGE('',*,*,#11222,.F.);
#11229 = CYLINDRICAL_SURFACE('',#11230,0.4);
#11230 = AXIS2_PLACEMENT_3D('',#11231,#11232,#11233);
#11231 = CARTESIAN_POINT('',(154.21,-127.765,-4.6E-02));
#11232 = DIRECTION('',(-0.,-0.,-1.));
#11233 = DIRECTION('',(-0.,-1.,0.));
#11234 = ADVANCED_FACE('',(#11235),#11246,.F.);
#11235 = FACE_BOUND('',#11236,.T.);
#11236 = EDGE_LOOP('',(#11237,#11238,#11244,#11245));
#11237 = ORIENTED_EDGE('',*,*,#9877,.T.);
#11238 = ORIENTED_EDGE('',*,*,#11239,.T.);
#11239 = EDGE_CURVE('',#9878,#10503,#11240,.T.);
#11240 = LINE('',#11241,#11242);
#11241 = CARTESIAN_POINT('',(161.67,-131.95,-4.6E-02));
#11242 = VECTOR('',#11243,1.);
#11243 = DIRECTION('',(0.,0.,1.));
#11244 = ORIENTED_EDGE('',*,*,#10502,.F.);
#11245 = ORIENTED_EDGE('',*,*,#11239,.F.);
#11246 = CYLINDRICAL_SURFACE('',#11247,0.45);
#11247 = AXIS2_PLACEMENT_3D('',#11248,#11249,#11250);
#11248 = CARTESIAN_POINT('',(161.67,-131.5,-4.6E-02));
#11249 = DIRECTION('',(-0.,-0.,-1.));
#11250 = DIRECTION('',(-6.315935428979E-14,-1.,0.));
#11251 = ADVANCED_FACE('',(#11252),#11263,.F.);
#11252 = FACE_BOUND('',#11253,.T.);
#11253 = EDGE_LOOP('',(#11254,#11255,#11261,#11262));
#11254 = ORIENTED_EDGE('',*,*,#9888,.T.);
#11255 = ORIENTED_EDGE('',*,*,#11256,.T.);
#11256 = EDGE_CURVE('',#9889,#10514,#11257,.T.);
#11257 = LINE('',#11258,#11259);
#11258 = CARTESIAN_POINT('',(149.13,-120.545,-4.6E-02));
#11259 = VECTOR('',#11260,1.);
#11260 = DIRECTION('',(0.,0.,1.));
#11261 = ORIENTED_EDGE('',*,*,#10513,.F.);
#11262 = ORIENTED_EDGE('',*,*,#11256,.F.);
#11263 = CYLINDRICAL_SURFACE('',#11264,0.4);
#11264 = AXIS2_PLACEMENT_3D('',#11265,#11266,#11267);
#11265 = CARTESIAN_POINT('',(149.13,-120.145,-4.6E-02));
#11266 = DIRECTION('',(-0.,-0.,-1.));
#11267 = DIRECTION('',(-0.,-1.,0.));
#11268 = ADVANCED_FACE('',(#11269),#11280,.F.);
#11269 = FACE_BOUND('',#11270,.T.);
#11270 = EDGE_LOOP('',(#11271,#11272,#11278,#11279));
#11271 = ORIENTED_EDGE('',*,*,#9899,.T.);
#11272 = ORIENTED_EDGE('',*,*,#11273,.T.);
#11273 = EDGE_CURVE('',#9900,#10525,#11274,.T.);
#11274 = LINE('',#11275,#11276);
#11275 = CARTESIAN_POINT('',(151.67,-120.545,-4.6E-02));
#11276 = VECTOR('',#11277,1.);
#11277 = DIRECTION('',(0.,0.,1.));
#11278 = ORIENTED_EDGE('',*,*,#10524,.F.);
#11279 = ORIENTED_EDGE('',*,*,#11273,.F.);
#11280 = CYLINDRICAL_SURFACE('',#11281,0.4);
#11281 = AXIS2_PLACEMENT_3D('',#11282,#11283,#11284);
#11282 = CARTESIAN_POINT('',(151.67,-120.145,-4.6E-02));
#11283 = DIRECTION('',(-0.,-0.,-1.));
#11284 = DIRECTION('',(-7.105427357601E-14,-1.,0.));
#11285 = ADVANCED_FACE('',(#11286),#11297,.F.);
#11286 = FACE_BOUND('',#11287,.T.);
#11287 = EDGE_LOOP('',(#11288,#11289,#11295,#11296));
#11288 = ORIENTED_EDGE('',*,*,#9910,.T.);
#11289 = ORIENTED_EDGE('',*,*,#11290,.T.);
#11290 = EDGE_CURVE('',#9911,#10536,#11291,.T.);
#11291 = LINE('',#11292,#11293);
#11292 = CARTESIAN_POINT('',(154.21,-120.545,-4.6E-02));
#11293 = VECTOR('',#11294,1.);
#11294 = DIRECTION('',(0.,0.,1.));
#11295 = ORIENTED_EDGE('',*,*,#10535,.F.);
#11296 = ORIENTED_EDGE('',*,*,#11290,.F.);
#11297 = CYLINDRICAL_SURFACE('',#11298,0.4);
#11298 = AXIS2_PLACEMENT_3D('',#11299,#11300,#11301);
#11299 = CARTESIAN_POINT('',(154.21,-120.145,-4.6E-02));
#11300 = DIRECTION('',(-0.,-0.,-1.));
#11301 = DIRECTION('',(-0.,-1.,0.));
#11302 = ADVANCED_FACE('',(#11303),#11314,.F.);
#11303 = FACE_BOUND('',#11304,.T.);
#11304 = EDGE_LOOP('',(#11305,#11306,#11312,#11313));
#11305 = ORIENTED_EDGE('',*,*,#9921,.T.);
#11306 = ORIENTED_EDGE('',*,*,#11307,.T.);
#11307 = EDGE_CURVE('',#9922,#10547,#11308,.T.);
#11308 = LINE('',#11309,#11310);
#11309 = CARTESIAN_POINT('',(149.83,-116.8137,-4.6E-02));
#11310 = VECTOR('',#11311,1.);
#11311 = DIRECTION('',(0.,0.,1.));
#11312 = ORIENTED_EDGE('',*,*,#10546,.F.);
#11313 = ORIENTED_EDGE('',*,*,#11307,.F.);
#11314 = CYLINDRICAL_SURFACE('',#11315,0.3937);
#11315 = AXIS2_PLACEMENT_3D('',#11316,#11317,#11318);
#11316 = CARTESIAN_POINT('',(149.83,-116.42,-4.6E-02));
#11317 = DIRECTION('',(-0.,0.,-1.));
#11318 = DIRECTION('',(7.219128633579E-14,-1.,-0.));
#11319 = ADVANCED_FACE('',(#11320),#11331,.F.);
#11320 = FACE_BOUND('',#11321,.T.);
#11321 = EDGE_LOOP('',(#11322,#11323,#11329,#11330));
#11322 = ORIENTED_EDGE('',*,*,#9932,.T.);
#11323 = ORIENTED_EDGE('',*,*,#11324,.T.);
#11324 = EDGE_CURVE('',#9933,#10558,#11325,.T.);
#11325 = LINE('',#11326,#11327);
#11326 = CARTESIAN_POINT('',(152.37,-116.8137,-4.6E-02));
#11327 = VECTOR('',#11328,1.);
#11328 = DIRECTION('',(0.,0.,1.));
#11329 = ORIENTED_EDGE('',*,*,#10557,.F.);
#11330 = ORIENTED_EDGE('',*,*,#11324,.F.);
#11331 = CYLINDRICAL_SURFACE('',#11332,0.3937);
#11332 = AXIS2_PLACEMENT_3D('',#11333,#11334,#11335);
#11333 = CARTESIAN_POINT('',(152.37,-116.42,-4.6E-02));
#11334 = DIRECTION('',(-0.,-0.,-1.));
#11335 = DIRECTION('',(-0.,-1.,0.));
#11336 = ADVANCED_FACE('',(#11337),#11348,.F.);
#11337 = FACE_BOUND('',#11338,.T.);
#11338 = EDGE_LOOP('',(#11339,#11340,#11346,#11347));
#11339 = ORIENTED_EDGE('',*,*,#9943,.T.);
#11340 = ORIENTED_EDGE('',*,*,#11341,.T.);
#11341 = EDGE_CURVE('',#9944,#10569,#11342,.T.);
#11342 = LINE('',#11343,#11344);
#11343 = CARTESIAN_POINT('',(154.91,-116.8137,-4.6E-02));
#11344 = VECTOR('',#11345,1.);
#11345 = DIRECTION('',(0.,0.,1.));
#11346 = ORIENTED_EDGE('',*,*,#10568,.F.);
#11347 = ORIENTED_EDGE('',*,*,#11341,.F.);
#11348 = CYLINDRICAL_SURFACE('',#11349,0.3937);
#11349 = AXIS2_PLACEMENT_3D('',#11350,#11351,#11352);
#11350 = CARTESIAN_POINT('',(154.91,-116.42,-4.6E-02));
#11351 = DIRECTION('',(-0.,-0.,-1.));
#11352 = DIRECTION('',(-0.,-1.,0.));
#11353 = ADVANCED_FACE('',(#11354),#11365,.F.);
#11354 = FACE_BOUND('',#11355,.T.);
#11355 = EDGE_LOOP('',(#11356,#11357,#11363,#11364));
#11356 = ORIENTED_EDGE('',*,*,#9954,.T.);
#11357 = ORIENTED_EDGE('',*,*,#11358,.T.);
#11358 = EDGE_CURVE('',#9955,#10580,#11359,.T.);
#11359 = LINE('',#11360,#11361);
#11360 = CARTESIAN_POINT('',(157.45,-116.8137,-4.6E-02));
#11361 = VECTOR('',#11362,1.);
#11362 = DIRECTION('',(0.,0.,1.));
#11363 = ORIENTED_EDGE('',*,*,#10579,.F.);
#11364 = ORIENTED_EDGE('',*,*,#11358,.F.);
#11365 = CYLINDRICAL_SURFACE('',#11366,0.3937);
#11366 = AXIS2_PLACEMENT_3D('',#11367,#11368,#11369);
#11367 = CARTESIAN_POINT('',(157.45,-116.42,-4.6E-02));
#11368 = DIRECTION('',(-0.,-0.,-1.));
#11369 = DIRECTION('',(-0.,-1.,0.));
#11370 = ADVANCED_FACE('',(#11371),#11382,.F.);
#11371 = FACE_BOUND('',#11372,.T.);
#11372 = EDGE_LOOP('',(#11373,#11374,#11380,#11381));
#11373 = ORIENTED_EDGE('',*,*,#9965,.T.);
#11374 = ORIENTED_EDGE('',*,*,#11375,.T.);
#11375 = EDGE_CURVE('',#9966,#10591,#11376,.T.);
#11376 = LINE('',#11377,#11378);
#11377 = CARTESIAN_POINT('',(159.99,-116.8137,-4.6E-02));
#11378 = VECTOR('',#11379,1.);
#11379 = DIRECTION('',(0.,0.,1.));
#11380 = ORIENTED_EDGE('',*,*,#10590,.F.);
#11381 = ORIENTED_EDGE('',*,*,#11375,.F.);
#11382 = CYLINDRICAL_SURFACE('',#11383,0.3937);
#11383 = AXIS2_PLACEMENT_3D('',#11384,#11385,#11386);
#11384 = CARTESIAN_POINT('',(159.99,-116.42,-4.6E-02));
#11385 = DIRECTION('',(-0.,-0.,-1.));
#11386 = DIRECTION('',(-0.,-1.,0.));
#11387 = ADVANCED_FACE('',(#11388),#11399,.F.);
#11388 = FACE_BOUND('',#11389,.T.);
#11389 = EDGE_LOOP('',(#11390,#11391,#11397,#11398));
#11390 = ORIENTED_EDGE('',*,*,#9976,.T.);
#11391 = ORIENTED_EDGE('',*,*,#11392,.T.);
#11392 = EDGE_CURVE('',#9977,#10602,#11393,.T.);
#11393 = LINE('',#11394,#11395);
#11394 = CARTESIAN_POINT('',(167.38,-121.25,-4.6E-02));
#11395 = VECTOR('',#11396,1.);
#11396 = DIRECTION('',(0.,0.,1.));
#11397 = ORIENTED_EDGE('',*,*,#10601,.F.);
#11398 = ORIENTED_EDGE('',*,*,#11392,.F.);
#11399 = CYLINDRICAL_SURFACE('',#11400,0.45);
#11400 = AXIS2_PLACEMENT_3D('',#11401,#11402,#11403);
#11401 = CARTESIAN_POINT('',(167.38,-120.8,-4.6E-02));
#11402 = DIRECTION('',(-0.,-0.,-1.));
#11403 = DIRECTION('',(-0.,-1.,0.));
#11404 = ADVANCED_FACE('',(#11405),#11416,.F.);
#11405 = FACE_BOUND('',#11406,.T.);
#11406 = EDGE_LOOP('',(#11407,#11408,#11414,#11415));
#11407 = ORIENTED_EDGE('',*,*,#9987,.T.);
#11408 = ORIENTED_EDGE('',*,*,#11409,.T.);
#11409 = EDGE_CURVE('',#9988,#10613,#11410,.T.);
#11410 = LINE('',#11411,#11412);
#11411 = CARTESIAN_POINT('',(169.92,-121.25,-4.6E-02));
#11412 = VECTOR('',#11413,1.);
#11413 = DIRECTION('',(0.,0.,1.));
#11414 = ORIENTED_EDGE('',*,*,#10612,.F.);
#11415 = ORIENTED_EDGE('',*,*,#11409,.F.);
#11416 = CYLINDRICAL_SURFACE('',#11417,0.45);
#11417 = AXIS2_PLACEMENT_3D('',#11418,#11419,#11420);
#11418 = CARTESIAN_POINT('',(169.92,-120.8,-4.6E-02));
#11419 = DIRECTION('',(-0.,-0.,-1.));
#11420 = DIRECTION('',(-6.315935428979E-14,-1.,0.));
#11421 = ADVANCED_FACE('',(#11422),#11433,.F.);
#11422 = FACE_BOUND('',#11423,.T.);
#11423 = EDGE_LOOP('',(#11424,#11425,#11431,#11432));
#11424 = ORIENTED_EDGE('',*,*,#9998,.T.);
#11425 = ORIENTED_EDGE('',*,*,#11426,.T.);
#11426 = EDGE_CURVE('',#9999,#10624,#11427,.T.);
#11427 = LINE('',#11428,#11429);
#11428 = CARTESIAN_POINT('',(134.194888,-111.05,-4.6E-02));
#11429 = VECTOR('',#11430,1.);
#11430 = DIRECTION('',(0.,0.,1.));
#11431 = ORIENTED_EDGE('',*,*,#10623,.F.);
#11432 = ORIENTED_EDGE('',*,*,#11426,.F.);
#11433 = CYLINDRICAL_SURFACE('',#11434,0.4);
#11434 = AXIS2_PLACEMENT_3D('',#11435,#11436,#11437);
#11435 = CARTESIAN_POINT('',(134.194888,-110.65,-4.6E-02));
#11436 = DIRECTION('',(-0.,-0.,-1.));
#11437 = DIRECTION('',(-0.,-1.,0.));
#11438 = ADVANCED_FACE('',(#11439),#11450,.F.);
#11439 = FACE_BOUND('',#11440,.T.);
#11440 = EDGE_LOOP('',(#11441,#11442,#11448,#11449));
#11441 = ORIENTED_EDGE('',*,*,#10009,.T.);
#11442 = ORIENTED_EDGE('',*,*,#11443,.T.);
#11443 = EDGE_CURVE('',#10010,#10635,#11444,.T.);
#11444 = LINE('',#11445,#11446);
#11445 = CARTESIAN_POINT('',(136.194888,-111.05,-4.6E-02));
#11446 = VECTOR('',#11447,1.);
#11447 = DIRECTION('',(0.,0.,1.));
#11448 = ORIENTED_EDGE('',*,*,#10634,.F.);
#11449 = ORIENTED_EDGE('',*,*,#11443,.F.);
#11450 = CYLINDRICAL_SURFACE('',#11451,0.4);
#11451 = AXIS2_PLACEMENT_3D('',#11452,#11453,#11454);
#11452 = CARTESIAN_POINT('',(136.194888,-110.65,-4.6E-02));
#11453 = DIRECTION('',(-0.,-0.,-1.));
#11454 = DIRECTION('',(-0.,-1.,0.));
#11455 = ADVANCED_FACE('',(#11456),#11467,.F.);
#11456 = FACE_BOUND('',#11457,.T.);
#11457 = EDGE_LOOP('',(#11458,#11459,#11465,#11466));
#11458 = ORIENTED_EDGE('',*,*,#10020,.T.);
#11459 = ORIENTED_EDGE('',*,*,#11460,.T.);
#11460 = EDGE_CURVE('',#10021,#10646,#11461,.T.);
#11461 = LINE('',#11462,#11463);
#11462 = CARTESIAN_POINT('',(129.71,-104.95,-4.6E-02));
#11463 = VECTOR('',#11464,1.);
#11464 = DIRECTION('',(0.,0.,1.));
#11465 = ORIENTED_EDGE('',*,*,#10645,.F.);
#11466 = ORIENTED_EDGE('',*,*,#11460,.F.);
#11467 = CYLINDRICAL_SURFACE('',#11468,0.45);
#11468 = AXIS2_PLACEMENT_3D('',#11469,#11470,#11471);
#11469 = CARTESIAN_POINT('',(129.71,-104.5,-4.6E-02));
#11470 = DIRECTION('',(-0.,0.,-1.));
#11471 = DIRECTION('',(6.315935428978E-14,-1.,-0.));
#11472 = ADVANCED_FACE('',(#11473),#11484,.F.);
#11473 = FACE_BOUND('',#11474,.T.);
#11474 = EDGE_LOOP('',(#11475,#11476,#11482,#11483));
#11475 = ORIENTED_EDGE('',*,*,#10031,.T.);
#11476 = ORIENTED_EDGE('',*,*,#11477,.T.);
#11477 = EDGE_CURVE('',#10032,#10657,#11478,.T.);
#11478 = LINE('',#11479,#11480);
#11479 = CARTESIAN_POINT('',(132.25,-104.95,-4.6E-02));
#11480 = VECTOR('',#11481,1.);
#11481 = DIRECTION('',(0.,0.,1.));
#11482 = ORIENTED_EDGE('',*,*,#10656,.F.);
#11483 = ORIENTED_EDGE('',*,*,#11477,.F.);
#11484 = CYLINDRICAL_SURFACE('',#11485,0.45);
#11485 = AXIS2_PLACEMENT_3D('',#11486,#11487,#11488);
#11486 = CARTESIAN_POINT('',(132.25,-104.5,-4.6E-02));
#11487 = DIRECTION('',(-0.,-0.,-1.));
#11488 = DIRECTION('',(-0.,-1.,0.));
#11489 = ADVANCED_FACE('',(#11490),#11501,.F.);
#11490 = FACE_BOUND('',#11491,.T.);
#11491 = EDGE_LOOP('',(#11492,#11493,#11499,#11500));
#11492 = ORIENTED_EDGE('',*,*,#10042,.T.);
#11493 = ORIENTED_EDGE('',*,*,#11494,.T.);
#11494 = EDGE_CURVE('',#10043,#10668,#11495,.T.);
#11495 = LINE('',#11496,#11497);
#11496 = CARTESIAN_POINT('',(142.21,-109.1937,-4.6E-02));
#11497 = VECTOR('',#11498,1.);
#11498 = DIRECTION('',(0.,0.,1.));
#11499 = ORIENTED_EDGE('',*,*,#10667,.F.);
#11500 = ORIENTED_EDGE('',*,*,#11494,.F.);
#11501 = CYLINDRICAL_SURFACE('',#11502,0.3937);
#11502 = AXIS2_PLACEMENT_3D('',#11503,#11504,#11505);
#11503 = CARTESIAN_POINT('',(142.21,-108.8,-4.6E-02));
#11504 = DIRECTION('',(-0.,-0.,-1.));
#11505 = DIRECTION('',(-0.,-1.,0.));
#11506 = ADVANCED_FACE('',(#11507),#11518,.F.);
#11507 = FACE_BOUND('',#11508,.T.);
#11508 = EDGE_LOOP('',(#11509,#11510,#11516,#11517));
#11509 = ORIENTED_EDGE('',*,*,#10053,.T.);
#11510 = ORIENTED_EDGE('',*,*,#11511,.T.);
#11511 = EDGE_CURVE('',#10054,#10679,#11512,.T.);
#11512 = LINE('',#11513,#11514);
#11513 = CARTESIAN_POINT('',(144.75,-109.1937,-4.6E-02));
#11514 = VECTOR('',#11515,1.);
#11515 = DIRECTION('',(0.,0.,1.));
#11516 = ORIENTED_EDGE('',*,*,#10678,.F.);
#11517 = ORIENTED_EDGE('',*,*,#11511,.F.);
#11518 = CYLINDRICAL_SURFACE('',#11519,0.3937);
#11519 = AXIS2_PLACEMENT_3D('',#11520,#11521,#11522);
#11520 = CARTESIAN_POINT('',(144.75,-108.8,-4.6E-02));
#11521 = DIRECTION('',(-0.,-0.,-1.));
#11522 = DIRECTION('',(-0.,-1.,0.));
#11523 = ADVANCED_FACE('',(#11524),#11535,.F.);
#11524 = FACE_BOUND('',#11525,.T.);
#11525 = EDGE_LOOP('',(#11526,#11527,#11533,#11534));
#11526 = ORIENTED_EDGE('',*,*,#10064,.T.);
#11527 = ORIENTED_EDGE('',*,*,#11528,.T.);
#11528 = EDGE_CURVE('',#10065,#10690,#11529,.T.);
#11529 = LINE('',#11530,#11531);
#11530 = CARTESIAN_POINT('',(147.29,-109.1937,-4.6E-02));
#11531 = VECTOR('',#11532,1.);
#11532 = DIRECTION('',(0.,0.,1.));
#11533 = ORIENTED_EDGE('',*,*,#10689,.F.);
#11534 = ORIENTED_EDGE('',*,*,#11528,.F.);
#11535 = CYLINDRICAL_SURFACE('',#11536,0.3937);
#11536 = AXIS2_PLACEMENT_3D('',#11537,#11538,#11539);
#11537 = CARTESIAN_POINT('',(147.29,-108.8,-4.6E-02));
#11538 = DIRECTION('',(-0.,-0.,-1.));
#11539 = DIRECTION('',(-0.,-1.,0.));
#11540 = ADVANCED_FACE('',(#11541),#11552,.F.);
#11541 = FACE_BOUND('',#11542,.T.);
#11542 = EDGE_LOOP('',(#11543,#11544,#11550,#11551));
#11543 = ORIENTED_EDGE('',*,*,#10075,.T.);
#11544 = ORIENTED_EDGE('',*,*,#11545,.T.);
#11545 = EDGE_CURVE('',#10076,#10701,#11546,.T.);
#11546 = LINE('',#11547,#11548);
#11547 = CARTESIAN_POINT('',(145.75,-105.77,-4.6E-02));
#11548 = VECTOR('',#11549,1.);
#11549 = DIRECTION('',(0.,0.,1.));
#11550 = ORIENTED_EDGE('',*,*,#10700,.F.);
#11551 = ORIENTED_EDGE('',*,*,#11545,.F.);
#11552 = CYLINDRICAL_SURFACE('',#11553,0.4);
#11553 = AXIS2_PLACEMENT_3D('',#11554,#11555,#11556);
#11554 = CARTESIAN_POINT('',(145.75,-105.37,-4.6E-02));
#11555 = DIRECTION('',(-0.,-0.,-1.));
#11556 = DIRECTION('',(-0.,-1.,0.));
#11557 = ADVANCED_FACE('',(#11558),#11569,.F.);
#11558 = FACE_BOUND('',#11559,.T.);
#11559 = EDGE_LOOP('',(#11560,#11561,#11567,#11568));
#11560 = ORIENTED_EDGE('',*,*,#10086,.T.);
#11561 = ORIENTED_EDGE('',*,*,#11562,.T.);
#11562 = EDGE_CURVE('',#10087,#10712,#11563,.T.);
#11563 = LINE('',#11564,#11565);
#11564 = CARTESIAN_POINT('',(136.68,-96.75,-4.6E-02));
#11565 = VECTOR('',#11566,1.);
#11566 = DIRECTION('',(0.,0.,1.));
#11567 = ORIENTED_EDGE('',*,*,#10711,.F.);
#11568 = ORIENTED_EDGE('',*,*,#11562,.F.);
#11569 = CYLINDRICAL_SURFACE('',#11570,0.45);
#11570 = AXIS2_PLACEMENT_3D('',#11571,#11572,#11573);
#11571 = CARTESIAN_POINT('',(136.68,-96.3,-4.6E-02));
#11572 = DIRECTION('',(-0.,-0.,-1.));
#11573 = DIRECTION('',(-0.,-1.,0.));
#11574 = ADVANCED_FACE('',(#11575),#11586,.F.);
#11575 = FACE_BOUND('',#11576,.T.);
#11576 = EDGE_LOOP('',(#11577,#11578,#11584,#11585));
#11577 = ORIENTED_EDGE('',*,*,#10097,.T.);
#11578 = ORIENTED_EDGE('',*,*,#11579,.T.);
#11579 = EDGE_CURVE('',#10098,#10723,#11580,.T.);
#11580 = LINE('',#11581,#11582);
#11581 = CARTESIAN_POINT('',(145.75,-98.15,-4.6E-02));
#11582 = VECTOR('',#11583,1.);
#11583 = DIRECTION('',(0.,0.,1.));
#11584 = ORIENTED_EDGE('',*,*,#10722,.F.);
#11585 = ORIENTED_EDGE('',*,*,#11579,.F.);
#11586 = CYLINDRICAL_SURFACE('',#11587,0.4);
#11587 = AXIS2_PLACEMENT_3D('',#11588,#11589,#11590);
#11588 = CARTESIAN_POINT('',(145.75,-97.75,-4.6E-02));
#11589 = DIRECTION('',(-0.,-0.,-1.));
#11590 = DIRECTION('',(-0.,-1.,0.));
#11591 = ADVANCED_FACE('',(#11592),#11603,.F.);
#11592 = FACE_BOUND('',#11593,.T.);
#11593 = EDGE_LOOP('',(#11594,#11595,#11601,#11602));
#11594 = ORIENTED_EDGE('',*,*,#10108,.T.);
#11595 = ORIENTED_EDGE('',*,*,#11596,.T.);
#11596 = EDGE_CURVE('',#10109,#10734,#11597,.T.);
#11597 = LINE('',#11598,#11599);
#11598 = CARTESIAN_POINT('',(139.22,-96.75,-4.6E-02));
#11599 = VECTOR('',#11600,1.);
#11600 = DIRECTION('',(0.,0.,1.));
#11601 = ORIENTED_EDGE('',*,*,#10733,.F.);
#11602 = ORIENTED_EDGE('',*,*,#11596,.F.);
#11603 = CYLINDRICAL_SURFACE('',#11604,0.45);
#11604 = AXIS2_PLACEMENT_3D('',#11605,#11606,#11607);
#11605 = CARTESIAN_POINT('',(139.22,-96.3,-4.6E-02));
#11606 = DIRECTION('',(-0.,-0.,-1.));
#11607 = DIRECTION('',(-0.,-1.,0.));
#11608 = ADVANCED_FACE('',(#11609),#11620,.F.);
#11609 = FACE_BOUND('',#11610,.T.);
#11610 = EDGE_LOOP('',(#11611,#11612,#11618,#11619));
#11611 = ORIENTED_EDGE('',*,*,#10119,.T.);
#11612 = ORIENTED_EDGE('',*,*,#11613,.T.);
#11613 = EDGE_CURVE('',#10120,#10745,#11614,.T.);
#11614 = LINE('',#11615,#11616);
#11615 = CARTESIAN_POINT('',(147.98,-93.15,-4.6E-02));
#11616 = VECTOR('',#11617,1.);
#11617 = DIRECTION('',(0.,0.,1.));
#11618 = ORIENTED_EDGE('',*,*,#10744,.F.);
#11619 = ORIENTED_EDGE('',*,*,#11613,.F.);
#11620 = CYLINDRICAL_SURFACE('',#11621,0.45);
#11621 = AXIS2_PLACEMENT_3D('',#11622,#11623,#11624);
#11622 = CARTESIAN_POINT('',(147.98,-92.7,-4.6E-02));
#11623 = DIRECTION('',(-0.,-0.,-1.));
#11624 = DIRECTION('',(-6.315935428979E-14,-1.,0.));
#11625 = ADVANCED_FACE('',(#11626),#11637,.F.);
#11626 = FACE_BOUND('',#11627,.T.);
#11627 = EDGE_LOOP('',(#11628,#11629,#11635,#11636));
#11628 = ORIENTED_EDGE('',*,*,#10130,.T.);
#11629 = ORIENTED_EDGE('',*,*,#11630,.T.);
#11630 = EDGE_CURVE('',#10131,#10756,#11631,.T.);
#11631 = LINE('',#11632,#11633);
#11632 = CARTESIAN_POINT('',(149.83,-109.1937,-4.6E-02));
#11633 = VECTOR('',#11634,1.);
#11634 = DIRECTION('',(0.,0.,1.));
#11635 = ORIENTED_EDGE('',*,*,#10755,.F.);
#11636 = ORIENTED_EDGE('',*,*,#11630,.F.);
#11637 = CYLINDRICAL_SURFACE('',#11638,0.3937);
#11638 = AXIS2_PLACEMENT_3D('',#11639,#11640,#11641);
#11639 = CARTESIAN_POINT('',(149.83,-108.8,-4.6E-02));
#11640 = DIRECTION('',(-0.,0.,-1.));
#11641 = DIRECTION('',(7.219128633579E-14,-1.,-0.));
#11642 = ADVANCED_FACE('',(#11643),#11654,.F.);
#11643 = FACE_BOUND('',#11644,.T.);
#11644 = EDGE_LOOP('',(#11645,#11646,#11652,#11653));
#11645 = ORIENTED_EDGE('',*,*,#10141,.T.);
#11646 = ORIENTED_EDGE('',*,*,#11647,.T.);
#11647 = EDGE_CURVE('',#10142,#10767,#11648,.T.);
#11648 = LINE('',#11649,#11650);
#11649 = CARTESIAN_POINT('',(152.37,-109.1937,-4.6E-02));
#11650 = VECTOR('',#11651,1.);
#11651 = DIRECTION('',(0.,0.,1.));
#11652 = ORIENTED_EDGE('',*,*,#10766,.F.);
#11653 = ORIENTED_EDGE('',*,*,#11647,.F.);
#11654 = CYLINDRICAL_SURFACE('',#11655,0.3937);
#11655 = AXIS2_PLACEMENT_3D('',#11656,#11657,#11658);
#11656 = CARTESIAN_POINT('',(152.37,-108.8,-4.6E-02));
#11657 = DIRECTION('',(-0.,-0.,-1.));
#11658 = DIRECTION('',(-0.,-1.,0.));
#11659 = ADVANCED_FACE('',(#11660),#11671,.F.);
#11660 = FACE_BOUND('',#11661,.T.);
#11661 = EDGE_LOOP('',(#11662,#11663,#11669,#11670));
#11662 = ORIENTED_EDGE('',*,*,#10152,.T.);
#11663 = ORIENTED_EDGE('',*,*,#11664,.T.);
#11664 = EDGE_CURVE('',#10153,#10778,#11665,.T.);
#11665 = LINE('',#11666,#11667);
#11666 = CARTESIAN_POINT('',(154.91,-109.1937,-4.6E-02));
#11667 = VECTOR('',#11668,1.);
#11668 = DIRECTION('',(0.,0.,1.));
#11669 = ORIENTED_EDGE('',*,*,#10777,.F.);
#11670 = ORIENTED_EDGE('',*,*,#11664,.F.);
#11671 = CYLINDRICAL_SURFACE('',#11672,0.3937);
#11672 = AXIS2_PLACEMENT_3D('',#11673,#11674,#11675);
#11673 = CARTESIAN_POINT('',(154.91,-108.8,-4.6E-02));
#11674 = DIRECTION('',(-0.,-0.,-1.));
#11675 = DIRECTION('',(-0.,-1.,0.));
#11676 = ADVANCED_FACE('',(#11677),#11688,.F.);
#11677 = FACE_BOUND('',#11678,.T.);
#11678 = EDGE_LOOP('',(#11679,#11680,#11686,#11687));
#11679 = ORIENTED_EDGE('',*,*,#10163,.T.);
#11680 = ORIENTED_EDGE('',*,*,#11681,.T.);
#11681 = EDGE_CURVE('',#10164,#10789,#11682,.T.);
#11682 = LINE('',#11683,#11684);
#11683 = CARTESIAN_POINT('',(157.45,-109.1937,-4.6E-02));
#11684 = VECTOR('',#11685,1.);
#11685 = DIRECTION('',(0.,0.,1.));
#11686 = ORIENTED_EDGE('',*,*,#10788,.F.);
#11687 = ORIENTED_EDGE('',*,*,#11681,.F.);
#11688 = CYLINDRICAL_SURFACE('',#11689,0.3937);
#11689 = AXIS2_PLACEMENT_3D('',#11690,#11691,#11692);
#11690 = CARTESIAN_POINT('',(157.45,-108.8,-4.6E-02));
#11691 = DIRECTION('',(-0.,-0.,-1.));
#11692 = DIRECTION('',(-0.,-1.,0.));
#11693 = ADVANCED_FACE('',(#11694),#11705,.F.);
#11694 = FACE_BOUND('',#11695,.T.);
#11695 = EDGE_LOOP('',(#11696,#11697,#11703,#11704));
#11696 = ORIENTED_EDGE('',*,*,#10174,.T.);
#11697 = ORIENTED_EDGE('',*,*,#11698,.T.);
#11698 = EDGE_CURVE('',#10175,#10800,#11699,.T.);
#11699 = LINE('',#11700,#11701);
#11700 = CARTESIAN_POINT('',(159.99,-109.1937,-4.6E-02));
#11701 = VECTOR('',#11702,1.);
#11702 = DIRECTION('',(0.,0.,1.));
#11703 = ORIENTED_EDGE('',*,*,#10799,.F.);
#11704 = ORIENTED_EDGE('',*,*,#11698,.F.);
#11705 = CYLINDRICAL_SURFACE('',#11706,0.3937);
#11706 = AXIS2_PLACEMENT_3D('',#11707,#11708,#11709);
#11707 = CARTESIAN_POINT('',(159.99,-108.8,-4.6E-02));
#11708 = DIRECTION('',(-0.,-0.,-1.));
#11709 = DIRECTION('',(-0.,-1.,0.));
#11710 = ADVANCED_FACE('',(#11711),#11722,.F.);
#11711 = FACE_BOUND('',#11712,.T.);
#11712 = EDGE_LOOP('',(#11713,#11714,#11720,#11721));
#11713 = ORIENTED_EDGE('',*,*,#10185,.T.);
#11714 = ORIENTED_EDGE('',*,*,#11715,.T.);
#11715 = EDGE_CURVE('',#10186,#10811,#11716,.T.);
#11716 = LINE('',#11717,#11718);
#11717 = CARTESIAN_POINT('',(149.8,-105.77,-4.6E-02));
#11718 = VECTOR('',#11719,1.);
#11719 = DIRECTION('',(0.,0.,1.));
#11720 = ORIENTED_EDGE('',*,*,#10810,.F.);
#11721 = ORIENTED_EDGE('',*,*,#11715,.F.);
#11722 = CYLINDRICAL_SURFACE('',#11723,0.4);
#11723 = AXIS2_PLACEMENT_3D('',#11724,#11725,#11726);
#11724 = CARTESIAN_POINT('',(149.8,-105.37,-4.6E-02));
#11725 = DIRECTION('',(-0.,-0.,-1.));
#11726 = DIRECTION('',(-0.,-1.,0.));
#11727 = ADVANCED_FACE('',(#11728),#11739,.F.);
#11728 = FACE_BOUND('',#11729,.T.);
#11729 = EDGE_LOOP('',(#11730,#11731,#11737,#11738));
#11730 = ORIENTED_EDGE('',*,*,#10196,.T.);
#11731 = ORIENTED_EDGE('',*,*,#11732,.T.);
#11732 = EDGE_CURVE('',#10197,#10822,#11733,.T.);
#11733 = LINE('',#11734,#11735);
#11734 = CARTESIAN_POINT('',(153.85,-105.77,-4.6E-02));
#11735 = VECTOR('',#11736,1.);
#11736 = DIRECTION('',(0.,0.,1.));
#11737 = ORIENTED_EDGE('',*,*,#10821,.F.);
#11738 = ORIENTED_EDGE('',*,*,#11732,.F.);
#11739 = CYLINDRICAL_SURFACE('',#11740,0.4);
#11740 = AXIS2_PLACEMENT_3D('',#11741,#11742,#11743);
#11741 = CARTESIAN_POINT('',(153.85,-105.37,-4.6E-02));
#11742 = DIRECTION('',(-0.,-0.,-1.));
#11743 = DIRECTION('',(-0.,-1.,0.));
#11744 = ADVANCED_FACE('',(#11745),#11756,.F.);
#11745 = FACE_BOUND('',#11746,.T.);
#11746 = EDGE_LOOP('',(#11747,#11748,#11754,#11755));
#11747 = ORIENTED_EDGE('',*,*,#10207,.T.);
#11748 = ORIENTED_EDGE('',*,*,#11749,.T.);
#11749 = EDGE_CURVE('',#10208,#10833,#11750,.T.);
#11750 = LINE('',#11751,#11752);
#11751 = CARTESIAN_POINT('',(168.38,-108.15,-4.6E-02));
#11752 = VECTOR('',#11753,1.);
#11753 = DIRECTION('',(0.,0.,1.));
#11754 = ORIENTED_EDGE('',*,*,#10832,.F.);
#11755 = ORIENTED_EDGE('',*,*,#11749,.F.);
#11756 = CYLINDRICAL_SURFACE('',#11757,0.45);
#11757 = AXIS2_PLACEMENT_3D('',#11758,#11759,#11760);
#11758 = CARTESIAN_POINT('',(168.38,-107.7,-4.6E-02));
#11759 = DIRECTION('',(-0.,-0.,-1.));
#11760 = DIRECTION('',(-0.,-1.,0.));
#11761 = ADVANCED_FACE('',(#11762),#11773,.F.);
#11762 = FACE_BOUND('',#11763,.T.);
#11763 = EDGE_LOOP('',(#11764,#11765,#11771,#11772));
#11764 = ORIENTED_EDGE('',*,*,#10218,.T.);
#11765 = ORIENTED_EDGE('',*,*,#11766,.T.);
#11766 = EDGE_CURVE('',#10219,#10844,#11767,.T.);
#11767 = LINE('',#11768,#11769);
#11768 = CARTESIAN_POINT('',(170.92,-108.15,-4.6E-02));
#11769 = VECTOR('',#11770,1.);
#11770 = DIRECTION('',(0.,0.,1.));
#11771 = ORIENTED_EDGE('',*,*,#10843,.F.);
#11772 = ORIENTED_EDGE('',*,*,#11766,.F.);
#11773 = CYLINDRICAL_SURFACE('',#11774,0.45);
#11774 = AXIS2_PLACEMENT_3D('',#11775,#11776,#11777);
#11775 = CARTESIAN_POINT('',(170.92,-107.7,-4.6E-02));
#11776 = DIRECTION('',(-0.,-0.,-1.));
#11777 = DIRECTION('',(-6.315935428979E-14,-1.,0.));
#11778 = ADVANCED_FACE('',(#11779),#11790,.F.);
#11779 = FACE_BOUND('',#11780,.T.);
#11780 = EDGE_LOOP('',(#11781,#11782,#11788,#11789));
#11781 = ORIENTED_EDGE('',*,*,#10229,.T.);
#11782 = ORIENTED_EDGE('',*,*,#11783,.T.);
#11783 = EDGE_CURVE('',#10230,#10855,#11784,.T.);
#11784 = LINE('',#11785,#11786);
#11785 = CARTESIAN_POINT('',(149.8,-98.15,-4.6E-02));
#11786 = VECTOR('',#11787,1.);
#11787 = DIRECTION('',(0.,0.,1.));
#11788 = ORIENTED_EDGE('',*,*,#10854,.F.);
#11789 = ORIENTED_EDGE('',*,*,#11783,.F.);
#11790 = CYLINDRICAL_SURFACE('',#11791,0.4);
#11791 = AXIS2_PLACEMENT_3D('',#11792,#11793,#11794);
#11792 = CARTESIAN_POINT('',(149.8,-97.75,-4.6E-02));
#11793 = DIRECTION('',(-0.,-0.,-1.));
#11794 = DIRECTION('',(-0.,-1.,0.));
#11795 = ADVANCED_FACE('',(#11796),#11807,.F.);
#11796 = FACE_BOUND('',#11797,.T.);
#11797 = EDGE_LOOP('',(#11798,#11799,#11805,#11806));
#11798 = ORIENTED_EDGE('',*,*,#10240,.T.);
#11799 = ORIENTED_EDGE('',*,*,#11800,.T.);
#11800 = EDGE_CURVE('',#10241,#10866,#11801,.T.);
#11801 = LINE('',#11802,#11803);
#11802 = CARTESIAN_POINT('',(153.85,-98.15,-4.6E-02));
#11803 = VECTOR('',#11804,1.);
#11804 = DIRECTION('',(0.,0.,1.));
#11805 = ORIENTED_EDGE('',*,*,#10865,.F.);
#11806 = ORIENTED_EDGE('',*,*,#11800,.F.);
#11807 = CYLINDRICAL_SURFACE('',#11808,0.4);
#11808 = AXIS2_PLACEMENT_3D('',#11809,#11810,#11811);
#11809 = CARTESIAN_POINT('',(153.85,-97.75,-4.6E-02));
#11810 = DIRECTION('',(-0.,-0.,-1.));
#11811 = DIRECTION('',(-0.,-1.,0.));
#11812 = ADVANCED_FACE('',(#11813),#11824,.F.);
#11813 = FACE_BOUND('',#11814,.T.);
#11814 = EDGE_LOOP('',(#11815,#11816,#11822,#11823));
#11815 = ORIENTED_EDGE('',*,*,#10251,.T.);
#11816 = ORIENTED_EDGE('',*,*,#11817,.T.);
#11817 = EDGE_CURVE('',#10252,#10877,#11818,.T.);
#11818 = LINE('',#11819,#11820);
#11819 = CARTESIAN_POINT('',(150.52,-93.15,-4.6E-02));
#11820 = VECTOR('',#11821,1.);
#11821 = DIRECTION('',(0.,0.,1.));
#11822 = ORIENTED_EDGE('',*,*,#10876,.F.);
#11823 = ORIENTED_EDGE('',*,*,#11817,.F.);
#11824 = CYLINDRICAL_SURFACE('',#11825,0.45);
#11825 = AXIS2_PLACEMENT_3D('',#11826,#11827,#11828);
#11826 = CARTESIAN_POINT('',(150.52,-92.7,-4.6E-02));
#11827 = DIRECTION('',(-0.,0.,-1.));
#11828 = DIRECTION('',(6.315935428979E-14,-1.,-0.));
#11829 = ADVANCED_FACE('',(#11830),#11841,.F.);
#11830 = FACE_BOUND('',#11831,.T.);
#11831 = EDGE_LOOP('',(#11832,#11833,#11839,#11840));
#11832 = ORIENTED_EDGE('',*,*,#10262,.T.);
#11833 = ORIENTED_EDGE('',*,*,#11834,.T.);
#11834 = EDGE_CURVE('',#10263,#10888,#11835,.T.);
#11835 = LINE('',#11836,#11837);
#11836 = CARTESIAN_POINT('',(160.48,-98.15,-4.6E-02));
#11837 = VECTOR('',#11838,1.);
#11838 = DIRECTION('',(0.,0.,1.));
#11839 = ORIENTED_EDGE('',*,*,#10887,.F.);
#11840 = ORIENTED_EDGE('',*,*,#11834,.F.);
#11841 = CYLINDRICAL_SURFACE('',#11842,0.45);
#11842 = AXIS2_PLACEMENT_3D('',#11843,#11844,#11845);
#11843 = CARTESIAN_POINT('',(160.48,-97.7,-4.6E-02));
#11844 = DIRECTION('',(-0.,-0.,-1.));
#11845 = DIRECTION('',(-6.315935428979E-14,-1.,0.));
#11846 = ADVANCED_FACE('',(#11847),#11858,.F.);
#11847 = FACE_BOUND('',#11848,.T.);
#11848 = EDGE_LOOP('',(#11849,#11850,#11856,#11857));
#11849 = ORIENTED_EDGE('',*,*,#10273,.T.);
#11850 = ORIENTED_EDGE('',*,*,#11851,.T.);
#11851 = EDGE_CURVE('',#10274,#10899,#11852,.T.);
#11852 = LINE('',#11853,#11854);
#11853 = CARTESIAN_POINT('',(163.02,-98.15,-4.6E-02));
#11854 = VECTOR('',#11855,1.);
#11855 = DIRECTION('',(0.,0.,1.));
#11856 = ORIENTED_EDGE('',*,*,#10898,.F.);
#11857 = ORIENTED_EDGE('',*,*,#11851,.F.);
#11858 = CYLINDRICAL_SURFACE('',#11859,0.45);
#11859 = AXIS2_PLACEMENT_3D('',#11860,#11861,#11862);
#11860 = CARTESIAN_POINT('',(163.02,-97.7,-4.6E-02));
#11861 = DIRECTION('',(-0.,0.,-1.));
#11862 = DIRECTION('',(6.315935428979E-14,-1.,-0.));
#11863 = ( GEOMETRIC_REPRESENTATION_CONTEXT(3) 
GLOBAL_UNCERTAINTY_ASSIGNED_CONTEXT((#11867)) 
GLOBAL_UNIT_ASSIGNED_CONTEXT((#11864,#11865,#11866)) 
REPRESENTATION_CONTEXT('Context #1',
  '3D Context with UNIT and UNCERTAINTY') );
#11864 = ( LENGTH_UNIT() NAMED_UNIT(*) SI_UNIT(.MILLI.,.METRE.) );
#11865 = ( NAMED_UNIT(*) PLANE_ANGLE_UNIT() SI_UNIT($,.RADIAN.) );
#11866 = ( NAMED_UNIT(*) SI_UNIT($,.STERADIAN.) SOLID_ANGLE_UNIT() );
#11867 = UNCERTAINTY_MEASURE_WITH_UNIT(LENGTH_MEASURE(1.E-07),#11864,
  'distance_accuracy_value','confusion accuracy');
#11868 = CONTEXT_DEPENDENT_SHAPE_REPRESENTATION(#11869,#11871);
#11869 = ( REPRESENTATION_RELATIONSHIP('','',#9625,#10) 
REPRESENTATION_RELATIONSHIP_WITH_TRANSFORMATION(#11870) 
SHAPE_REPRESENTATION_RELATIONSHIP() );
#11870 = ITEM_DEFINED_TRANSFORMATION('','',#11,#83);
#11871 = PRODUCT_DEFINITION_SHAPE('Placement','Placement of an item',
  #11872);
#11872 = NEXT_ASSEMBLY_USAGE_OCCURRENCE('18','=>[0:1:1:7]','',#5,#9620,$
  );
#11873 = PRODUCT_RELATED_PRODUCT_CATEGORY('part',$,(#9622));
#11874 = MECHANICAL_DESIGN_GEOMETRIC_PRESENTATION_REPRESENTATION('',(
    #11875,#11883,#11890,#11897,#11904,#11911,#11918,#11925,#11932,
    #11939,#11946,#11953,#11960,#11967,#11974,#11981,#11988,#11996,
    #12003,#12010,#12017,#12024,#12031,#12038,#12045,#12052,#12059,
    #12066,#12073,#12080,#12087,#12094,#12101,#12108,#12115,#12122,
    #12129,#12136,#12143,#12150,#12157,#12164,#12171,#12178,#12185,
    #12192,#12199,#12206,#12213,#12220,#12227,#12234),#7498);
#11875 = STYLED_ITEM('color',(#11876),#6068);
#11876 = PRESENTATION_STYLE_ASSIGNMENT((#11877));
#11877 = SURFACE_STYLE_USAGE(.BOTH.,#11878);
#11878 = SURFACE_SIDE_STYLE('',(#11879));
#11879 = SURFACE_STYLE_FILL_AREA(#11880);
#11880 = FILL_AREA_STYLE('',(#11881));
#11881 = FILL_AREA_STYLE_COLOUR('',#11882);
#11882 = COLOUR_RGB('',0.147999998088,0.144999993226,0.144999993226);
#11883 = STYLED_ITEM('color',(#11884),#6108);
#11884 = PRESENTATION_STYLE_ASSIGNMENT((#11885));
#11885 = SURFACE_STYLE_USAGE(.BOTH.,#11886);
#11886 = SURFACE_SIDE_STYLE('',(#11887));
#11887 = SURFACE_STYLE_FILL_AREA(#11888);
#11888 = FILL_AREA_STYLE('',(#11889));
#11889 = FILL_AREA_STYLE_COLOUR('',#11882);
#11890 = STYLED_ITEM('color',(#11891),#6139);
#11891 = PRESENTATION_STYLE_ASSIGNMENT((#11892));
#11892 = SURFACE_STYLE_USAGE(.BOTH.,#11893);
#11893 = SURFACE_SIDE_STYLE('',(#11894));
#11894 = SURFACE_STYLE_FILL_AREA(#11895);
#11895 = FILL_AREA_STYLE('',(#11896));
#11896 = FILL_AREA_STYLE_COLOUR('',#11882);
#11897 = STYLED_ITEM('color',(#11898),#6170);
#11898 = PRESENTATION_STYLE_ASSIGNMENT((#11899));
#11899 = SURFACE_STYLE_USAGE(.BOTH.,#11900);
#11900 = SURFACE_SIDE_STYLE('',(#11901));
#11901 = SURFACE_STYLE_FILL_AREA(#11902);
#11902 = FILL_AREA_STYLE('',(#11903));
#11903 = FILL_AREA_STYLE_COLOUR('',#11882);
#11904 = STYLED_ITEM('color',(#11905),#6335);
#11905 = PRESENTATION_STYLE_ASSIGNMENT((#11906));
#11906 = SURFACE_STYLE_USAGE(.BOTH.,#11907);
#11907 = SURFACE_SIDE_STYLE('',(#11908));
#11908 = SURFACE_STYLE_FILL_AREA(#11909);
#11909 = FILL_AREA_STYLE('',(#11910));
#11910 = FILL_AREA_STYLE_COLOUR('',#11882);
#11911 = STYLED_ITEM('color',(#11912),#6500);
#11912 = PRESENTATION_STYLE_ASSIGNMENT((#11913));
#11913 = SURFACE_STYLE_USAGE(.BOTH.,#11914);
#11914 = SURFACE_SIDE_STYLE('',(#11915));
#11915 = SURFACE_STYLE_FILL_AREA(#11916);
#11916 = FILL_AREA_STYLE('',(#11917));
#11917 = FILL_AREA_STYLE_COLOUR('',#11882);
#11918 = STYLED_ITEM('color',(#11919),#6517);
#11919 = PRESENTATION_STYLE_ASSIGNMENT((#11920));
#11920 = SURFACE_STYLE_USAGE(.BOTH.,#11921);
#11921 = SURFACE_SIDE_STYLE('',(#11922));
#11922 = SURFACE_STYLE_FILL_AREA(#11923);
#11923 = FILL_AREA_STYLE('',(#11924));
#11924 = FILL_AREA_STYLE_COLOUR('',#11882);
#11925 = STYLED_ITEM('color',(#11926),#6534);
#11926 = PRESENTATION_STYLE_ASSIGNMENT((#11927));
#11927 = SURFACE_STYLE_USAGE(.BOTH.,#11928);
#11928 = SURFACE_SIDE_STYLE('',(#11929));
#11929 = SURFACE_STYLE_FILL_AREA(#11930);
#11930 = FILL_AREA_STYLE('',(#11931));
#11931 = FILL_AREA_STYLE_COLOUR('',#11882);
#11932 = STYLED_ITEM('color',(#11933),#6551);
#11933 = PRESENTATION_STYLE_ASSIGNMENT((#11934));
#11934 = SURFACE_STYLE_USAGE(.BOTH.,#11935);
#11935 = SURFACE_SIDE_STYLE('',(#11936));
#11936 = SURFACE_STYLE_FILL_AREA(#11937);
#11937 = FILL_AREA_STYLE('',(#11938));
#11938 = FILL_AREA_STYLE_COLOUR('',#11882);
#11939 = STYLED_ITEM('color',(#11940),#6568);
#11940 = PRESENTATION_STYLE_ASSIGNMENT((#11941));
#11941 = SURFACE_STYLE_USAGE(.BOTH.,#11942);
#11942 = SURFACE_SIDE_STYLE('',(#11943));
#11943 = SURFACE_STYLE_FILL_AREA(#11944);
#11944 = FILL_AREA_STYLE('',(#11945));
#11945 = FILL_AREA_STYLE_COLOUR('',#11882);
#11946 = STYLED_ITEM('color',(#11947),#6585);
#11947 = PRESENTATION_STYLE_ASSIGNMENT((#11948));
#11948 = SURFACE_STYLE_USAGE(.BOTH.,#11949);
#11949 = SURFACE_SIDE_STYLE('',(#11950));
#11950 = SURFACE_STYLE_FILL_AREA(#11951);
#11951 = FILL_AREA_STYLE('',(#11952));
#11952 = FILL_AREA_STYLE_COLOUR('',#11882);
#11953 = STYLED_ITEM('color',(#11954),#6602);
#11954 = PRESENTATION_STYLE_ASSIGNMENT((#11955));
#11955 = SURFACE_STYLE_USAGE(.BOTH.,#11956);
#11956 = SURFACE_SIDE_STYLE('',(#11957));
#11957 = SURFACE_STYLE_FILL_AREA(#11958);
#11958 = FILL_AREA_STYLE('',(#11959));
#11959 = FILL_AREA_STYLE_COLOUR('',#11882);
#11960 = STYLED_ITEM('color',(#11961),#6619);
#11961 = PRESENTATION_STYLE_ASSIGNMENT((#11962));
#11962 = SURFACE_STYLE_USAGE(.BOTH.,#11963);
#11963 = SURFACE_SIDE_STYLE('',(#11964));
#11964 = SURFACE_STYLE_FILL_AREA(#11965);
#11965 = FILL_AREA_STYLE('',(#11966));
#11966 = FILL_AREA_STYLE_COLOUR('',#11882);
#11967 = STYLED_ITEM('color',(#11968),#6636);
#11968 = PRESENTATION_STYLE_ASSIGNMENT((#11969));
#11969 = SURFACE_STYLE_USAGE(.BOTH.,#11970);
#11970 = SURFACE_SIDE_STYLE('',(#11971));
#11971 = SURFACE_STYLE_FILL_AREA(#11972);
#11972 = FILL_AREA_STYLE('',(#11973));
#11973 = FILL_AREA_STYLE_COLOUR('',#11882);
#11974 = STYLED_ITEM('color',(#11975),#6653);
#11975 = PRESENTATION_STYLE_ASSIGNMENT((#11976));
#11976 = SURFACE_STYLE_USAGE(.BOTH.,#11977);
#11977 = SURFACE_SIDE_STYLE('',(#11978));
#11978 = SURFACE_STYLE_FILL_AREA(#11979);
#11979 = FILL_AREA_STYLE('',(#11980));
#11980 = FILL_AREA_STYLE_COLOUR('',#11882);
#11981 = STYLED_ITEM('color',(#11982),#6670);
#11982 = PRESENTATION_STYLE_ASSIGNMENT((#11983));
#11983 = SURFACE_STYLE_USAGE(.BOTH.,#11984);
#11984 = SURFACE_SIDE_STYLE('',(#11985));
#11985 = SURFACE_STYLE_FILL_AREA(#11986);
#11986 = FILL_AREA_STYLE('',(#11987));
#11987 = FILL_AREA_STYLE_COLOUR('',#11882);
#11988 = STYLED_ITEM('color',(#11989),#6682);
#11989 = PRESENTATION_STYLE_ASSIGNMENT((#11990));
#11990 = SURFACE_STYLE_USAGE(.BOTH.,#11991);
#11991 = SURFACE_SIDE_STYLE('',(#11992));
#11992 = SURFACE_STYLE_FILL_AREA(#11993);
#11993 = FILL_AREA_STYLE('',(#11994));
#11994 = FILL_AREA_STYLE_COLOUR('',#11995);
#11995 = COLOUR_RGB('',0.859000020776,0.737999965183,0.495999988746);
#11996 = STYLED_ITEM('color',(#11997),#6713);
#11997 = PRESENTATION_STYLE_ASSIGNMENT((#11998));
#11998 = SURFACE_STYLE_USAGE(.BOTH.,#11999);
#11999 = SURFACE_SIDE_STYLE('',(#12000));
#12000 = SURFACE_STYLE_FILL_AREA(#12001);
#12001 = FILL_AREA_STYLE('',(#12002));
#12002 = FILL_AREA_STYLE_COLOUR('',#11995);
#12003 = STYLED_ITEM('color',(#12004),#6737);
#12004 = PRESENTATION_STYLE_ASSIGNMENT((#12005));
#12005 = SURFACE_STYLE_USAGE(.BOTH.,#12006);
#12006 = SURFACE_SIDE_STYLE('',(#12007));
#12007 = SURFACE_STYLE_FILL_AREA(#12008);
#12008 = FILL_AREA_STYLE('',(#12009));
#12009 = FILL_AREA_STYLE_COLOUR('',#11995);
#12010 = STYLED_ITEM('color',(#12011),#6761);
#12011 = PRESENTATION_STYLE_ASSIGNMENT((#12012));
#12012 = SURFACE_STYLE_USAGE(.BOTH.,#12013);
#12013 = SURFACE_SIDE_STYLE('',(#12014));
#12014 = SURFACE_STYLE_FILL_AREA(#12015);
#12015 = FILL_AREA_STYLE('',(#12016));
#12016 = FILL_AREA_STYLE_COLOUR('',#11995);
#12017 = STYLED_ITEM('color',(#12018),#6778);
#12018 = PRESENTATION_STYLE_ASSIGNMENT((#12019));
#12019 = SURFACE_STYLE_USAGE(.BOTH.,#12020);
#12020 = SURFACE_SIDE_STYLE('',(#12021));
#12021 = SURFACE_STYLE_FILL_AREA(#12022);
#12022 = FILL_AREA_STYLE('',(#12023));
#12023 = FILL_AREA_STYLE_COLOUR('',#11995);
#12024 = STYLED_ITEM('color',(#12025),#6809);
#12025 = PRESENTATION_STYLE_ASSIGNMENT((#12026));
#12026 = SURFACE_STYLE_USAGE(.BOTH.,#12027);
#12027 = SURFACE_SIDE_STYLE('',(#12028));
#12028 = SURFACE_STYLE_FILL_AREA(#12029);
#12029 = FILL_AREA_STYLE('',(#12030));
#12030 = FILL_AREA_STYLE_COLOUR('',#11995);
#12031 = STYLED_ITEM('color',(#12032),#6833);
#12032 = PRESENTATION_STYLE_ASSIGNMENT((#12033));
#12033 = SURFACE_STYLE_USAGE(.BOTH.,#12034);
#12034 = SURFACE_SIDE_STYLE('',(#12035));
#12035 = SURFACE_STYLE_FILL_AREA(#12036);
#12036 = FILL_AREA_STYLE('',(#12037));
#12037 = FILL_AREA_STYLE_COLOUR('',#11995);
#12038 = STYLED_ITEM('color',(#12039),#6857);
#12039 = PRESENTATION_STYLE_ASSIGNMENT((#12040));
#12040 = SURFACE_STYLE_USAGE(.BOTH.,#12041);
#12041 = SURFACE_SIDE_STYLE('',(#12042));
#12042 = SURFACE_STYLE_FILL_AREA(#12043);
#12043 = FILL_AREA_STYLE('',(#12044));
#12044 = FILL_AREA_STYLE_COLOUR('',#11995);
#12045 = STYLED_ITEM('color',(#12046),#6874);
#12046 = PRESENTATION_STYLE_ASSIGNMENT((#12047));
#12047 = SURFACE_STYLE_USAGE(.BOTH.,#12048);
#12048 = SURFACE_SIDE_STYLE('',(#12049));
#12049 = SURFACE_STYLE_FILL_AREA(#12050);
#12050 = FILL_AREA_STYLE('',(#12051));
#12051 = FILL_AREA_STYLE_COLOUR('',#11995);
#12052 = STYLED_ITEM('color',(#12053),#6905);
#12053 = PRESENTATION_STYLE_ASSIGNMENT((#12054));
#12054 = SURFACE_STYLE_USAGE(.BOTH.,#12055);
#12055 = SURFACE_SIDE_STYLE('',(#12056));
#12056 = SURFACE_STYLE_FILL_AREA(#12057);
#12057 = FILL_AREA_STYLE('',(#12058));
#12058 = FILL_AREA_STYLE_COLOUR('',#11995);
#12059 = STYLED_ITEM('color',(#12060),#6929);
#12060 = PRESENTATION_STYLE_ASSIGNMENT((#12061));
#12061 = SURFACE_STYLE_USAGE(.BOTH.,#12062);
#12062 = SURFACE_SIDE_STYLE('',(#12063));
#12063 = SURFACE_STYLE_FILL_AREA(#12064);
#12064 = FILL_AREA_STYLE('',(#12065));
#12065 = FILL_AREA_STYLE_COLOUR('',#11995);
#12066 = STYLED_ITEM('color',(#12067),#6953);
#12067 = PRESENTATION_STYLE_ASSIGNMENT((#12068));
#12068 = SURFACE_STYLE_USAGE(.BOTH.,#12069);
#12069 = SURFACE_SIDE_STYLE('',(#12070));
#12070 = SURFACE_STYLE_FILL_AREA(#12071);
#12071 = FILL_AREA_STYLE('',(#12072));
#12072 = FILL_AREA_STYLE_COLOUR('',#11995);
#12073 = STYLED_ITEM('color',(#12074),#6970);
#12074 = PRESENTATION_STYLE_ASSIGNMENT((#12075));
#12075 = SURFACE_STYLE_USAGE(.BOTH.,#12076);
#12076 = SURFACE_SIDE_STYLE('',(#12077));
#12077 = SURFACE_STYLE_FILL_AREA(#12078);
#12078 = FILL_AREA_STYLE('',(#12079));
#12079 = FILL_AREA_STYLE_COLOUR('',#11995);
#12080 = STYLED_ITEM('color',(#12081),#7001);
#12081 = PRESENTATION_STYLE_ASSIGNMENT((#12082));
#12082 = SURFACE_STYLE_USAGE(.BOTH.,#12083);
#12083 = SURFACE_SIDE_STYLE('',(#12084));
#12084 = SURFACE_STYLE_FILL_AREA(#12085);
#12085 = FILL_AREA_STYLE('',(#12086));
#12086 = FILL_AREA_STYLE_COLOUR('',#11995);
#12087 = STYLED_ITEM('color',(#12088),#7025);
#12088 = PRESENTATION_STYLE_ASSIGNMENT((#12089));
#12089 = SURFACE_STYLE_USAGE(.BOTH.,#12090);
#12090 = SURFACE_SIDE_STYLE('',(#12091));
#12091 = SURFACE_STYLE_FILL_AREA(#12092);
#12092 = FILL_AREA_STYLE('',(#12093));
#12093 = FILL_AREA_STYLE_COLOUR('',#11995);
#12094 = STYLED_ITEM('color',(#12095),#7049);
#12095 = PRESENTATION_STYLE_ASSIGNMENT((#12096));
#12096 = SURFACE_STYLE_USAGE(.BOTH.,#12097);
#12097 = SURFACE_SIDE_STYLE('',(#12098));
#12098 = SURFACE_STYLE_FILL_AREA(#12099);
#12099 = FILL_AREA_STYLE('',(#12100));
#12100 = FILL_AREA_STYLE_COLOUR('',#11995);
#12101 = STYLED_ITEM('color',(#12102),#7066);
#12102 = PRESENTATION_STYLE_ASSIGNMENT((#12103));
#12103 = SURFACE_STYLE_USAGE(.BOTH.,#12104);
#12104 = SURFACE_SIDE_STYLE('',(#12105));
#12105 = SURFACE_STYLE_FILL_AREA(#12106);
#12106 = FILL_AREA_STYLE('',(#12107));
#12107 = FILL_AREA_STYLE_COLOUR('',#11995);
#12108 = STYLED_ITEM('color',(#12109),#7097);
#12109 = PRESENTATION_STYLE_ASSIGNMENT((#12110));
#12110 = SURFACE_STYLE_USAGE(.BOTH.,#12111);
#12111 = SURFACE_SIDE_STYLE('',(#12112));
#12112 = SURFACE_STYLE_FILL_AREA(#12113);
#12113 = FILL_AREA_STYLE('',(#12114));
#12114 = FILL_AREA_STYLE_COLOUR('',#11995);
#12115 = STYLED_ITEM('color',(#12116),#7121);
#12116 = PRESENTATION_STYLE_ASSIGNMENT((#12117));
#12117 = SURFACE_STYLE_USAGE(.BOTH.,#12118);
#12118 = SURFACE_SIDE_STYLE('',(#12119));
#12119 = SURFACE_STYLE_FILL_AREA(#12120);
#12120 = FILL_AREA_STYLE('',(#12121));
#12121 = FILL_AREA_STYLE_COLOUR('',#11995);
#12122 = STYLED_ITEM('color',(#12123),#7145);
#12123 = PRESENTATION_STYLE_ASSIGNMENT((#12124));
#12124 = SURFACE_STYLE_USAGE(.BOTH.,#12125);
#12125 = SURFACE_SIDE_STYLE('',(#12126));
#12126 = SURFACE_STYLE_FILL_AREA(#12127);
#12127 = FILL_AREA_STYLE('',(#12128));
#12128 = FILL_AREA_STYLE_COLOUR('',#11995);
#12129 = STYLED_ITEM('color',(#12130),#7162);
#12130 = PRESENTATION_STYLE_ASSIGNMENT((#12131));
#12131 = SURFACE_STYLE_USAGE(.BOTH.,#12132);
#12132 = SURFACE_SIDE_STYLE('',(#12133));
#12133 = SURFACE_STYLE_FILL_AREA(#12134);
#12134 = FILL_AREA_STYLE('',(#12135));
#12135 = FILL_AREA_STYLE_COLOUR('',#11995);
#12136 = STYLED_ITEM('color',(#12137),#7193);
#12137 = PRESENTATION_STYLE_ASSIGNMENT((#12138));
#12138 = SURFACE_STYLE_USAGE(.BOTH.,#12139);
#12139 = SURFACE_SIDE_STYLE('',(#12140));
#12140 = SURFACE_STYLE_FILL_AREA(#12141);
#12141 = FILL_AREA_STYLE('',(#12142));
#12142 = FILL_AREA_STYLE_COLOUR('',#11995);
#12143 = STYLED_ITEM('color',(#12144),#7217);
#12144 = PRESENTATION_STYLE_ASSIGNMENT((#12145));
#12145 = SURFACE_STYLE_USAGE(.BOTH.,#12146);
#12146 = SURFACE_SIDE_STYLE('',(#12147));
#12147 = SURFACE_STYLE_FILL_AREA(#12148);
#12148 = FILL_AREA_STYLE('',(#12149));
#12149 = FILL_AREA_STYLE_COLOUR('',#11995);
#12150 = STYLED_ITEM('color',(#12151),#7241);
#12151 = PRESENTATION_STYLE_ASSIGNMENT((#12152));
#12152 = SURFACE_STYLE_USAGE(.BOTH.,#12153);
#12153 = SURFACE_SIDE_STYLE('',(#12154));
#12154 = SURFACE_STYLE_FILL_AREA(#12155);
#12155 = FILL_AREA_STYLE('',(#12156));
#12156 = FILL_AREA_STYLE_COLOUR('',#11995);
#12157 = STYLED_ITEM('color',(#12158),#7258);
#12158 = PRESENTATION_STYLE_ASSIGNMENT((#12159));
#12159 = SURFACE_STYLE_USAGE(.BOTH.,#12160);
#12160 = SURFACE_SIDE_STYLE('',(#12161));
#12161 = SURFACE_STYLE_FILL_AREA(#12162);
#12162 = FILL_AREA_STYLE('',(#12163));
#12163 = FILL_AREA_STYLE_COLOUR('',#11995);
#12164 = STYLED_ITEM('color',(#12165),#7289);
#12165 = PRESENTATION_STYLE_ASSIGNMENT((#12166));
#12166 = SURFACE_STYLE_USAGE(.BOTH.,#12167);
#12167 = SURFACE_SIDE_STYLE('',(#12168));
#12168 = SURFACE_STYLE_FILL_AREA(#12169);
#12169 = FILL_AREA_STYLE('',(#12170));
#12170 = FILL_AREA_STYLE_COLOUR('',#11995);
#12171 = STYLED_ITEM('color',(#12172),#7313);
#12172 = PRESENTATION_STYLE_ASSIGNMENT((#12173));
#12173 = SURFACE_STYLE_USAGE(.BOTH.,#12174);
#12174 = SURFACE_SIDE_STYLE('',(#12175));
#12175 = SURFACE_STYLE_FILL_AREA(#12176);
#12176 = FILL_AREA_STYLE('',(#12177));
#12177 = FILL_AREA_STYLE_COLOUR('',#11995);
#12178 = STYLED_ITEM('color',(#12179),#7337);
#12179 = PRESENTATION_STYLE_ASSIGNMENT((#12180));
#12180 = SURFACE_STYLE_USAGE(.BOTH.,#12181);
#12181 = SURFACE_SIDE_STYLE('',(#12182));
#12182 = SURFACE_STYLE_FILL_AREA(#12183);
#12183 = FILL_AREA_STYLE('',(#12184));
#12184 = FILL_AREA_STYLE_COLOUR('',#11995);
#12185 = STYLED_ITEM('color',(#12186),#7354);
#12186 = PRESENTATION_STYLE_ASSIGNMENT((#12187));
#12187 = SURFACE_STYLE_USAGE(.BOTH.,#12188);
#12188 = SURFACE_SIDE_STYLE('',(#12189));
#12189 = SURFACE_STYLE_FILL_AREA(#12190);
#12190 = FILL_AREA_STYLE('',(#12191));
#12191 = FILL_AREA_STYLE_COLOUR('',#11995);
#12192 = STYLED_ITEM('color',(#12193),#7385);
#12193 = PRESENTATION_STYLE_ASSIGNMENT((#12194));
#12194 = SURFACE_STYLE_USAGE(.BOTH.,#12195);
#12195 = SURFACE_SIDE_STYLE('',(#12196));
#12196 = SURFACE_STYLE_FILL_AREA(#12197);
#12197 = FILL_AREA_STYLE('',(#12198));
#12198 = FILL_AREA_STYLE_COLOUR('',#11995);
#12199 = STYLED_ITEM('color',(#12200),#7409);
#12200 = PRESENTATION_STYLE_ASSIGNMENT((#12201));
#12201 = SURFACE_STYLE_USAGE(.BOTH.,#12202);
#12202 = SURFACE_SIDE_STYLE('',(#12203));
#12203 = SURFACE_STYLE_FILL_AREA(#12204);
#12204 = FILL_AREA_STYLE('',(#12205));
#12205 = FILL_AREA_STYLE_COLOUR('',#11995);
#12206 = STYLED_ITEM('color',(#12207),#7433);
#12207 = PRESENTATION_STYLE_ASSIGNMENT((#12208));
#12208 = SURFACE_STYLE_USAGE(.BOTH.,#12209);
#12209 = SURFACE_SIDE_STYLE('',(#12210));
#12210 = SURFACE_STYLE_FILL_AREA(#12211);
#12211 = FILL_AREA_STYLE('',(#12212));
#12212 = FILL_AREA_STYLE_COLOUR('',#11995);
#12213 = STYLED_ITEM('color',(#12214),#7450);
#12214 = PRESENTATION_STYLE_ASSIGNMENT((#12215));
#12215 = SURFACE_STYLE_USAGE(.BOTH.,#12216);
#12216 = SURFACE_SIDE_STYLE('',(#12217));
#12217 = SURFACE_STYLE_FILL_AREA(#12218);
#12218 = FILL_AREA_STYLE('',(#12219));
#12219 = FILL_AREA_STYLE_COLOUR('',#11995);
#12220 = STYLED_ITEM('color',(#12221),#7462);
#12221 = PRESENTATION_STYLE_ASSIGNMENT((#12222));
#12222 = SURFACE_STYLE_USAGE(.BOTH.,#12223);
#12223 = SURFACE_SIDE_STYLE('',(#12224));
#12224 = SURFACE_STYLE_FILL_AREA(#12225);
#12225 = FILL_AREA_STYLE('',(#12226));
#12226 = FILL_AREA_STYLE_COLOUR('',#11995);
#12227 = STYLED_ITEM('color',(#12228),#7474);
#12228 = PRESENTATION_STYLE_ASSIGNMENT((#12229));
#12229 = SURFACE_STYLE_USAGE(.BOTH.,#12230);
#12230 = SURFACE_SIDE_STYLE('',(#12231));
#12231 = SURFACE_STYLE_FILL_AREA(#12232);
#12232 = FILL_AREA_STYLE('',(#12233));
#12233 = FILL_AREA_STYLE_COLOUR('',#11995);
#12234 = STYLED_ITEM('color',(#12235),#7486);
#12235 = PRESENTATION_STYLE_ASSIGNMENT((#12236));
#12236 = SURFACE_STYLE_USAGE(.BOTH.,#12237);
#12237 = SURFACE_SIDE_STYLE('',(#12238));
#12238 = SURFACE_STYLE_FILL_AREA(#12239);
#12239 = FILL_AREA_STYLE('',(#12240));
#12240 = FILL_AREA_STYLE_COLOUR('',#11995);
#12241 = MECHANICAL_DESIGN_GEOMETRIC_PRESENTATION_REPRESENTATION('',(
    #12242),#11863);
#12242 = STYLED_ITEM('color',(#12243),#9626);
#12243 = PRESENTATION_STYLE_ASSIGNMENT((#12244));
#12244 = SURFACE_STYLE_USAGE(.BOTH.,#12245);
#12245 = SURFACE_SIDE_STYLE('',(#12246));
#12246 = SURFACE_STYLE_FILL_AREA(#12247);
#12247 = FILL_AREA_STYLE('',(#12248));
#12248 = FILL_AREA_STYLE_COLOUR('',#12249);
#12249 = COLOUR_RGB('',0.313304153717,0.484529207832,0.410020903123);
#12250 = MECHANICAL_DESIGN_GEOMETRIC_PRESENTATION_REPRESENTATION('',(
    #12251,#12259,#12266,#12273,#12280,#12287,#12294,#12302,#12309,
    #12316,#12323,#12330,#12337,#12344,#12351,#12358),#1246);
#12251 = STYLED_ITEM('color',(#12252),#785);
#12252 = PRESENTATION_STYLE_ASSIGNMENT((#12253));
#12253 = SURFACE_STYLE_USAGE(.BOTH.,#12254);
#12254 = SURFACE_SIDE_STYLE('',(#12255));
#12255 = SURFACE_STYLE_FILL_AREA(#12256);
#12256 = FILL_AREA_STYLE('',(#12257));
#12257 = FILL_AREA_STYLE_COLOUR('',#12258);
#12258 = COLOUR_RGB('',0.699999984889,9.999999991362E-02,
  5.000000142576E-02);
#12259 = STYLED_ITEM('color',(#12260),#812);
#12260 = PRESENTATION_STYLE_ASSIGNMENT((#12261));
#12261 = SURFACE_STYLE_USAGE(.BOTH.,#12262);
#12262 = SURFACE_SIDE_STYLE('',(#12263));
#12263 = SURFACE_STYLE_FILL_AREA(#12264);
#12264 = FILL_AREA_STYLE('',(#12265));
#12265 = FILL_AREA_STYLE_COLOUR('',#12258);
#12266 = STYLED_ITEM('color',(#12267),#857);
#12267 = PRESENTATION_STYLE_ASSIGNMENT((#12268));
#12268 = SURFACE_STYLE_USAGE(.BOTH.,#12269);
#12269 = SURFACE_SIDE_STYLE('',(#12270));
#12270 = SURFACE_STYLE_FILL_AREA(#12271);
#12271 = FILL_AREA_STYLE('',(#12272));
#12272 = FILL_AREA_STYLE_COLOUR('',#12258);
#12273 = STYLED_ITEM('color',(#12274),#901);
#12274 = PRESENTATION_STYLE_ASSIGNMENT((#12275));
#12275 = SURFACE_STYLE_USAGE(.BOTH.,#12276);
#12276 = SURFACE_SIDE_STYLE('',(#12277));
#12277 = SURFACE_STYLE_FILL_AREA(#12278);
#12278 = FILL_AREA_STYLE('',(#12279));
#12279 = FILL_AREA_STYLE_COLOUR('',#12258);
#12280 = STYLED_ITEM('color',(#12281),#933);
#12281 = PRESENTATION_STYLE_ASSIGNMENT((#12282));
#12282 = SURFACE_STYLE_USAGE(.BOTH.,#12283);
#12283 = SURFACE_SIDE_STYLE('',(#12284));
#12284 = SURFACE_STYLE_FILL_AREA(#12285);
#12285 = FILL_AREA_STYLE('',(#12286));
#12286 = FILL_AREA_STYLE_COLOUR('',#12258);
#12287 = STYLED_ITEM('color',(#12288),#952);
#12288 = PRESENTATION_STYLE_ASSIGNMENT((#12289));
#12289 = SURFACE_STYLE_USAGE(.BOTH.,#12290);
#12290 = SURFACE_SIDE_STYLE('',(#12291));
#12291 = SURFACE_STYLE_FILL_AREA(#12292);
#12292 = FILL_AREA_STYLE('',(#12293));
#12293 = FILL_AREA_STYLE_COLOUR('',#12258);
#12294 = STYLED_ITEM('color',(#12295),#1030);
#12295 = PRESENTATION_STYLE_ASSIGNMENT((#12296));
#12296 = SURFACE_STYLE_USAGE(.BOTH.,#12297);
#12297 = SURFACE_SIDE_STYLE('',(#12298));
#12298 = SURFACE_STYLE_FILL_AREA(#12299);
#12299 = FILL_AREA_STYLE('',(#12300));
#12300 = FILL_AREA_STYLE_COLOUR('',#12301);
#12301 = COLOUR_RGB('',0.823999987314,0.819999987296,0.781000009244);
#12302 = STYLED_ITEM('color',(#12303),#1061);
#12303 = PRESENTATION_STYLE_ASSIGNMENT((#12304));
#12304 = SURFACE_STYLE_USAGE(.BOTH.,#12305);
#12305 = SURFACE_SIDE_STYLE('',(#12306));
#12306 = SURFACE_STYLE_FILL_AREA(#12307);
#12307 = FILL_AREA_STYLE('',(#12308));
#12308 = FILL_AREA_STYLE_COLOUR('',#12301);
#12309 = STYLED_ITEM('color',(#12310),#1085);
#12310 = PRESENTATION_STYLE_ASSIGNMENT((#12311));
#12311 = SURFACE_STYLE_USAGE(.BOTH.,#12312);
#12312 = SURFACE_SIDE_STYLE('',(#12313));
#12313 = SURFACE_STYLE_FILL_AREA(#12314);
#12314 = FILL_AREA_STYLE('',(#12315));
#12315 = FILL_AREA_STYLE_COLOUR('',#12301);
#12316 = STYLED_ITEM('color',(#12317),#1109);
#12317 = PRESENTATION_STYLE_ASSIGNMENT((#12318));
#12318 = SURFACE_STYLE_USAGE(.BOTH.,#12319);
#12319 = SURFACE_SIDE_STYLE('',(#12320));
#12320 = SURFACE_STYLE_FILL_AREA(#12321);
#12321 = FILL_AREA_STYLE('',(#12322));
#12322 = FILL_AREA_STYLE_COLOUR('',#12301);
#12323 = STYLED_ITEM('color',(#12324),#1126);
#12324 = PRESENTATION_STYLE_ASSIGNMENT((#12325));
#12325 = SURFACE_STYLE_USAGE(.BOTH.,#12326);
#12326 = SURFACE_SIDE_STYLE('',(#12327));
#12327 = SURFACE_STYLE_FILL_AREA(#12328);
#12328 = FILL_AREA_STYLE('',(#12329));
#12329 = FILL_AREA_STYLE_COLOUR('',#12301);
#12330 = STYLED_ITEM('color',(#12331),#1157);
#12331 = PRESENTATION_STYLE_ASSIGNMENT((#12332));
#12332 = SURFACE_STYLE_USAGE(.BOTH.,#12333);
#12333 = SURFACE_SIDE_STYLE('',(#12334));
#12334 = SURFACE_STYLE_FILL_AREA(#12335);
#12335 = FILL_AREA_STYLE('',(#12336));
#12336 = FILL_AREA_STYLE_COLOUR('',#12301);
#12337 = STYLED_ITEM('color',(#12338),#1181);
#12338 = PRESENTATION_STYLE_ASSIGNMENT((#12339));
#12339 = SURFACE_STYLE_USAGE(.BOTH.,#12340);
#12340 = SURFACE_SIDE_STYLE('',(#12341));
#12341 = SURFACE_STYLE_FILL_AREA(#12342);
#12342 = FILL_AREA_STYLE('',(#12343));
#12343 = FILL_AREA_STYLE_COLOUR('',#12301);
#12344 = STYLED_ITEM('color',(#12345),#1205);
#12345 = PRESENTATION_STYLE_ASSIGNMENT((#12346));
#12346 = SURFACE_STYLE_USAGE(.BOTH.,#12347);
#12347 = SURFACE_SIDE_STYLE('',(#12348));
#12348 = SURFACE_STYLE_FILL_AREA(#12349);
#12349 = FILL_AREA_STYLE('',(#12350));
#12350 = FILL_AREA_STYLE_COLOUR('',#12301);
#12351 = STYLED_ITEM('color',(#12352),#1222);
#12352 = PRESENTATION_STYLE_ASSIGNMENT((#12353));
#12353 = SURFACE_STYLE_USAGE(.BOTH.,#12354);
#12354 = SURFACE_SIDE_STYLE('',(#12355));
#12355 = SURFACE_STYLE_FILL_AREA(#12356);
#12356 = FILL_AREA_STYLE('',(#12357));
#12357 = FILL_AREA_STYLE_COLOUR('',#12301);
#12358 = STYLED_ITEM('color',(#12359),#1234);
#12359 = PRESENTATION_STYLE_ASSIGNMENT((#12360));
#12360 = SURFACE_STYLE_USAGE(.BOTH.,#12361);
#12361 = SURFACE_SIDE_STYLE('',(#12362));
#12362 = SURFACE_STYLE_FILL_AREA(#12363);
#12363 = FILL_AREA_STYLE('',(#12364));
#12364 = FILL_AREA_STYLE_COLOUR('',#12301);
#12365 = MECHANICAL_DESIGN_GEOMETRIC_PRESENTATION_REPRESENTATION('',(
    #12366,#12373,#12380,#12387,#12394,#12401,#12408,#12415,#12422,
    #12429,#12436,#12443,#12450,#12457,#12464,#12471,#12478,#12485,
    #12492,#12499,#12506,#12513,#12520,#12527,#12534,#12541,#12548,
    #12555,#12562,#12569,#12576,#12583,#12590,#12597,#12604,#12611,
    #12618,#12625,#12632,#12639,#12646,#12653,#12660,#12667,#12674,
    #12681,#12688,#12695,#12702,#12709,#12716,#12723,#12730,#12737,
    #12744,#12751,#12758,#12765,#12772,#12779,#12786,#12793,#12800,
    #12807,#12814,#12821,#12828,#12835,#12842,#12849,#12856,#12863,
    #12870,#12877,#12884,#12891,#12898,#12905,#12912,#12919,#12926,
    #12933,#12940,#12947,#12954,#12961,#12968,#12975,#12982,#12989,
    #12996,#13003,#13010,#13017,#13024,#13031,#13038,#13045,#13052,
    #13059,#13066,#13073,#13080,#13087,#13094,#13101,#13108,#13115,
    #13122,#13129,#13136,#13143,#13150,#13157,#13164,#13171,#13178,
    #13185,#13192,#13199,#13206,#13213,#13220,#13227,#13234,#13241,
    #13248,#13255,#13262,#13269,#13276,#13283,#13290,#13297,#13304,
    #13311,#13318,#13325,#13332,#13339,#13346,#13353,#13360,#13367,
    #13374,#13381,#13388,#13395),#6042);
#12366 = STYLED_ITEM('color',(#12367),#1272);
#12367 = PRESENTATION_STYLE_ASSIGNMENT((#12368));
#12368 = SURFACE_STYLE_USAGE(.BOTH.,#12369);
#12369 = SURFACE_SIDE_STYLE('',(#12370));
#12370 = SURFACE_STYLE_FILL_AREA(#12371);
#12371 = FILL_AREA_STYLE('',(#12372));
#12372 = FILL_AREA_STYLE_COLOUR('',#11882);
#12373 = STYLED_ITEM('color',(#12374),#1312);
#12374 = PRESENTATION_STYLE_ASSIGNMENT((#12375));
#12375 = SURFACE_STYLE_USAGE(.BOTH.,#12376);
#12376 = SURFACE_SIDE_STYLE('',(#12377));
#12377 = SURFACE_STYLE_FILL_AREA(#12378);
#12378 = FILL_AREA_STYLE('',(#12379));
#12379 = FILL_AREA_STYLE_COLOUR('',#11882);
#12380 = STYLED_ITEM('color',(#12381),#1405);
#12381 = PRESENTATION_STYLE_ASSIGNMENT((#12382));
#12382 = SURFACE_STYLE_USAGE(.BOTH.,#12383);
#12383 = SURFACE_SIDE_STYLE('',(#12384));
#12384 = SURFACE_STYLE_FILL_AREA(#12385);
#12385 = FILL_AREA_STYLE('',(#12386));
#12386 = FILL_AREA_STYLE_COLOUR('',#11882);
#12387 = STYLED_ITEM('color',(#12388),#1428);
#12388 = PRESENTATION_STYLE_ASSIGNMENT((#12389));
#12389 = SURFACE_STYLE_USAGE(.BOTH.,#12390);
#12390 = SURFACE_SIDE_STYLE('',(#12391));
#12391 = SURFACE_STYLE_FILL_AREA(#12392);
#12392 = FILL_AREA_STYLE('',(#12393));
#12393 = FILL_AREA_STYLE_COLOUR('',#11882);
#12394 = STYLED_ITEM('color',(#12395),#1515);
#12395 = PRESENTATION_STYLE_ASSIGNMENT((#12396));
#12396 = SURFACE_STYLE_USAGE(.BOTH.,#12397);
#12397 = SURFACE_SIDE_STYLE('',(#12398));
#12398 = SURFACE_STYLE_FILL_AREA(#12399);
#12399 = FILL_AREA_STYLE('',(#12400));
#12400 = FILL_AREA_STYLE_COLOUR('',#11882);
#12401 = STYLED_ITEM('color',(#12402),#1532);
#12402 = PRESENTATION_STYLE_ASSIGNMENT((#12403));
#12403 = SURFACE_STYLE_USAGE(.BOTH.,#12404);
#12404 = SURFACE_SIDE_STYLE('',(#12405));
#12405 = SURFACE_STYLE_FILL_AREA(#12406);
#12406 = FILL_AREA_STYLE('',(#12407));
#12407 = FILL_AREA_STYLE_COLOUR('',#11882);
#12408 = STYLED_ITEM('color',(#12409),#1562);
#12409 = PRESENTATION_STYLE_ASSIGNMENT((#12410));
#12410 = SURFACE_STYLE_USAGE(.BOTH.,#12411);
#12411 = SURFACE_SIDE_STYLE('',(#12412));
#12412 = SURFACE_STYLE_FILL_AREA(#12413);
#12413 = FILL_AREA_STYLE('',(#12414));
#12414 = FILL_AREA_STYLE_COLOUR('',#11882);
#12415 = STYLED_ITEM('color',(#12416),#1592);
#12416 = PRESENTATION_STYLE_ASSIGNMENT((#12417));
#12417 = SURFACE_STYLE_USAGE(.BOTH.,#12418);
#12418 = SURFACE_SIDE_STYLE('',(#12419));
#12419 = SURFACE_STYLE_FILL_AREA(#12420);
#12420 = FILL_AREA_STYLE('',(#12421));
#12421 = FILL_AREA_STYLE_COLOUR('',#12301);
#12422 = STYLED_ITEM('color',(#12423),#1623);
#12423 = PRESENTATION_STYLE_ASSIGNMENT((#12424));
#12424 = SURFACE_STYLE_USAGE(.BOTH.,#12425);
#12425 = SURFACE_SIDE_STYLE('',(#12426));
#12426 = SURFACE_STYLE_FILL_AREA(#12427);
#12427 = FILL_AREA_STYLE('',(#12428));
#12428 = FILL_AREA_STYLE_COLOUR('',#12301);
#12429 = STYLED_ITEM('color',(#12430),#1654);
#12430 = PRESENTATION_STYLE_ASSIGNMENT((#12431));
#12431 = SURFACE_STYLE_USAGE(.BOTH.,#12432);
#12432 = SURFACE_SIDE_STYLE('',(#12433));
#12433 = SURFACE_STYLE_FILL_AREA(#12434);
#12434 = FILL_AREA_STYLE('',(#12435));
#12435 = FILL_AREA_STYLE_COLOUR('',#11882);
#12436 = STYLED_ITEM('color',(#12437),#1685);
#12437 = PRESENTATION_STYLE_ASSIGNMENT((#12438));
#12438 = SURFACE_STYLE_USAGE(.BOTH.,#12439);
#12439 = SURFACE_SIDE_STYLE('',(#12440));
#12440 = SURFACE_STYLE_FILL_AREA(#12441);
#12441 = FILL_AREA_STYLE('',(#12442));
#12442 = FILL_AREA_STYLE_COLOUR('',#11882);
#12443 = STYLED_ITEM('color',(#12444),#1716);
#12444 = PRESENTATION_STYLE_ASSIGNMENT((#12445));
#12445 = SURFACE_STYLE_USAGE(.BOTH.,#12446);
#12446 = SURFACE_SIDE_STYLE('',(#12447));
#12447 = SURFACE_STYLE_FILL_AREA(#12448);
#12448 = FILL_AREA_STYLE('',(#12449));
#12449 = FILL_AREA_STYLE_COLOUR('',#12301);
#12450 = STYLED_ITEM('color',(#12451),#1747);
#12451 = PRESENTATION_STYLE_ASSIGNMENT((#12452));
#12452 = SURFACE_STYLE_USAGE(.BOTH.,#12453);
#12453 = SURFACE_SIDE_STYLE('',(#12454));
#12454 = SURFACE_STYLE_FILL_AREA(#12455);
#12455 = FILL_AREA_STYLE('',(#12456));
#12456 = FILL_AREA_STYLE_COLOUR('',#12301);
#12457 = STYLED_ITEM('color',(#12458),#1778);
#12458 = PRESENTATION_STYLE_ASSIGNMENT((#12459));
#12459 = SURFACE_STYLE_USAGE(.BOTH.,#12460);
#12460 = SURFACE_SIDE_STYLE('',(#12461));
#12461 = SURFACE_STYLE_FILL_AREA(#12462);
#12462 = FILL_AREA_STYLE('',(#12463));
#12463 = FILL_AREA_STYLE_COLOUR('',#11882);
#12464 = STYLED_ITEM('color',(#12465),#1809);
#12465 = PRESENTATION_STYLE_ASSIGNMENT((#12466));
#12466 = SURFACE_STYLE_USAGE(.BOTH.,#12467);
#12467 = SURFACE_SIDE_STYLE('',(#12468));
#12468 = SURFACE_STYLE_FILL_AREA(#12469);
#12469 = FILL_AREA_STYLE('',(#12470));
#12470 = FILL_AREA_STYLE_COLOUR('',#11882);
#12471 = STYLED_ITEM('color',(#12472),#1832);
#12472 = PRESENTATION_STYLE_ASSIGNMENT((#12473));
#12473 = SURFACE_STYLE_USAGE(.BOTH.,#12474);
#12474 = SURFACE_SIDE_STYLE('',(#12475));
#12475 = SURFACE_STYLE_FILL_AREA(#12476);
#12476 = FILL_AREA_STYLE('',(#12477));
#12477 = FILL_AREA_STYLE_COLOUR('',#11882);
#12478 = STYLED_ITEM('color',(#12479),#1856);
#12479 = PRESENTATION_STYLE_ASSIGNMENT((#12480));
#12480 = SURFACE_STYLE_USAGE(.BOTH.,#12481);
#12481 = SURFACE_SIDE_STYLE('',(#12482));
#12482 = SURFACE_STYLE_FILL_AREA(#12483);
#12483 = FILL_AREA_STYLE('',(#12484));
#12484 = FILL_AREA_STYLE_COLOUR('',#11882);
#12485 = STYLED_ITEM('color',(#12486),#1886);
#12486 = PRESENTATION_STYLE_ASSIGNMENT((#12487));
#12487 = SURFACE_STYLE_USAGE(.BOTH.,#12488);
#12488 = SURFACE_SIDE_STYLE('',(#12489));
#12489 = SURFACE_STYLE_FILL_AREA(#12490);
#12490 = FILL_AREA_STYLE('',(#12491));
#12491 = FILL_AREA_STYLE_COLOUR('',#12301);
#12492 = STYLED_ITEM('color',(#12493),#1917);
#12493 = PRESENTATION_STYLE_ASSIGNMENT((#12494));
#12494 = SURFACE_STYLE_USAGE(.BOTH.,#12495);
#12495 = SURFACE_SIDE_STYLE('',(#12496));
#12496 = SURFACE_STYLE_FILL_AREA(#12497);
#12497 = FILL_AREA_STYLE('',(#12498));
#12498 = FILL_AREA_STYLE_COLOUR('',#12301);
#12499 = STYLED_ITEM('color',(#12500),#1948);
#12500 = PRESENTATION_STYLE_ASSIGNMENT((#12501));
#12501 = SURFACE_STYLE_USAGE(.BOTH.,#12502);
#12502 = SURFACE_SIDE_STYLE('',(#12503));
#12503 = SURFACE_STYLE_FILL_AREA(#12504);
#12504 = FILL_AREA_STYLE('',(#12505));
#12505 = FILL_AREA_STYLE_COLOUR('',#11882);
#12506 = STYLED_ITEM('color',(#12507),#1979);
#12507 = PRESENTATION_STYLE_ASSIGNMENT((#12508));
#12508 = SURFACE_STYLE_USAGE(.BOTH.,#12509);
#12509 = SURFACE_SIDE_STYLE('',(#12510));
#12510 = SURFACE_STYLE_FILL_AREA(#12511);
#12511 = FILL_AREA_STYLE('',(#12512));
#12512 = FILL_AREA_STYLE_COLOUR('',#11882);
#12513 = STYLED_ITEM('color',(#12514),#2010);
#12514 = PRESENTATION_STYLE_ASSIGNMENT((#12515));
#12515 = SURFACE_STYLE_USAGE(.BOTH.,#12516);
#12516 = SURFACE_SIDE_STYLE('',(#12517));
#12517 = SURFACE_STYLE_FILL_AREA(#12518);
#12518 = FILL_AREA_STYLE('',(#12519));
#12519 = FILL_AREA_STYLE_COLOUR('',#12301);
#12520 = STYLED_ITEM('color',(#12521),#2041);
#12521 = PRESENTATION_STYLE_ASSIGNMENT((#12522));
#12522 = SURFACE_STYLE_USAGE(.BOTH.,#12523);
#12523 = SURFACE_SIDE_STYLE('',(#12524));
#12524 = SURFACE_STYLE_FILL_AREA(#12525);
#12525 = FILL_AREA_STYLE('',(#12526));
#12526 = FILL_AREA_STYLE_COLOUR('',#12301);
#12527 = STYLED_ITEM('color',(#12528),#2072);
#12528 = PRESENTATION_STYLE_ASSIGNMENT((#12529));
#12529 = SURFACE_STYLE_USAGE(.BOTH.,#12530);
#12530 = SURFACE_SIDE_STYLE('',(#12531));
#12531 = SURFACE_STYLE_FILL_AREA(#12532);
#12532 = FILL_AREA_STYLE('',(#12533));
#12533 = FILL_AREA_STYLE_COLOUR('',#11882);
#12534 = STYLED_ITEM('color',(#12535),#2103);
#12535 = PRESENTATION_STYLE_ASSIGNMENT((#12536));
#12536 = SURFACE_STYLE_USAGE(.BOTH.,#12537);
#12537 = SURFACE_SIDE_STYLE('',(#12538));
#12538 = SURFACE_STYLE_FILL_AREA(#12539);
#12539 = FILL_AREA_STYLE('',(#12540));
#12540 = FILL_AREA_STYLE_COLOUR('',#11882);
#12541 = STYLED_ITEM('color',(#12542),#2120);
#12542 = PRESENTATION_STYLE_ASSIGNMENT((#12543));
#12543 = SURFACE_STYLE_USAGE(.BOTH.,#12544);
#12544 = SURFACE_SIDE_STYLE('',(#12545));
#12545 = SURFACE_STYLE_FILL_AREA(#12546);
#12546 = FILL_AREA_STYLE('',(#12547));
#12547 = FILL_AREA_STYLE_COLOUR('',#11882);
#12548 = STYLED_ITEM('color',(#12549),#2150);
#12549 = PRESENTATION_STYLE_ASSIGNMENT((#12550));
#12550 = SURFACE_STYLE_USAGE(.BOTH.,#12551);
#12551 = SURFACE_SIDE_STYLE('',(#12552));
#12552 = SURFACE_STYLE_FILL_AREA(#12553);
#12553 = FILL_AREA_STYLE('',(#12554));
#12554 = FILL_AREA_STYLE_COLOUR('',#12301);
#12555 = STYLED_ITEM('color',(#12556),#2208);
#12556 = PRESENTATION_STYLE_ASSIGNMENT((#12557));
#12557 = SURFACE_STYLE_USAGE(.BOTH.,#12558);
#12558 = SURFACE_SIDE_STYLE('',(#12559));
#12559 = SURFACE_STYLE_FILL_AREA(#12560);
#12560 = FILL_AREA_STYLE('',(#12561));
#12561 = FILL_AREA_STYLE_COLOUR('',#12301);
#12562 = STYLED_ITEM('color',(#12563),#2266);
#12563 = PRESENTATION_STYLE_ASSIGNMENT((#12564));
#12564 = SURFACE_STYLE_USAGE(.BOTH.,#12565);
#12565 = SURFACE_SIDE_STYLE('',(#12566));
#12566 = SURFACE_STYLE_FILL_AREA(#12567);
#12567 = FILL_AREA_STYLE('',(#12568));
#12568 = FILL_AREA_STYLE_COLOUR('',#11882);
#12569 = STYLED_ITEM('color',(#12570),#2296);
#12570 = PRESENTATION_STYLE_ASSIGNMENT((#12571));
#12571 = SURFACE_STYLE_USAGE(.BOTH.,#12572);
#12572 = SURFACE_SIDE_STYLE('',(#12573));
#12573 = SURFACE_STYLE_FILL_AREA(#12574);
#12574 = FILL_AREA_STYLE('',(#12575));
#12575 = FILL_AREA_STYLE_COLOUR('',#12301);
#12576 = STYLED_ITEM('color',(#12577),#2354);
#12577 = PRESENTATION_STYLE_ASSIGNMENT((#12578));
#12578 = SURFACE_STYLE_USAGE(.BOTH.,#12579);
#12579 = SURFACE_SIDE_STYLE('',(#12580));
#12580 = SURFACE_STYLE_FILL_AREA(#12581);
#12581 = FILL_AREA_STYLE('',(#12582));
#12582 = FILL_AREA_STYLE_COLOUR('',#12301);
#12583 = STYLED_ITEM('color',(#12584),#2371);
#12584 = PRESENTATION_STYLE_ASSIGNMENT((#12585));
#12585 = SURFACE_STYLE_USAGE(.BOTH.,#12586);
#12586 = SURFACE_SIDE_STYLE('',(#12587));
#12587 = SURFACE_STYLE_FILL_AREA(#12588);
#12588 = FILL_AREA_STYLE('',(#12589));
#12589 = FILL_AREA_STYLE_COLOUR('',#12301);
#12590 = STYLED_ITEM('color',(#12591),#2396);
#12591 = PRESENTATION_STYLE_ASSIGNMENT((#12592));
#12592 = SURFACE_STYLE_USAGE(.BOTH.,#12593);
#12593 = SURFACE_SIDE_STYLE('',(#12594));
#12594 = SURFACE_STYLE_FILL_AREA(#12595);
#12595 = FILL_AREA_STYLE('',(#12596));
#12596 = FILL_AREA_STYLE_COLOUR('',#12301);
#12597 = STYLED_ITEM('color',(#12598),#2446);
#12598 = PRESENTATION_STYLE_ASSIGNMENT((#12599));
#12599 = SURFACE_STYLE_USAGE(.BOTH.,#12600);
#12600 = SURFACE_SIDE_STYLE('',(#12601));
#12601 = SURFACE_STYLE_FILL_AREA(#12602);
#12602 = FILL_AREA_STYLE('',(#12603));
#12603 = FILL_AREA_STYLE_COLOUR('',#11882);
#12604 = STYLED_ITEM('color',(#12605),#2477);
#12605 = PRESENTATION_STYLE_ASSIGNMENT((#12606));
#12606 = SURFACE_STYLE_USAGE(.BOTH.,#12607);
#12607 = SURFACE_SIDE_STYLE('',(#12608));
#12608 = SURFACE_STYLE_FILL_AREA(#12609);
#12609 = FILL_AREA_STYLE('',(#12610));
#12610 = FILL_AREA_STYLE_COLOUR('',#12301);
#12611 = STYLED_ITEM('color',(#12612),#2535);
#12612 = PRESENTATION_STYLE_ASSIGNMENT((#12613));
#12613 = SURFACE_STYLE_USAGE(.BOTH.,#12614);
#12614 = SURFACE_SIDE_STYLE('',(#12615));
#12615 = SURFACE_STYLE_FILL_AREA(#12616);
#12616 = FILL_AREA_STYLE('',(#12617));
#12617 = FILL_AREA_STYLE_COLOUR('',#12301);
#12618 = STYLED_ITEM('color',(#12619),#2593);
#12619 = PRESENTATION_STYLE_ASSIGNMENT((#12620));
#12620 = SURFACE_STYLE_USAGE(.BOTH.,#12621);
#12621 = SURFACE_SIDE_STYLE('',(#12622));
#12622 = SURFACE_STYLE_FILL_AREA(#12623);
#12623 = FILL_AREA_STYLE('',(#12624));
#12624 = FILL_AREA_STYLE_COLOUR('',#11882);
#12625 = STYLED_ITEM('color',(#12626),#2624);
#12626 = PRESENTATION_STYLE_ASSIGNMENT((#12627));
#12627 = SURFACE_STYLE_USAGE(.BOTH.,#12628);
#12628 = SURFACE_SIDE_STYLE('',(#12629));
#12629 = SURFACE_STYLE_FILL_AREA(#12630);
#12630 = FILL_AREA_STYLE('',(#12631));
#12631 = FILL_AREA_STYLE_COLOUR('',#12301);
#12632 = STYLED_ITEM('color',(#12633),#2682);
#12633 = PRESENTATION_STYLE_ASSIGNMENT((#12634));
#12634 = SURFACE_STYLE_USAGE(.BOTH.,#12635);
#12635 = SURFACE_SIDE_STYLE('',(#12636));
#12636 = SURFACE_STYLE_FILL_AREA(#12637);
#12637 = FILL_AREA_STYLE('',(#12638));
#12638 = FILL_AREA_STYLE_COLOUR('',#12301);
#12639 = STYLED_ITEM('color',(#12640),#2699);
#12640 = PRESENTATION_STYLE_ASSIGNMENT((#12641));
#12641 = SURFACE_STYLE_USAGE(.BOTH.,#12642);
#12642 = SURFACE_SIDE_STYLE('',(#12643));
#12643 = SURFACE_STYLE_FILL_AREA(#12644);
#12644 = FILL_AREA_STYLE('',(#12645));
#12645 = FILL_AREA_STYLE_COLOUR('',#12301);
#12646 = STYLED_ITEM('color',(#12647),#2724);
#12647 = PRESENTATION_STYLE_ASSIGNMENT((#12648));
#12648 = SURFACE_STYLE_USAGE(.BOTH.,#12649);
#12649 = SURFACE_SIDE_STYLE('',(#12650));
#12650 = SURFACE_STYLE_FILL_AREA(#12651);
#12651 = FILL_AREA_STYLE('',(#12652));
#12652 = FILL_AREA_STYLE_COLOUR('',#12301);
#12653 = STYLED_ITEM('color',(#12654),#2774);
#12654 = PRESENTATION_STYLE_ASSIGNMENT((#12655));
#12655 = SURFACE_STYLE_USAGE(.BOTH.,#12656);
#12656 = SURFACE_SIDE_STYLE('',(#12657));
#12657 = SURFACE_STYLE_FILL_AREA(#12658);
#12658 = FILL_AREA_STYLE('',(#12659));
#12659 = FILL_AREA_STYLE_COLOUR('',#11882);
#12660 = STYLED_ITEM('color',(#12661),#2805);
#12661 = PRESENTATION_STYLE_ASSIGNMENT((#12662));
#12662 = SURFACE_STYLE_USAGE(.BOTH.,#12663);
#12663 = SURFACE_SIDE_STYLE('',(#12664));
#12664 = SURFACE_STYLE_FILL_AREA(#12665);
#12665 = FILL_AREA_STYLE('',(#12666));
#12666 = FILL_AREA_STYLE_COLOUR('',#11882);
#12667 = STYLED_ITEM('color',(#12668),#2828);
#12668 = PRESENTATION_STYLE_ASSIGNMENT((#12669));
#12669 = SURFACE_STYLE_USAGE(.BOTH.,#12670);
#12670 = SURFACE_SIDE_STYLE('',(#12671));
#12671 = SURFACE_STYLE_FILL_AREA(#12672);
#12672 = FILL_AREA_STYLE('',(#12673));
#12673 = FILL_AREA_STYLE_COLOUR('',#11882);
#12674 = STYLED_ITEM('color',(#12675),#2852);
#12675 = PRESENTATION_STYLE_ASSIGNMENT((#12676));
#12676 = SURFACE_STYLE_USAGE(.BOTH.,#12677);
#12677 = SURFACE_SIDE_STYLE('',(#12678));
#12678 = SURFACE_STYLE_FILL_AREA(#12679);
#12679 = FILL_AREA_STYLE('',(#12680));
#12680 = FILL_AREA_STYLE_COLOUR('',#12301);
#12681 = STYLED_ITEM('color',(#12682),#2910);
#12682 = PRESENTATION_STYLE_ASSIGNMENT((#12683));
#12683 = SURFACE_STYLE_USAGE(.BOTH.,#12684);
#12684 = SURFACE_SIDE_STYLE('',(#12685));
#12685 = SURFACE_STYLE_FILL_AREA(#12686);
#12686 = FILL_AREA_STYLE('',(#12687));
#12687 = FILL_AREA_STYLE_COLOUR('',#12301);
#12688 = STYLED_ITEM('color',(#12689),#2968);
#12689 = PRESENTATION_STYLE_ASSIGNMENT((#12690));
#12690 = SURFACE_STYLE_USAGE(.BOTH.,#12691);
#12691 = SURFACE_SIDE_STYLE('',(#12692));
#12692 = SURFACE_STYLE_FILL_AREA(#12693);
#12693 = FILL_AREA_STYLE('',(#12694));
#12694 = FILL_AREA_STYLE_COLOUR('',#11882);
#12695 = STYLED_ITEM('color',(#12696),#2998);
#12696 = PRESENTATION_STYLE_ASSIGNMENT((#12697));
#12697 = SURFACE_STYLE_USAGE(.BOTH.,#12698);
#12698 = SURFACE_SIDE_STYLE('',(#12699));
#12699 = SURFACE_STYLE_FILL_AREA(#12700);
#12700 = FILL_AREA_STYLE('',(#12701));
#12701 = FILL_AREA_STYLE_COLOUR('',#12301);
#12702 = STYLED_ITEM('color',(#12703),#3056);
#12703 = PRESENTATION_STYLE_ASSIGNMENT((#12704));
#12704 = SURFACE_STYLE_USAGE(.BOTH.,#12705);
#12705 = SURFACE_SIDE_STYLE('',(#12706));
#12706 = SURFACE_STYLE_FILL_AREA(#12707);
#12707 = FILL_AREA_STYLE('',(#12708));
#12708 = FILL_AREA_STYLE_COLOUR('',#12301);
#12709 = STYLED_ITEM('color',(#12710),#3073);
#12710 = PRESENTATION_STYLE_ASSIGNMENT((#12711));
#12711 = SURFACE_STYLE_USAGE(.BOTH.,#12712);
#12712 = SURFACE_SIDE_STYLE('',(#12713));
#12713 = SURFACE_STYLE_FILL_AREA(#12714);
#12714 = FILL_AREA_STYLE('',(#12715));
#12715 = FILL_AREA_STYLE_COLOUR('',#12301);
#12716 = STYLED_ITEM('color',(#12717),#3131);
#12717 = PRESENTATION_STYLE_ASSIGNMENT((#12718));
#12718 = SURFACE_STYLE_USAGE(.BOTH.,#12719);
#12719 = SURFACE_SIDE_STYLE('',(#12720));
#12720 = SURFACE_STYLE_FILL_AREA(#12721);
#12721 = FILL_AREA_STYLE('',(#12722));
#12722 = FILL_AREA_STYLE_COLOUR('',#12301);
#12723 = STYLED_ITEM('color',(#12724),#3148);
#12724 = PRESENTATION_STYLE_ASSIGNMENT((#12725));
#12725 = SURFACE_STYLE_USAGE(.BOTH.,#12726);
#12726 = SURFACE_SIDE_STYLE('',(#12727));
#12727 = SURFACE_STYLE_FILL_AREA(#12728);
#12728 = FILL_AREA_STYLE('',(#12729));
#12729 = FILL_AREA_STYLE_COLOUR('',#11882);
#12730 = STYLED_ITEM('color',(#12731),#3179);
#12731 = PRESENTATION_STYLE_ASSIGNMENT((#12732));
#12732 = SURFACE_STYLE_USAGE(.BOTH.,#12733);
#12733 = SURFACE_SIDE_STYLE('',(#12734));
#12734 = SURFACE_STYLE_FILL_AREA(#12735);
#12735 = FILL_AREA_STYLE('',(#12736));
#12736 = FILL_AREA_STYLE_COLOUR('',#12301);
#12737 = STYLED_ITEM('color',(#12738),#3237);
#12738 = PRESENTATION_STYLE_ASSIGNMENT((#12739));
#12739 = SURFACE_STYLE_USAGE(.BOTH.,#12740);
#12740 = SURFACE_SIDE_STYLE('',(#12741));
#12741 = SURFACE_STYLE_FILL_AREA(#12742);
#12742 = FILL_AREA_STYLE('',(#12743));
#12743 = FILL_AREA_STYLE_COLOUR('',#12301);
#12744 = STYLED_ITEM('color',(#12745),#3295);
#12745 = PRESENTATION_STYLE_ASSIGNMENT((#12746));
#12746 = SURFACE_STYLE_USAGE(.BOTH.,#12747);
#12747 = SURFACE_SIDE_STYLE('',(#12748));
#12748 = SURFACE_STYLE_FILL_AREA(#12749);
#12749 = FILL_AREA_STYLE('',(#12750));
#12750 = FILL_AREA_STYLE_COLOUR('',#11882);
#12751 = STYLED_ITEM('color',(#12752),#3326);
#12752 = PRESENTATION_STYLE_ASSIGNMENT((#12753));
#12753 = SURFACE_STYLE_USAGE(.BOTH.,#12754);
#12754 = SURFACE_SIDE_STYLE('',(#12755));
#12755 = SURFACE_STYLE_FILL_AREA(#12756);
#12756 = FILL_AREA_STYLE('',(#12757));
#12757 = FILL_AREA_STYLE_COLOUR('',#12301);
#12758 = STYLED_ITEM('color',(#12759),#3384);
#12759 = PRESENTATION_STYLE_ASSIGNMENT((#12760));
#12760 = SURFACE_STYLE_USAGE(.BOTH.,#12761);
#12761 = SURFACE_SIDE_STYLE('',(#12762));
#12762 = SURFACE_STYLE_FILL_AREA(#12763);
#12763 = FILL_AREA_STYLE('',(#12764));
#12764 = FILL_AREA_STYLE_COLOUR('',#12301);
#12765 = STYLED_ITEM('color',(#12766),#3401);
#12766 = PRESENTATION_STYLE_ASSIGNMENT((#12767));
#12767 = SURFACE_STYLE_USAGE(.BOTH.,#12768);
#12768 = SURFACE_SIDE_STYLE('',(#12769));
#12769 = SURFACE_STYLE_FILL_AREA(#12770);
#12770 = FILL_AREA_STYLE('',(#12771));
#12771 = FILL_AREA_STYLE_COLOUR('',#12301);
#12772 = STYLED_ITEM('color',(#12773),#3459);
#12773 = PRESENTATION_STYLE_ASSIGNMENT((#12774));
#12774 = SURFACE_STYLE_USAGE(.BOTH.,#12775);
#12775 = SURFACE_SIDE_STYLE('',(#12776));
#12776 = SURFACE_STYLE_FILL_AREA(#12777);
#12777 = FILL_AREA_STYLE('',(#12778));
#12778 = FILL_AREA_STYLE_COLOUR('',#12301);
#12779 = STYLED_ITEM('color',(#12780),#3476);
#12780 = PRESENTATION_STYLE_ASSIGNMENT((#12781));
#12781 = SURFACE_STYLE_USAGE(.BOTH.,#12782);
#12782 = SURFACE_SIDE_STYLE('',(#12783));
#12783 = SURFACE_STYLE_FILL_AREA(#12784);
#12784 = FILL_AREA_STYLE('',(#12785));
#12785 = FILL_AREA_STYLE_COLOUR('',#11882);
#12786 = STYLED_ITEM('color',(#12787),#3507);
#12787 = PRESENTATION_STYLE_ASSIGNMENT((#12788));
#12788 = SURFACE_STYLE_USAGE(.BOTH.,#12789);
#12789 = SURFACE_SIDE_STYLE('',(#12790));
#12790 = SURFACE_STYLE_FILL_AREA(#12791);
#12791 = FILL_AREA_STYLE('',(#12792));
#12792 = FILL_AREA_STYLE_COLOUR('',#11882);
#12793 = STYLED_ITEM('color',(#12794),#3524);
#12794 = PRESENTATION_STYLE_ASSIGNMENT((#12795));
#12795 = SURFACE_STYLE_USAGE(.BOTH.,#12796);
#12796 = SURFACE_SIDE_STYLE('',(#12797));
#12797 = SURFACE_STYLE_FILL_AREA(#12798);
#12798 = FILL_AREA_STYLE('',(#12799));
#12799 = FILL_AREA_STYLE_COLOUR('',#11882);
#12800 = STYLED_ITEM('color',(#12801),#3581);
#12801 = PRESENTATION_STYLE_ASSIGNMENT((#12802));
#12802 = SURFACE_STYLE_USAGE(.BOTH.,#12803);
#12803 = SURFACE_SIDE_STYLE('',(#12804));
#12804 = SURFACE_STYLE_FILL_AREA(#12805);
#12805 = FILL_AREA_STYLE('',(#12806));
#12806 = FILL_AREA_STYLE_COLOUR('',#12301);
#12807 = STYLED_ITEM('color',(#12808),#3600);
#12808 = PRESENTATION_STYLE_ASSIGNMENT((#12809));
#12809 = SURFACE_STYLE_USAGE(.BOTH.,#12810);
#12810 = SURFACE_SIDE_STYLE('',(#12811));
#12811 = SURFACE_STYLE_FILL_AREA(#12812);
#12812 = FILL_AREA_STYLE('',(#12813));
#12813 = FILL_AREA_STYLE_COLOUR('',#12301);
#12814 = STYLED_ITEM('color',(#12815),#3649);
#12815 = PRESENTATION_STYLE_ASSIGNMENT((#12816));
#12816 = SURFACE_STYLE_USAGE(.BOTH.,#12817);
#12817 = SURFACE_SIDE_STYLE('',(#12818));
#12818 = SURFACE_STYLE_FILL_AREA(#12819);
#12819 = FILL_AREA_STYLE('',(#12820));
#12820 = FILL_AREA_STYLE_COLOUR('',#12301);
#12821 = STYLED_ITEM('color',(#12822),#3673);
#12822 = PRESENTATION_STYLE_ASSIGNMENT((#12823));
#12823 = SURFACE_STYLE_USAGE(.BOTH.,#12824);
#12824 = SURFACE_SIDE_STYLE('',(#12825));
#12825 = SURFACE_STYLE_FILL_AREA(#12826);
#12826 = FILL_AREA_STYLE('',(#12827));
#12827 = FILL_AREA_STYLE_COLOUR('',#12301);
#12828 = STYLED_ITEM('color',(#12829),#3720);
#12829 = PRESENTATION_STYLE_ASSIGNMENT((#12830));
#12830 = SURFACE_STYLE_USAGE(.BOTH.,#12831);
#12831 = SURFACE_SIDE_STYLE('',(#12832));
#12832 = SURFACE_STYLE_FILL_AREA(#12833);
#12833 = FILL_AREA_STYLE('',(#12834));
#12834 = FILL_AREA_STYLE_COLOUR('',#12301);
#12835 = STYLED_ITEM('color',(#12836),#3732);
#12836 = PRESENTATION_STYLE_ASSIGNMENT((#12837));
#12837 = SURFACE_STYLE_USAGE(.BOTH.,#12838);
#12838 = SURFACE_SIDE_STYLE('',(#12839));
#12839 = SURFACE_STYLE_FILL_AREA(#12840);
#12840 = FILL_AREA_STYLE('',(#12841));
#12841 = FILL_AREA_STYLE_COLOUR('',#12301);
#12842 = STYLED_ITEM('color',(#12843),#3751);
#12843 = PRESENTATION_STYLE_ASSIGNMENT((#12844));
#12844 = SURFACE_STYLE_USAGE(.BOTH.,#12845);
#12845 = SURFACE_SIDE_STYLE('',(#12846));
#12846 = SURFACE_STYLE_FILL_AREA(#12847);
#12847 = FILL_AREA_STYLE('',(#12848));
#12848 = FILL_AREA_STYLE_COLOUR('',#12301);
#12849 = STYLED_ITEM('color',(#12850),#3768);
#12850 = PRESENTATION_STYLE_ASSIGNMENT((#12851));
#12851 = SURFACE_STYLE_USAGE(.BOTH.,#12852);
#12852 = SURFACE_SIDE_STYLE('',(#12853));
#12853 = SURFACE_STYLE_FILL_AREA(#12854);
#12854 = FILL_AREA_STYLE('',(#12855));
#12855 = FILL_AREA_STYLE_COLOUR('',#12301);
#12856 = STYLED_ITEM('color',(#12857),#3817);
#12857 = PRESENTATION_STYLE_ASSIGNMENT((#12858));
#12858 = SURFACE_STYLE_USAGE(.BOTH.,#12859);
#12859 = SURFACE_SIDE_STYLE('',(#12860));
#12860 = SURFACE_STYLE_FILL_AREA(#12861);
#12861 = FILL_AREA_STYLE('',(#12862));
#12862 = FILL_AREA_STYLE_COLOUR('',#12301);
#12863 = STYLED_ITEM('color',(#12864),#3841);
#12864 = PRESENTATION_STYLE_ASSIGNMENT((#12865));
#12865 = SURFACE_STYLE_USAGE(.BOTH.,#12866);
#12866 = SURFACE_SIDE_STYLE('',(#12867));
#12867 = SURFACE_STYLE_FILL_AREA(#12868);
#12868 = FILL_AREA_STYLE('',(#12869));
#12869 = FILL_AREA_STYLE_COLOUR('',#12301);
#12870 = STYLED_ITEM('color',(#12871),#3883);
#12871 = PRESENTATION_STYLE_ASSIGNMENT((#12872));
#12872 = SURFACE_STYLE_USAGE(.BOTH.,#12873);
#12873 = SURFACE_SIDE_STYLE('',(#12874));
#12874 = SURFACE_STYLE_FILL_AREA(#12875);
#12875 = FILL_AREA_STYLE('',(#12876));
#12876 = FILL_AREA_STYLE_COLOUR('',#12301);
#12877 = STYLED_ITEM('color',(#12878),#3900);
#12878 = PRESENTATION_STYLE_ASSIGNMENT((#12879));
#12879 = SURFACE_STYLE_USAGE(.BOTH.,#12880);
#12880 = SURFACE_SIDE_STYLE('',(#12881));
#12881 = SURFACE_STYLE_FILL_AREA(#12882);
#12882 = FILL_AREA_STYLE('',(#12883));
#12883 = FILL_AREA_STYLE_COLOUR('',#12301);
#12884 = STYLED_ITEM('color',(#12885),#3917);
#12885 = PRESENTATION_STYLE_ASSIGNMENT((#12886));
#12886 = SURFACE_STYLE_USAGE(.BOTH.,#12887);
#12887 = SURFACE_SIDE_STYLE('',(#12888));
#12888 = SURFACE_STYLE_FILL_AREA(#12889);
#12889 = FILL_AREA_STYLE('',(#12890));
#12890 = FILL_AREA_STYLE_COLOUR('',#12301);
#12891 = STYLED_ITEM('color',(#12892),#3936);
#12892 = PRESENTATION_STYLE_ASSIGNMENT((#12893));
#12893 = SURFACE_STYLE_USAGE(.BOTH.,#12894);
#12894 = SURFACE_SIDE_STYLE('',(#12895));
#12895 = SURFACE_STYLE_FILL_AREA(#12896);
#12896 = FILL_AREA_STYLE('',(#12897));
#12897 = FILL_AREA_STYLE_COLOUR('',#12301);
#12898 = STYLED_ITEM('color',(#12899),#4001);
#12899 = PRESENTATION_STYLE_ASSIGNMENT((#12900));
#12900 = SURFACE_STYLE_USAGE(.BOTH.,#12901);
#12901 = SURFACE_SIDE_STYLE('',(#12902));
#12902 = SURFACE_STYLE_FILL_AREA(#12903);
#12903 = FILL_AREA_STYLE('',(#12904));
#12904 = FILL_AREA_STYLE_COLOUR('',#12301);
#12905 = STYLED_ITEM('color',(#12906),#4025);
#12906 = PRESENTATION_STYLE_ASSIGNMENT((#12907));
#12907 = SURFACE_STYLE_USAGE(.BOTH.,#12908);
#12908 = SURFACE_SIDE_STYLE('',(#12909));
#12909 = SURFACE_STYLE_FILL_AREA(#12910);
#12910 = FILL_AREA_STYLE('',(#12911));
#12911 = FILL_AREA_STYLE_COLOUR('',#12301);
#12912 = STYLED_ITEM('color',(#12913),#4088);
#12913 = PRESENTATION_STYLE_ASSIGNMENT((#12914));
#12914 = SURFACE_STYLE_USAGE(.BOTH.,#12915);
#12915 = SURFACE_SIDE_STYLE('',(#12916));
#12916 = SURFACE_STYLE_FILL_AREA(#12917);
#12917 = FILL_AREA_STYLE('',(#12918));
#12918 = FILL_AREA_STYLE_COLOUR('',#12301);
#12919 = STYLED_ITEM('color',(#12920),#4100);
#12920 = PRESENTATION_STYLE_ASSIGNMENT((#12921));
#12921 = SURFACE_STYLE_USAGE(.BOTH.,#12922);
#12922 = SURFACE_SIDE_STYLE('',(#12923));
#12923 = SURFACE_STYLE_FILL_AREA(#12924);
#12924 = FILL_AREA_STYLE('',(#12925));
#12925 = FILL_AREA_STYLE_COLOUR('',#12301);
#12926 = STYLED_ITEM('color',(#12927),#4165);
#12927 = PRESENTATION_STYLE_ASSIGNMENT((#12928));
#12928 = SURFACE_STYLE_USAGE(.BOTH.,#12929);
#12929 = SURFACE_SIDE_STYLE('',(#12930));
#12930 = SURFACE_STYLE_FILL_AREA(#12931);
#12931 = FILL_AREA_STYLE('',(#12932));
#12932 = FILL_AREA_STYLE_COLOUR('',#12301);
#12933 = STYLED_ITEM('color',(#12934),#4189);
#12934 = PRESENTATION_STYLE_ASSIGNMENT((#12935));
#12935 = SURFACE_STYLE_USAGE(.BOTH.,#12936);
#12936 = SURFACE_SIDE_STYLE('',(#12937));
#12937 = SURFACE_STYLE_FILL_AREA(#12938);
#12938 = FILL_AREA_STYLE('',(#12939));
#12939 = FILL_AREA_STYLE_COLOUR('',#12301);
#12940 = STYLED_ITEM('color',(#12941),#4252);
#12941 = PRESENTATION_STYLE_ASSIGNMENT((#12942));
#12942 = SURFACE_STYLE_USAGE(.BOTH.,#12943);
#12943 = SURFACE_SIDE_STYLE('',(#12944));
#12944 = SURFACE_STYLE_FILL_AREA(#12945);
#12945 = FILL_AREA_STYLE('',(#12946));
#12946 = FILL_AREA_STYLE_COLOUR('',#12301);
#12947 = STYLED_ITEM('color',(#12948),#4269);
#12948 = PRESENTATION_STYLE_ASSIGNMENT((#12949));
#12949 = SURFACE_STYLE_USAGE(.BOTH.,#12950);
#12950 = SURFACE_SIDE_STYLE('',(#12951));
#12951 = SURFACE_STYLE_FILL_AREA(#12952);
#12952 = FILL_AREA_STYLE('',(#12953));
#12953 = FILL_AREA_STYLE_COLOUR('',#12301);
#12954 = STYLED_ITEM('color',(#12955),#4283);
#12955 = PRESENTATION_STYLE_ASSIGNMENT((#12956));
#12956 = SURFACE_STYLE_USAGE(.BOTH.,#12957);
#12957 = SURFACE_SIDE_STYLE('',(#12958));
#12958 = SURFACE_STYLE_FILL_AREA(#12959);
#12959 = FILL_AREA_STYLE('',(#12960));
#12960 = FILL_AREA_STYLE_COLOUR('',#12301);
#12961 = STYLED_ITEM('color',(#12962),#4300);
#12962 = PRESENTATION_STYLE_ASSIGNMENT((#12963));
#12963 = SURFACE_STYLE_USAGE(.BOTH.,#12964);
#12964 = SURFACE_SIDE_STYLE('',(#12965));
#12965 = SURFACE_STYLE_FILL_AREA(#12966);
#12966 = FILL_AREA_STYLE('',(#12967));
#12967 = FILL_AREA_STYLE_COLOUR('',#12301);
#12968 = STYLED_ITEM('color',(#12969),#4317);
#12969 = PRESENTATION_STYLE_ASSIGNMENT((#12970));
#12970 = SURFACE_STYLE_USAGE(.BOTH.,#12971);
#12971 = SURFACE_SIDE_STYLE('',(#12972));
#12972 = SURFACE_STYLE_FILL_AREA(#12973);
#12973 = FILL_AREA_STYLE('',(#12974));
#12974 = FILL_AREA_STYLE_COLOUR('',#11882);
#12975 = STYLED_ITEM('color',(#12976),#4666);
#12976 = PRESENTATION_STYLE_ASSIGNMENT((#12977));
#12977 = SURFACE_STYLE_USAGE(.BOTH.,#12978);
#12978 = SURFACE_SIDE_STYLE('',(#12979));
#12979 = SURFACE_STYLE_FILL_AREA(#12980);
#12980 = FILL_AREA_STYLE('',(#12981));
#12981 = FILL_AREA_STYLE_COLOUR('',#11882);
#12982 = STYLED_ITEM('color',(#12983),#4717);
#12983 = PRESENTATION_STYLE_ASSIGNMENT((#12984));
#12984 = SURFACE_STYLE_USAGE(.BOTH.,#12985);
#12985 = SURFACE_SIDE_STYLE('',(#12986));
#12986 = SURFACE_STYLE_FILL_AREA(#12987);
#12987 = FILL_AREA_STYLE('',(#12988));
#12988 = FILL_AREA_STYLE_COLOUR('',#12301);
#12989 = STYLED_ITEM('color',(#12990),#4736);
#12990 = PRESENTATION_STYLE_ASSIGNMENT((#12991));
#12991 = SURFACE_STYLE_USAGE(.BOTH.,#12992);
#12992 = SURFACE_SIDE_STYLE('',(#12993));
#12993 = SURFACE_STYLE_FILL_AREA(#12994);
#12994 = FILL_AREA_STYLE('',(#12995));
#12995 = FILL_AREA_STYLE_COLOUR('',#12301);
#12996 = STYLED_ITEM('color',(#12997),#4785);
#12997 = PRESENTATION_STYLE_ASSIGNMENT((#12998));
#12998 = SURFACE_STYLE_USAGE(.BOTH.,#12999);
#12999 = SURFACE_SIDE_STYLE('',(#13000));
#13000 = SURFACE_STYLE_FILL_AREA(#13001);
#13001 = FILL_AREA_STYLE('',(#13002));
#13002 = FILL_AREA_STYLE_COLOUR('',#12301);
#13003 = STYLED_ITEM('color',(#13004),#4809);
#13004 = PRESENTATION_STYLE_ASSIGNMENT((#13005));
#13005 = SURFACE_STYLE_USAGE(.BOTH.,#13006);
#13006 = SURFACE_SIDE_STYLE('',(#13007));
#13007 = SURFACE_STYLE_FILL_AREA(#13008);
#13008 = FILL_AREA_STYLE('',(#13009));
#13009 = FILL_AREA_STYLE_COLOUR('',#12301);
#13010 = STYLED_ITEM('color',(#13011),#4856);
#13011 = PRESENTATION_STYLE_ASSIGNMENT((#13012));
#13012 = SURFACE_STYLE_USAGE(.BOTH.,#13013);
#13013 = SURFACE_SIDE_STYLE('',(#13014));
#13014 = SURFACE_STYLE_FILL_AREA(#13015);
#13015 = FILL_AREA_STYLE('',(#13016));
#13016 = FILL_AREA_STYLE_COLOUR('',#12301);
#13017 = STYLED_ITEM('color',(#13018),#4868);
#13018 = PRESENTATION_STYLE_ASSIGNMENT((#13019));
#13019 = SURFACE_STYLE_USAGE(.BOTH.,#13020);
#13020 = SURFACE_SIDE_STYLE('',(#13021));
#13021 = SURFACE_STYLE_FILL_AREA(#13022);
#13022 = FILL_AREA_STYLE('',(#13023));
#13023 = FILL_AREA_STYLE_COLOUR('',#12301);
#13024 = STYLED_ITEM('color',(#13025),#4922);
#13025 = PRESENTATION_STYLE_ASSIGNMENT((#13026));
#13026 = SURFACE_STYLE_USAGE(.BOTH.,#13027);
#13027 = SURFACE_SIDE_STYLE('',(#13028));
#13028 = SURFACE_STYLE_FILL_AREA(#13029);
#13029 = FILL_AREA_STYLE('',(#13030));
#13030 = FILL_AREA_STYLE_COLOUR('',#12301);
#13031 = STYLED_ITEM('color',(#13032),#4946);
#13032 = PRESENTATION_STYLE_ASSIGNMENT((#13033));
#13033 = SURFACE_STYLE_USAGE(.BOTH.,#13034);
#13034 = SURFACE_SIDE_STYLE('',(#13035));
#13035 = SURFACE_STYLE_FILL_AREA(#13036);
#13036 = FILL_AREA_STYLE('',(#13037));
#13037 = FILL_AREA_STYLE_COLOUR('',#12301);
#13038 = STYLED_ITEM('color',(#13039),#4988);
#13039 = PRESENTATION_STYLE_ASSIGNMENT((#13040));
#13040 = SURFACE_STYLE_USAGE(.BOTH.,#13041);
#13041 = SURFACE_SIDE_STYLE('',(#13042));
#13042 = SURFACE_STYLE_FILL_AREA(#13043);
#13043 = FILL_AREA_STYLE('',(#13044));
#13044 = FILL_AREA_STYLE_COLOUR('',#12301);
#13045 = STYLED_ITEM('color',(#13046),#5007);
#13046 = PRESENTATION_STYLE_ASSIGNMENT((#13047));
#13047 = SURFACE_STYLE_USAGE(.BOTH.,#13048);
#13048 = SURFACE_SIDE_STYLE('',(#13049));
#13049 = SURFACE_STYLE_FILL_AREA(#13050);
#13050 = FILL_AREA_STYLE('',(#13051));
#13051 = FILL_AREA_STYLE_COLOUR('',#12301);
#13052 = STYLED_ITEM('color',(#13053),#5019);
#13053 = PRESENTATION_STYLE_ASSIGNMENT((#13054));
#13054 = SURFACE_STYLE_USAGE(.BOTH.,#13055);
#13055 = SURFACE_SIDE_STYLE('',(#13056));
#13056 = SURFACE_STYLE_FILL_AREA(#13057);
#13057 = FILL_AREA_STYLE('',(#13058));
#13058 = FILL_AREA_STYLE_COLOUR('',#12301);
#13059 = STYLED_ITEM('color',(#13060),#5036);
#13060 = PRESENTATION_STYLE_ASSIGNMENT((#13061));
#13061 = SURFACE_STYLE_USAGE(.BOTH.,#13062);
#13062 = SURFACE_SIDE_STYLE('',(#13063));
#13063 = SURFACE_STYLE_FILL_AREA(#13064);
#13064 = FILL_AREA_STYLE('',(#13065));
#13065 = FILL_AREA_STYLE_COLOUR('',#12301);
#13066 = STYLED_ITEM('color',(#13067),#5053);
#13067 = PRESENTATION_STYLE_ASSIGNMENT((#13068));
#13068 = SURFACE_STYLE_USAGE(.BOTH.,#13069);
#13069 = SURFACE_SIDE_STYLE('',(#13070));
#13070 = SURFACE_STYLE_FILL_AREA(#13071);
#13071 = FILL_AREA_STYLE('',(#13072));
#13072 = FILL_AREA_STYLE_COLOUR('',#12301);
#13073 = STYLED_ITEM('color',(#13074),#5072);
#13074 = PRESENTATION_STYLE_ASSIGNMENT((#13075));
#13075 = SURFACE_STYLE_USAGE(.BOTH.,#13076);
#13076 = SURFACE_SIDE_STYLE('',(#13077));
#13077 = SURFACE_STYLE_FILL_AREA(#13078);
#13078 = FILL_AREA_STYLE('',(#13079));
#13079 = FILL_AREA_STYLE_COLOUR('',#12301);
#13080 = STYLED_ITEM('color',(#13081),#5089);
#13081 = PRESENTATION_STYLE_ASSIGNMENT((#13082));
#13082 = SURFACE_STYLE_USAGE(.BOTH.,#13083);
#13083 = SURFACE_SIDE_STYLE('',(#13084));
#13084 = SURFACE_STYLE_FILL_AREA(#13085);
#13085 = FILL_AREA_STYLE('',(#13086));
#13086 = FILL_AREA_STYLE_COLOUR('',#12301);
#13087 = STYLED_ITEM('color',(#13088),#5154);
#13088 = PRESENTATION_STYLE_ASSIGNMENT((#13089));
#13089 = SURFACE_STYLE_USAGE(.BOTH.,#13090);
#13090 = SURFACE_SIDE_STYLE('',(#13091));
#13091 = SURFACE_STYLE_FILL_AREA(#13092);
#13092 = FILL_AREA_STYLE('',(#13093));
#13093 = FILL_AREA_STYLE_COLOUR('',#12301);
#13094 = STYLED_ITEM('color',(#13095),#5178);
#13095 = PRESENTATION_STYLE_ASSIGNMENT((#13096));
#13096 = SURFACE_STYLE_USAGE(.BOTH.,#13097);
#13097 = SURFACE_SIDE_STYLE('',(#13098));
#13098 = SURFACE_STYLE_FILL_AREA(#13099);
#13099 = FILL_AREA_STYLE('',(#13100));
#13100 = FILL_AREA_STYLE_COLOUR('',#12301);
#13101 = STYLED_ITEM('color',(#13102),#5236);
#13102 = PRESENTATION_STYLE_ASSIGNMENT((#13103));
#13103 = SURFACE_STYLE_USAGE(.BOTH.,#13104);
#13104 = SURFACE_SIDE_STYLE('',(#13105));
#13105 = SURFACE_STYLE_FILL_AREA(#13106);
#13106 = FILL_AREA_STYLE('',(#13107));
#13107 = FILL_AREA_STYLE_COLOUR('',#12301);
#13108 = STYLED_ITEM('color',(#13109),#5258);
#13109 = PRESENTATION_STYLE_ASSIGNMENT((#13110));
#13110 = SURFACE_STYLE_USAGE(.BOTH.,#13111);
#13111 = SURFACE_SIDE_STYLE('',(#13112));
#13112 = SURFACE_STYLE_FILL_AREA(#13113);
#13113 = FILL_AREA_STYLE('',(#13114));
#13114 = FILL_AREA_STYLE_COLOUR('',#12301);
#13115 = STYLED_ITEM('color',(#13116),#5323);
#13116 = PRESENTATION_STYLE_ASSIGNMENT((#13117));
#13117 = SURFACE_STYLE_USAGE(.BOTH.,#13118);
#13118 = SURFACE_SIDE_STYLE('',(#13119));
#13119 = SURFACE_STYLE_FILL_AREA(#13120);
#13120 = FILL_AREA_STYLE('',(#13121));
#13121 = FILL_AREA_STYLE_COLOUR('',#12301);
#13122 = STYLED_ITEM('color',(#13123),#5347);
#13123 = PRESENTATION_STYLE_ASSIGNMENT((#13124));
#13124 = SURFACE_STYLE_USAGE(.BOTH.,#13125);
#13125 = SURFACE_SIDE_STYLE('',(#13126));
#13126 = SURFACE_STYLE_FILL_AREA(#13127);
#13127 = FILL_AREA_STYLE('',(#13128));
#13128 = FILL_AREA_STYLE_COLOUR('',#12301);
#13129 = STYLED_ITEM('color',(#13130),#5405);
#13130 = PRESENTATION_STYLE_ASSIGNMENT((#13131));
#13131 = SURFACE_STYLE_USAGE(.BOTH.,#13132);
#13132 = SURFACE_SIDE_STYLE('',(#13133));
#13133 = SURFACE_STYLE_FILL_AREA(#13134);
#13134 = FILL_AREA_STYLE('',(#13135));
#13135 = FILL_AREA_STYLE_COLOUR('',#12301);
#13136 = STYLED_ITEM('color',(#13137),#5419);
#13137 = PRESENTATION_STYLE_ASSIGNMENT((#13138));
#13138 = SURFACE_STYLE_USAGE(.BOTH.,#13139);
#13139 = SURFACE_SIDE_STYLE('',(#13140));
#13140 = SURFACE_STYLE_FILL_AREA(#13141);
#13141 = FILL_AREA_STYLE('',(#13142));
#13142 = FILL_AREA_STYLE_COLOUR('',#12301);
#13143 = STYLED_ITEM('color',(#13144),#5436);
#13144 = PRESENTATION_STYLE_ASSIGNMENT((#13145));
#13145 = SURFACE_STYLE_USAGE(.BOTH.,#13146);
#13146 = SURFACE_SIDE_STYLE('',(#13147));
#13147 = SURFACE_STYLE_FILL_AREA(#13148);
#13148 = FILL_AREA_STYLE('',(#13149));
#13149 = FILL_AREA_STYLE_COLOUR('',#12301);
#13150 = STYLED_ITEM('color',(#13151),#5453);
#13151 = PRESENTATION_STYLE_ASSIGNMENT((#13152));
#13152 = SURFACE_STYLE_USAGE(.BOTH.,#13153);
#13153 = SURFACE_SIDE_STYLE('',(#13154));
#13154 = SURFACE_STYLE_FILL_AREA(#13155);
#13155 = FILL_AREA_STYLE('',(#13156));
#13156 = FILL_AREA_STYLE_COLOUR('',#11882);
#13157 = STYLED_ITEM('color',(#13158),#5470);
#13158 = PRESENTATION_STYLE_ASSIGNMENT((#13159));
#13159 = SURFACE_STYLE_USAGE(.BOTH.,#13160);
#13160 = SURFACE_SIDE_STYLE('',(#13161));
#13161 = SURFACE_STYLE_FILL_AREA(#13162);
#13162 = FILL_AREA_STYLE('',(#13163));
#13163 = FILL_AREA_STYLE_COLOUR('',#11882);
#13164 = STYLED_ITEM('color',(#13165),#5499);
#13165 = PRESENTATION_STYLE_ASSIGNMENT((#13166));
#13166 = SURFACE_STYLE_USAGE(.BOTH.,#13167);
#13167 = SURFACE_SIDE_STYLE('',(#13168));
#13168 = SURFACE_STYLE_FILL_AREA(#13169);
#13169 = FILL_AREA_STYLE('',(#13170));
#13170 = FILL_AREA_STYLE_COLOUR('',#12301);
#13171 = STYLED_ITEM('color',(#13172),#5516);
#13172 = PRESENTATION_STYLE_ASSIGNMENT((#13173));
#13173 = SURFACE_STYLE_USAGE(.BOTH.,#13174);
#13174 = SURFACE_SIDE_STYLE('',(#13175));
#13175 = SURFACE_STYLE_FILL_AREA(#13176);
#13176 = FILL_AREA_STYLE('',(#13177));
#13177 = FILL_AREA_STYLE_COLOUR('',#12301);
#13178 = STYLED_ITEM('color',(#13179),#5533);
#13179 = PRESENTATION_STYLE_ASSIGNMENT((#13180));
#13180 = SURFACE_STYLE_USAGE(.BOTH.,#13181);
#13181 = SURFACE_SIDE_STYLE('',(#13182));
#13182 = SURFACE_STYLE_FILL_AREA(#13183);
#13183 = FILL_AREA_STYLE('',(#13184));
#13184 = FILL_AREA_STYLE_COLOUR('',#12301);
#13185 = STYLED_ITEM('color',(#13186),#5545);
#13186 = PRESENTATION_STYLE_ASSIGNMENT((#13187));
#13187 = SURFACE_STYLE_USAGE(.BOTH.,#13188);
#13188 = SURFACE_SIDE_STYLE('',(#13189));
#13189 = SURFACE_STYLE_FILL_AREA(#13190);
#13190 = FILL_AREA_STYLE('',(#13191));
#13191 = FILL_AREA_STYLE_COLOUR('',#12301);
#13192 = STYLED_ITEM('color',(#13193),#5562);
#13193 = PRESENTATION_STYLE_ASSIGNMENT((#13194));
#13194 = SURFACE_STYLE_USAGE(.BOTH.,#13195);
#13195 = SURFACE_SIDE_STYLE('',(#13196));
#13196 = SURFACE_STYLE_FILL_AREA(#13197);
#13197 = FILL_AREA_STYLE('',(#13198));
#13198 = FILL_AREA_STYLE_COLOUR('',#12301);
#13199 = STYLED_ITEM('color',(#13200),#5579);
#13200 = PRESENTATION_STYLE_ASSIGNMENT((#13201));
#13201 = SURFACE_STYLE_USAGE(.BOTH.,#13202);
#13202 = SURFACE_SIDE_STYLE('',(#13203));
#13203 = SURFACE_STYLE_FILL_AREA(#13204);
#13204 = FILL_AREA_STYLE('',(#13205));
#13205 = FILL_AREA_STYLE_COLOUR('',#12301);
#13206 = STYLED_ITEM('color',(#13207),#5591);
#13207 = PRESENTATION_STYLE_ASSIGNMENT((#13208));
#13208 = SURFACE_STYLE_USAGE(.BOTH.,#13209);
#13209 = SURFACE_SIDE_STYLE('',(#13210));
#13210 = SURFACE_STYLE_FILL_AREA(#13211);
#13211 = FILL_AREA_STYLE('',(#13212));
#13212 = FILL_AREA_STYLE_COLOUR('',#12301);
#13213 = STYLED_ITEM('color',(#13214),#5608);
#13214 = PRESENTATION_STYLE_ASSIGNMENT((#13215));
#13215 = SURFACE_STYLE_USAGE(.BOTH.,#13216);
#13216 = SURFACE_SIDE_STYLE('',(#13217));
#13217 = SURFACE_STYLE_FILL_AREA(#13218);
#13218 = FILL_AREA_STYLE('',(#13219));
#13219 = FILL_AREA_STYLE_COLOUR('',#12301);
#13220 = STYLED_ITEM('color',(#13221),#5625);
#13221 = PRESENTATION_STYLE_ASSIGNMENT((#13222));
#13222 = SURFACE_STYLE_USAGE(.BOTH.,#13223);
#13223 = SURFACE_SIDE_STYLE('',(#13224));
#13224 = SURFACE_STYLE_FILL_AREA(#13225);
#13225 = FILL_AREA_STYLE('',(#13226));
#13226 = FILL_AREA_STYLE_COLOUR('',#12301);
#13227 = STYLED_ITEM('color',(#13228),#5642);
#13228 = PRESENTATION_STYLE_ASSIGNMENT((#13229));
#13229 = SURFACE_STYLE_USAGE(.BOTH.,#13230);
#13230 = SURFACE_SIDE_STYLE('',(#13231));
#13231 = SURFACE_STYLE_FILL_AREA(#13232);
#13232 = FILL_AREA_STYLE('',(#13233));
#13233 = FILL_AREA_STYLE_COLOUR('',#12301);
#13234 = STYLED_ITEM('color',(#13235),#5659);
#13235 = PRESENTATION_STYLE_ASSIGNMENT((#13236));
#13236 = SURFACE_STYLE_USAGE(.BOTH.,#13237);
#13237 = SURFACE_SIDE_STYLE('',(#13238));
#13238 = SURFACE_STYLE_FILL_AREA(#13239);
#13239 = FILL_AREA_STYLE('',(#13240));
#13240 = FILL_AREA_STYLE_COLOUR('',#12301);
#13241 = STYLED_ITEM('color',(#13242),#5671);
#13242 = PRESENTATION_STYLE_ASSIGNMENT((#13243));
#13243 = SURFACE_STYLE_USAGE(.BOTH.,#13244);
#13244 = SURFACE_SIDE_STYLE('',(#13245));
#13245 = SURFACE_STYLE_FILL_AREA(#13246);
#13246 = FILL_AREA_STYLE('',(#13247));
#13247 = FILL_AREA_STYLE_COLOUR('',#12301);
#13248 = STYLED_ITEM('color',(#13249),#5688);
#13249 = PRESENTATION_STYLE_ASSIGNMENT((#13250));
#13250 = SURFACE_STYLE_USAGE(.BOTH.,#13251);
#13251 = SURFACE_SIDE_STYLE('',(#13252));
#13252 = SURFACE_STYLE_FILL_AREA(#13253);
#13253 = FILL_AREA_STYLE('',(#13254));
#13254 = FILL_AREA_STYLE_COLOUR('',#12301);
#13255 = STYLED_ITEM('color',(#13256),#5705);
#13256 = PRESENTATION_STYLE_ASSIGNMENT((#13257));
#13257 = SURFACE_STYLE_USAGE(.BOTH.,#13258);
#13258 = SURFACE_SIDE_STYLE('',(#13259));
#13259 = SURFACE_STYLE_FILL_AREA(#13260);
#13260 = FILL_AREA_STYLE('',(#13261));
#13261 = FILL_AREA_STYLE_COLOUR('',#12301);
#13262 = STYLED_ITEM('color',(#13263),#5722);
#13263 = PRESENTATION_STYLE_ASSIGNMENT((#13264));
#13264 = SURFACE_STYLE_USAGE(.BOTH.,#13265);
#13265 = SURFACE_SIDE_STYLE('',(#13266));
#13266 = SURFACE_STYLE_FILL_AREA(#13267);
#13267 = FILL_AREA_STYLE('',(#13268));
#13268 = FILL_AREA_STYLE_COLOUR('',#12301);
#13269 = STYLED_ITEM('color',(#13270),#5739);
#13270 = PRESENTATION_STYLE_ASSIGNMENT((#13271));
#13271 = SURFACE_STYLE_USAGE(.BOTH.,#13272);
#13272 = SURFACE_SIDE_STYLE('',(#13273));
#13273 = SURFACE_STYLE_FILL_AREA(#13274);
#13274 = FILL_AREA_STYLE('',(#13275));
#13275 = FILL_AREA_STYLE_COLOUR('',#12301);
#13276 = STYLED_ITEM('color',(#13277),#5751);
#13277 = PRESENTATION_STYLE_ASSIGNMENT((#13278));
#13278 = SURFACE_STYLE_USAGE(.BOTH.,#13279);
#13279 = SURFACE_SIDE_STYLE('',(#13280));
#13280 = SURFACE_STYLE_FILL_AREA(#13281);
#13281 = FILL_AREA_STYLE('',(#13282));
#13282 = FILL_AREA_STYLE_COLOUR('',#11882);
#13283 = STYLED_ITEM('color',(#13284),#5779);
#13284 = PRESENTATION_STYLE_ASSIGNMENT((#13285));
#13285 = SURFACE_STYLE_USAGE(.BOTH.,#13286);
#13286 = SURFACE_SIDE_STYLE('',(#13287));
#13287 = SURFACE_STYLE_FILL_AREA(#13288);
#13288 = FILL_AREA_STYLE('',(#13289));
#13289 = FILL_AREA_STYLE_COLOUR('',#11882);
#13290 = STYLED_ITEM('color',(#13291),#5790);
#13291 = PRESENTATION_STYLE_ASSIGNMENT((#13292));
#13292 = SURFACE_STYLE_USAGE(.BOTH.,#13293);
#13293 = SURFACE_SIDE_STYLE('',(#13294));
#13294 = SURFACE_STYLE_FILL_AREA(#13295);
#13295 = FILL_AREA_STYLE('',(#13296));
#13296 = FILL_AREA_STYLE_COLOUR('',#12301);
#13297 = STYLED_ITEM('color',(#13298),#5807);
#13298 = PRESENTATION_STYLE_ASSIGNMENT((#13299));
#13299 = SURFACE_STYLE_USAGE(.BOTH.,#13300);
#13300 = SURFACE_SIDE_STYLE('',(#13301));
#13301 = SURFACE_STYLE_FILL_AREA(#13302);
#13302 = FILL_AREA_STYLE('',(#13303));
#13303 = FILL_AREA_STYLE_COLOUR('',#12301);
#13304 = STYLED_ITEM('color',(#13305),#5824);
#13305 = PRESENTATION_STYLE_ASSIGNMENT((#13306));
#13306 = SURFACE_STYLE_USAGE(.BOTH.,#13307);
#13307 = SURFACE_SIDE_STYLE('',(#13308));
#13308 = SURFACE_STYLE_FILL_AREA(#13309);
#13309 = FILL_AREA_STYLE('',(#13310));
#13310 = FILL_AREA_STYLE_COLOUR('',#12301);
#13311 = STYLED_ITEM('color',(#13312),#5836);
#13312 = PRESENTATION_STYLE_ASSIGNMENT((#13313));
#13313 = SURFACE_STYLE_USAGE(.BOTH.,#13314);
#13314 = SURFACE_SIDE_STYLE('',(#13315));
#13315 = SURFACE_STYLE_FILL_AREA(#13316);
#13316 = FILL_AREA_STYLE('',(#13317));
#13317 = FILL_AREA_STYLE_COLOUR('',#12301);
#13318 = STYLED_ITEM('color',(#13319),#5853);
#13319 = PRESENTATION_STYLE_ASSIGNMENT((#13320));
#13320 = SURFACE_STYLE_USAGE(.BOTH.,#13321);
#13321 = SURFACE_SIDE_STYLE('',(#13322));
#13322 = SURFACE_STYLE_FILL_AREA(#13323);
#13323 = FILL_AREA_STYLE('',(#13324));
#13324 = FILL_AREA_STYLE_COLOUR('',#12301);
#13325 = STYLED_ITEM('color',(#13326),#5870);
#13326 = PRESENTATION_STYLE_ASSIGNMENT((#13327));
#13327 = SURFACE_STYLE_USAGE(.BOTH.,#13328);
#13328 = SURFACE_SIDE_STYLE('',(#13329));
#13329 = SURFACE_STYLE_FILL_AREA(#13330);
#13330 = FILL_AREA_STYLE('',(#13331));
#13331 = FILL_AREA_STYLE_COLOUR('',#12301);
#13332 = STYLED_ITEM('color',(#13333),#5882);
#13333 = PRESENTATION_STYLE_ASSIGNMENT((#13334));
#13334 = SURFACE_STYLE_USAGE(.BOTH.,#13335);
#13335 = SURFACE_SIDE_STYLE('',(#13336));
#13336 = SURFACE_STYLE_FILL_AREA(#13337);
#13337 = FILL_AREA_STYLE('',(#13338));
#13338 = FILL_AREA_STYLE_COLOUR('',#12301);
#13339 = STYLED_ITEM('color',(#13340),#5899);
#13340 = PRESENTATION_STYLE_ASSIGNMENT((#13341));
#13341 = SURFACE_STYLE_USAGE(.BOTH.,#13342);
#13342 = SURFACE_SIDE_STYLE('',(#13343));
#13343 = SURFACE_STYLE_FILL_AREA(#13344);
#13344 = FILL_AREA_STYLE('',(#13345));
#13345 = FILL_AREA_STYLE_COLOUR('',#12301);
#13346 = STYLED_ITEM('color',(#13347),#5916);
#13347 = PRESENTATION_STYLE_ASSIGNMENT((#13348));
#13348 = SURFACE_STYLE_USAGE(.BOTH.,#13349);
#13349 = SURFACE_SIDE_STYLE('',(#13350));
#13350 = SURFACE_STYLE_FILL_AREA(#13351);
#13351 = FILL_AREA_STYLE('',(#13352));
#13352 = FILL_AREA_STYLE_COLOUR('',#12301);
#13353 = STYLED_ITEM('color',(#13354),#5933);
#13354 = PRESENTATION_STYLE_ASSIGNMENT((#13355));
#13355 = SURFACE_STYLE_USAGE(.BOTH.,#13356);
#13356 = SURFACE_SIDE_STYLE('',(#13357));
#13357 = SURFACE_STYLE_FILL_AREA(#13358);
#13358 = FILL_AREA_STYLE('',(#13359));
#13359 = FILL_AREA_STYLE_COLOUR('',#12301);
#13360 = STYLED_ITEM('color',(#13361),#5950);
#13361 = PRESENTATION_STYLE_ASSIGNMENT((#13362));
#13362 = SURFACE_STYLE_USAGE(.BOTH.,#13363);
#13363 = SURFACE_SIDE_STYLE('',(#13364));
#13364 = SURFACE_STYLE_FILL_AREA(#13365);
#13365 = FILL_AREA_STYLE('',(#13366));
#13366 = FILL_AREA_STYLE_COLOUR('',#12301);
#13367 = STYLED_ITEM('color',(#13368),#5962);
#13368 = PRESENTATION_STYLE_ASSIGNMENT((#13369));
#13369 = SURFACE_STYLE_USAGE(.BOTH.,#13370);
#13370 = SURFACE_SIDE_STYLE('',(#13371));
#13371 = SURFACE_STYLE_FILL_AREA(#13372);
#13372 = FILL_AREA_STYLE('',(#13373));
#13373 = FILL_AREA_STYLE_COLOUR('',#12301);
#13374 = STYLED_ITEM('color',(#13375),#5979);
#13375 = PRESENTATION_STYLE_ASSIGNMENT((#13376));
#13376 = SURFACE_STYLE_USAGE(.BOTH.,#13377);
#13377 = SURFACE_SIDE_STYLE('',(#13378));
#13378 = SURFACE_STYLE_FILL_AREA(#13379);
#13379 = FILL_AREA_STYLE('',(#13380));
#13380 = FILL_AREA_STYLE_COLOUR('',#12301);
#13381 = STYLED_ITEM('color',(#13382),#5996);
#13382 = PRESENTATION_STYLE_ASSIGNMENT((#13383));
#13383 = SURFACE_STYLE_USAGE(.BOTH.,#13384);
#13384 = SURFACE_SIDE_STYLE('',(#13385));
#13385 = SURFACE_STYLE_FILL_AREA(#13386);
#13386 = FILL_AREA_STYLE('',(#13387));
#13387 = FILL_AREA_STYLE_COLOUR('',#12301);
#13388 = STYLED_ITEM('color',(#13389),#6013);
#13389 = PRESENTATION_STYLE_ASSIGNMENT((#13390));
#13390 = SURFACE_STYLE_USAGE(.BOTH.,#13391);
#13391 = SURFACE_SIDE_STYLE('',(#13392));
#13392 = SURFACE_STYLE_FILL_AREA(#13393);
#13393 = FILL_AREA_STYLE('',(#13394));
#13394 = FILL_AREA_STYLE_COLOUR('',#12301);
#13395 = STYLED_ITEM('color',(#13396),#6030);
#13396 = PRESENTATION_STYLE_ASSIGNMENT((#13397));
#13397 = SURFACE_STYLE_USAGE(.BOTH.,#13398);
#13398 = SURFACE_SIDE_STYLE('',(#13399));
#13399 = SURFACE_STYLE_FILL_AREA(#13400);
#13400 = FILL_AREA_STYLE('',(#13401));
#13401 = FILL_AREA_STYLE_COLOUR('',#12301);
#13402 = MECHANICAL_DESIGN_GEOMETRIC_PRESENTATION_REPRESENTATION('',(
    #13403,#13410,#13417,#13425,#13432,#13440,#13447,#13454,#13461,
    #13468,#13475,#13482,#13489,#13496,#13503,#13510,#13517,#13524,
    #13531,#13538,#13545,#13552,#13559,#13566,#13573,#13580,#13587,
    #13594,#13601,#13608,#13615,#13622,#13629,#13636,#13643,#13650,
    #13657,#13664,#13671,#13678,#13685,#13692,#13699,#13706,#13713,
    #13720,#13727,#13734,#13741),#9587);
#13403 = STYLED_ITEM('color',(#13404),#7549);
#13404 = PRESENTATION_STYLE_ASSIGNMENT((#13405));
#13405 = SURFACE_STYLE_USAGE(.BOTH.,#13406);
#13406 = SURFACE_SIDE_STYLE('',(#13407));
#13407 = SURFACE_STYLE_FILL_AREA(#13408);
#13408 = FILL_AREA_STYLE('',(#13409));
#13409 = FILL_AREA_STYLE_COLOUR('',#12301);
#13410 = STYLED_ITEM('color',(#13411),#7566);
#13411 = PRESENTATION_STYLE_ASSIGNMENT((#13412));
#13412 = SURFACE_STYLE_USAGE(.BOTH.,#13413);
#13413 = SURFACE_SIDE_STYLE('',(#13414));
#13414 = SURFACE_STYLE_FILL_AREA(#13415);
#13415 = FILL_AREA_STYLE('',(#13416));
#13416 = FILL_AREA_STYLE_COLOUR('',#12301);
#13417 = STYLED_ITEM('color',(#13418),#7591);
#13418 = PRESENTATION_STYLE_ASSIGNMENT((#13419));
#13419 = SURFACE_STYLE_USAGE(.BOTH.,#13420);
#13420 = SURFACE_SIDE_STYLE('',(#13421));
#13421 = SURFACE_STYLE_FILL_AREA(#13422);
#13422 = FILL_AREA_STYLE('',(#13423));
#13423 = FILL_AREA_STYLE_COLOUR('',#13424);
#13424 = COLOUR_RGB('',0.136999991899,0.40200001271,0.726999997272);
#13425 = STYLED_ITEM('color',(#13426),#7640);
#13426 = PRESENTATION_STYLE_ASSIGNMENT((#13427));
#13427 = SURFACE_STYLE_USAGE(.BOTH.,#13428);
#13428 = SURFACE_SIDE_STYLE('',(#13429));
#13429 = SURFACE_STYLE_FILL_AREA(#13430);
#13430 = FILL_AREA_STYLE('',(#13431));
#13431 = FILL_AREA_STYLE_COLOUR('',#13424);
#13432 = STYLED_ITEM('color',(#13433),#7673);
#13433 = PRESENTATION_STYLE_ASSIGNMENT((#13434));
#13434 = SURFACE_STYLE_USAGE(.BOTH.,#13435);
#13435 = SURFACE_SIDE_STYLE('',(#13436));
#13436 = SURFACE_STYLE_FILL_AREA(#13437);
#13437 = FILL_AREA_STYLE('',(#13438));
#13438 = FILL_AREA_STYLE_COLOUR('',#13439);
#13439 = COLOUR_RGB('',0.690999977303,0.663999984767,0.597999987832);
#13440 = STYLED_ITEM('color',(#13441),#7691);
#13441 = PRESENTATION_STYLE_ASSIGNMENT((#13442));
#13442 = SURFACE_STYLE_USAGE(.BOTH.,#13443);
#13443 = SURFACE_SIDE_STYLE('',(#13444));
#13444 = SURFACE_STYLE_FILL_AREA(#13445);
#13445 = FILL_AREA_STYLE('',(#13446));
#13446 = FILL_AREA_STYLE_COLOUR('',#12301);
#13447 = STYLED_ITEM('color',(#13448),#7716);
#13448 = PRESENTATION_STYLE_ASSIGNMENT((#13449));
#13449 = SURFACE_STYLE_USAGE(.BOTH.,#13450);
#13450 = SURFACE_SIDE_STYLE('',(#13451));
#13451 = SURFACE_STYLE_FILL_AREA(#13452);
#13452 = FILL_AREA_STYLE('',(#13453));
#13453 = FILL_AREA_STYLE_COLOUR('',#13424);
#13454 = STYLED_ITEM('color',(#13455),#7748);
#13455 = PRESENTATION_STYLE_ASSIGNMENT((#13456));
#13456 = SURFACE_STYLE_USAGE(.BOTH.,#13457);
#13457 = SURFACE_SIDE_STYLE('',(#13458));
#13458 = SURFACE_STYLE_FILL_AREA(#13459);
#13459 = FILL_AREA_STYLE('',(#13460));
#13460 = FILL_AREA_STYLE_COLOUR('',#13439);
#13461 = STYLED_ITEM('color',(#13462),#7766);
#13462 = PRESENTATION_STYLE_ASSIGNMENT((#13463));
#13463 = SURFACE_STYLE_USAGE(.BOTH.,#13464);
#13464 = SURFACE_SIDE_STYLE('',(#13465));
#13465 = SURFACE_STYLE_FILL_AREA(#13466);
#13466 = FILL_AREA_STYLE('',(#13467));
#13467 = FILL_AREA_STYLE_COLOUR('',#12301);
#13468 = STYLED_ITEM('color',(#13469),#7775);
#13469 = PRESENTATION_STYLE_ASSIGNMENT((#13470));
#13470 = SURFACE_STYLE_USAGE(.BOTH.,#13471);
#13471 = SURFACE_SIDE_STYLE('',(#13472));
#13472 = SURFACE_STYLE_FILL_AREA(#13473);
#13473 = FILL_AREA_STYLE('',(#13474));
#13474 = FILL_AREA_STYLE_COLOUR('',#13424);
#13475 = STYLED_ITEM('color',(#13476),#7813);
#13476 = PRESENTATION_STYLE_ASSIGNMENT((#13477));
#13477 = SURFACE_STYLE_USAGE(.BOTH.,#13478);
#13478 = SURFACE_SIDE_STYLE('',(#13479));
#13479 = SURFACE_STYLE_FILL_AREA(#13480);
#13480 = FILL_AREA_STYLE('',(#13481));
#13481 = FILL_AREA_STYLE_COLOUR('',#13439);
#13482 = STYLED_ITEM('color',(#13483),#7835);
#13483 = PRESENTATION_STYLE_ASSIGNMENT((#13484));
#13484 = SURFACE_STYLE_USAGE(.BOTH.,#13485);
#13485 = SURFACE_SIDE_STYLE('',(#13486));
#13486 = SURFACE_STYLE_FILL_AREA(#13487);
#13487 = FILL_AREA_STYLE('',(#13488));
#13488 = FILL_AREA_STYLE_COLOUR('',#13424);
#13489 = STYLED_ITEM('color',(#13490),#7895);
#13490 = PRESENTATION_STYLE_ASSIGNMENT((#13491));
#13491 = SURFACE_STYLE_USAGE(.BOTH.,#13492);
#13492 = SURFACE_SIDE_STYLE('',(#13493));
#13493 = SURFACE_STYLE_FILL_AREA(#13494);
#13494 = FILL_AREA_STYLE('',(#13495));
#13495 = FILL_AREA_STYLE_COLOUR('',#13439);
#13496 = STYLED_ITEM('color',(#13497),#7923);
#13497 = PRESENTATION_STYLE_ASSIGNMENT((#13498));
#13498 = SURFACE_STYLE_USAGE(.BOTH.,#13499);
#13499 = SURFACE_SIDE_STYLE('',(#13500));
#13500 = SURFACE_STYLE_FILL_AREA(#13501);
#13501 = FILL_AREA_STYLE('',(#13502));
#13502 = FILL_AREA_STYLE_COLOUR('',#13424);
#13503 = STYLED_ITEM('color',(#13504),#8089);
#13504 = PRESENTATION_STYLE_ASSIGNMENT((#13505));
#13505 = SURFACE_STYLE_USAGE(.BOTH.,#13506);
#13506 = SURFACE_SIDE_STYLE('',(#13507));
#13507 = SURFACE_STYLE_FILL_AREA(#13508);
#13508 = FILL_AREA_STYLE('',(#13509));
#13509 = FILL_AREA_STYLE_COLOUR('',#13439);
#13510 = STYLED_ITEM('color',(#13511),#8155);
#13511 = PRESENTATION_STYLE_ASSIGNMENT((#13512));
#13512 = SURFACE_STYLE_USAGE(.BOTH.,#13513);
#13513 = SURFACE_SIDE_STYLE('',(#13514));
#13514 = SURFACE_STYLE_FILL_AREA(#13515);
#13515 = FILL_AREA_STYLE('',(#13516));
#13516 = FILL_AREA_STYLE_COLOUR('',#13424);
#13517 = STYLED_ITEM('color',(#13518),#8221);
#13518 = PRESENTATION_STYLE_ASSIGNMENT((#13519));
#13519 = SURFACE_STYLE_USAGE(.BOTH.,#13520);
#13520 = SURFACE_SIDE_STYLE('',(#13521));
#13521 = SURFACE_STYLE_FILL_AREA(#13522);
#13522 = FILL_AREA_STYLE('',(#13523));
#13523 = FILL_AREA_STYLE_COLOUR('',#13439);
#13524 = STYLED_ITEM('color',(#13525),#8339);
#13525 = PRESENTATION_STYLE_ASSIGNMENT((#13526));
#13526 = SURFACE_STYLE_USAGE(.BOTH.,#13527);
#13527 = SURFACE_SIDE_STYLE('',(#13528));
#13528 = SURFACE_STYLE_FILL_AREA(#13529);
#13529 = FILL_AREA_STYLE('',(#13530));
#13530 = FILL_AREA_STYLE_COLOUR('',#13424);
#13531 = STYLED_ITEM('color',(#13532),#8505);
#13532 = PRESENTATION_STYLE_ASSIGNMENT((#13533));
#13533 = SURFACE_STYLE_USAGE(.BOTH.,#13534);
#13534 = SURFACE_SIDE_STYLE('',(#13535));
#13535 = SURFACE_STYLE_FILL_AREA(#13536);
#13536 = FILL_AREA_STYLE('',(#13537));
#13537 = FILL_AREA_STYLE_COLOUR('',#13439);
#13538 = STYLED_ITEM('color',(#13539),#8585);
#13539 = PRESENTATION_STYLE_ASSIGNMENT((#13540));
#13540 = SURFACE_STYLE_USAGE(.BOTH.,#13541);
#13541 = SURFACE_SIDE_STYLE('',(#13542));
#13542 = SURFACE_STYLE_FILL_AREA(#13543);
#13543 = FILL_AREA_STYLE('',(#13544));
#13544 = FILL_AREA_STYLE_COLOUR('',#11882);
#13545 = STYLED_ITEM('color',(#13546),#8619);
#13546 = PRESENTATION_STYLE_ASSIGNMENT((#13547));
#13547 = SURFACE_STYLE_USAGE(.BOTH.,#13548);
#13548 = SURFACE_SIDE_STYLE('',(#13549));
#13549 = SURFACE_STYLE_FILL_AREA(#13550);
#13550 = FILL_AREA_STYLE('',(#13551));
#13551 = FILL_AREA_STYLE_COLOUR('',#13439);
#13552 = STYLED_ITEM('color',(#13553),#8699);
#13553 = PRESENTATION_STYLE_ASSIGNMENT((#13554));
#13554 = SURFACE_STYLE_USAGE(.BOTH.,#13555);
#13555 = SURFACE_SIDE_STYLE('',(#13556));
#13556 = SURFACE_STYLE_FILL_AREA(#13557);
#13557 = FILL_AREA_STYLE('',(#13558));
#13558 = FILL_AREA_STYLE_COLOUR('',#13424);
#13559 = STYLED_ITEM('color',(#13560),#8731);
#13560 = PRESENTATION_STYLE_ASSIGNMENT((#13561));
#13561 = SURFACE_STYLE_USAGE(.BOTH.,#13562);
#13562 = SURFACE_SIDE_STYLE('',(#13563));
#13563 = SURFACE_STYLE_FILL_AREA(#13564);
#13564 = FILL_AREA_STYLE('',(#13565));
#13565 = FILL_AREA_STYLE_COLOUR('',#11882);
#13566 = STYLED_ITEM('color',(#13567),#8797);
#13567 = PRESENTATION_STYLE_ASSIGNMENT((#13568));
#13568 = SURFACE_STYLE_USAGE(.BOTH.,#13569);
#13569 = SURFACE_SIDE_STYLE('',(#13570));
#13570 = SURFACE_STYLE_FILL_AREA(#13571);
#13571 = FILL_AREA_STYLE('',(#13572));
#13572 = FILL_AREA_STYLE_COLOUR('',#13439);
#13573 = STYLED_ITEM('color',(#13574),#8874);
#13574 = PRESENTATION_STYLE_ASSIGNMENT((#13575));
#13575 = SURFACE_STYLE_USAGE(.BOTH.,#13576);
#13576 = SURFACE_SIDE_STYLE('',(#13577));
#13577 = SURFACE_STYLE_FILL_AREA(#13578);
#13578 = FILL_AREA_STYLE('',(#13579));
#13579 = FILL_AREA_STYLE_COLOUR('',#13424);
#13580 = STYLED_ITEM('color',(#13581),#8908);
#13581 = PRESENTATION_STYLE_ASSIGNMENT((#13582));
#13582 = SURFACE_STYLE_USAGE(.BOTH.,#13583);
#13583 = SURFACE_SIDE_STYLE('',(#13584));
#13584 = SURFACE_STYLE_FILL_AREA(#13585);
#13585 = FILL_AREA_STYLE('',(#13586));
#13586 = FILL_AREA_STYLE_COLOUR('',#11882);
#13587 = STYLED_ITEM('color',(#13588),#8923);
#13588 = PRESENTATION_STYLE_ASSIGNMENT((#13589));
#13589 = SURFACE_STYLE_USAGE(.BOTH.,#13590);
#13590 = SURFACE_SIDE_STYLE('',(#13591));
#13591 = SURFACE_STYLE_FILL_AREA(#13592);
#13592 = FILL_AREA_STYLE('',(#13593));
#13593 = FILL_AREA_STYLE_COLOUR('',#13439);
#13594 = STYLED_ITEM('color',(#13595),#8941);
#13595 = PRESENTATION_STYLE_ASSIGNMENT((#13596));
#13596 = SURFACE_STYLE_USAGE(.BOTH.,#13597);
#13597 = SURFACE_SIDE_STYLE('',(#13598));
#13598 = SURFACE_STYLE_FILL_AREA(#13599);
#13599 = FILL_AREA_STYLE('',(#13600));
#13600 = FILL_AREA_STYLE_COLOUR('',#13424);
#13601 = STYLED_ITEM('color',(#13602),#8973);
#13602 = PRESENTATION_STYLE_ASSIGNMENT((#13603));
#13603 = SURFACE_STYLE_USAGE(.BOTH.,#13604);
#13604 = SURFACE_SIDE_STYLE('',(#13605));
#13605 = SURFACE_STYLE_FILL_AREA(#13606);
#13606 = FILL_AREA_STYLE('',(#13607));
#13607 = FILL_AREA_STYLE_COLOUR('',#13439);
#13608 = STYLED_ITEM('color',(#13609),#8991);
#13609 = PRESENTATION_STYLE_ASSIGNMENT((#13610));
#13610 = SURFACE_STYLE_USAGE(.BOTH.,#13611);
#13611 = SURFACE_SIDE_STYLE('',(#13612));
#13612 = SURFACE_STYLE_FILL_AREA(#13613);
#13613 = FILL_AREA_STYLE('',(#13614));
#13614 = FILL_AREA_STYLE_COLOUR('',#13424);
#13615 = STYLED_ITEM('color',(#13616),#9134);
#13616 = PRESENTATION_STYLE_ASSIGNMENT((#13617));
#13617 = SURFACE_STYLE_USAGE(.BOTH.,#13618);
#13618 = SURFACE_SIDE_STYLE('',(#13619));
#13619 = SURFACE_STYLE_FILL_AREA(#13620);
#13620 = FILL_AREA_STYLE('',(#13621));
#13621 = FILL_AREA_STYLE_COLOUR('',#13439);
#13622 = STYLED_ITEM('color',(#13623),#9186);
#13623 = PRESENTATION_STYLE_ASSIGNMENT((#13624));
#13624 = SURFACE_STYLE_USAGE(.BOTH.,#13625);
#13625 = SURFACE_SIDE_STYLE('',(#13626));
#13626 = SURFACE_STYLE_FILL_AREA(#13627);
#13627 = FILL_AREA_STYLE('',(#13628));
#13628 = FILL_AREA_STYLE_COLOUR('',#12301);
#13629 = STYLED_ITEM('color',(#13630),#9210);
#13630 = PRESENTATION_STYLE_ASSIGNMENT((#13631));
#13631 = SURFACE_STYLE_USAGE(.BOTH.,#13632);
#13632 = SURFACE_SIDE_STYLE('',(#13633));
#13633 = SURFACE_STYLE_FILL_AREA(#13634);
#13634 = FILL_AREA_STYLE('',(#13635));
#13635 = FILL_AREA_STYLE_COLOUR('',#12301);
#13636 = STYLED_ITEM('color',(#13637),#9234);
#13637 = PRESENTATION_STYLE_ASSIGNMENT((#13638));
#13638 = SURFACE_STYLE_USAGE(.BOTH.,#13639);
#13639 = SURFACE_SIDE_STYLE('',(#13640));
#13640 = SURFACE_STYLE_FILL_AREA(#13641);
#13641 = FILL_AREA_STYLE('',(#13642));
#13642 = FILL_AREA_STYLE_COLOUR('',#12301);
#13643 = STYLED_ITEM('color',(#13644),#9258);
#13644 = PRESENTATION_STYLE_ASSIGNMENT((#13645));
#13645 = SURFACE_STYLE_USAGE(.BOTH.,#13646);
#13646 = SURFACE_SIDE_STYLE('',(#13647));
#13647 = SURFACE_STYLE_FILL_AREA(#13648);
#13648 = FILL_AREA_STYLE('',(#13649));
#13649 = FILL_AREA_STYLE_COLOUR('',#12301);
#13650 = STYLED_ITEM('color',(#13651),#9320);
#13651 = PRESENTATION_STYLE_ASSIGNMENT((#13652));
#13652 = SURFACE_STYLE_USAGE(.BOTH.,#13653);
#13653 = SURFACE_SIDE_STYLE('',(#13654));
#13654 = SURFACE_STYLE_FILL_AREA(#13655);
#13655 = FILL_AREA_STYLE('',(#13656));
#13656 = FILL_AREA_STYLE_COLOUR('',#12301);
#13657 = STYLED_ITEM('color',(#13658),#9337);
#13658 = PRESENTATION_STYLE_ASSIGNMENT((#13659));
#13659 = SURFACE_STYLE_USAGE(.BOTH.,#13660);
#13660 = SURFACE_SIDE_STYLE('',(#13661));
#13661 = SURFACE_STYLE_FILL_AREA(#13662);
#13662 = FILL_AREA_STYLE('',(#13663));
#13663 = FILL_AREA_STYLE_COLOUR('',#12301);
#13664 = STYLED_ITEM('color',(#13665),#9361);
#13665 = PRESENTATION_STYLE_ASSIGNMENT((#13666));
#13666 = SURFACE_STYLE_USAGE(.BOTH.,#13667);
#13667 = SURFACE_SIDE_STYLE('',(#13668));
#13668 = SURFACE_STYLE_FILL_AREA(#13669);
#13669 = FILL_AREA_STYLE('',(#13670));
#13670 = FILL_AREA_STYLE_COLOUR('',#12301);
#13671 = STYLED_ITEM('color',(#13672),#9377);
#13672 = PRESENTATION_STYLE_ASSIGNMENT((#13673));
#13673 = SURFACE_STYLE_USAGE(.BOTH.,#13674);
#13674 = SURFACE_SIDE_STYLE('',(#13675));
#13675 = SURFACE_STYLE_FILL_AREA(#13676);
#13676 = FILL_AREA_STYLE('',(#13677));
#13677 = FILL_AREA_STYLE_COLOUR('',#12301);
#13678 = STYLED_ITEM('color',(#13679),#9401);
#13679 = PRESENTATION_STYLE_ASSIGNMENT((#13680));
#13680 = SURFACE_STYLE_USAGE(.BOTH.,#13681);
#13681 = SURFACE_SIDE_STYLE('',(#13682));
#13682 = SURFACE_STYLE_FILL_AREA(#13683);
#13683 = FILL_AREA_STYLE('',(#13684));
#13684 = FILL_AREA_STYLE_COLOUR('',#12301);
#13685 = STYLED_ITEM('color',(#13686),#9413);
#13686 = PRESENTATION_STYLE_ASSIGNMENT((#13687));
#13687 = SURFACE_STYLE_USAGE(.BOTH.,#13688);
#13688 = SURFACE_SIDE_STYLE('',(#13689));
#13689 = SURFACE_STYLE_FILL_AREA(#13690);
#13690 = FILL_AREA_STYLE('',(#13691));
#13691 = FILL_AREA_STYLE_COLOUR('',#12301);
#13692 = STYLED_ITEM('color',(#13693),#9429);
#13693 = PRESENTATION_STYLE_ASSIGNMENT((#13694));
#13694 = SURFACE_STYLE_USAGE(.BOTH.,#13695);
#13695 = SURFACE_SIDE_STYLE('',(#13696));
#13696 = SURFACE_STYLE_FILL_AREA(#13697);
#13697 = FILL_AREA_STYLE('',(#13698));
#13698 = FILL_AREA_STYLE_COLOUR('',#12301);
#13699 = STYLED_ITEM('color',(#13700),#9441);
#13700 = PRESENTATION_STYLE_ASSIGNMENT((#13701));
#13701 = SURFACE_STYLE_USAGE(.BOTH.,#13702);
#13702 = SURFACE_SIDE_STYLE('',(#13703));
#13703 = SURFACE_STYLE_FILL_AREA(#13704);
#13704 = FILL_AREA_STYLE('',(#13705));
#13705 = FILL_AREA_STYLE_COLOUR('',#12301);
#13706 = STYLED_ITEM('color',(#13707),#9453);
#13707 = PRESENTATION_STYLE_ASSIGNMENT((#13708));
#13708 = SURFACE_STYLE_USAGE(.BOTH.,#13709);
#13709 = SURFACE_SIDE_STYLE('',(#13710));
#13710 = SURFACE_STYLE_FILL_AREA(#13711);
#13711 = FILL_AREA_STYLE('',(#13712));
#13712 = FILL_AREA_STYLE_COLOUR('',#12301);
#13713 = STYLED_ITEM('color',(#13714),#9467);
#13714 = PRESENTATION_STYLE_ASSIGNMENT((#13715));
#13715 = SURFACE_STYLE_USAGE(.BOTH.,#13716);
#13716 = SURFACE_SIDE_STYLE('',(#13717));
#13717 = SURFACE_STYLE_FILL_AREA(#13718);
#13718 = FILL_AREA_STYLE('',(#13719));
#13719 = FILL_AREA_STYLE_COLOUR('',#13439);
#13720 = STYLED_ITEM('color',(#13721),#9500);
#13721 = PRESENTATION_STYLE_ASSIGNMENT((#13722));
#13722 = SURFACE_STYLE_USAGE(.BOTH.,#13723);
#13723 = SURFACE_SIDE_STYLE('',(#13724));
#13724 = SURFACE_STYLE_FILL_AREA(#13725);
#13725 = FILL_AREA_STYLE('',(#13726));
#13726 = FILL_AREA_STYLE_COLOUR('',#13439);
#13727 = STYLED_ITEM('color',(#13728),#9532);
#13728 = PRESENTATION_STYLE_ASSIGNMENT((#13729));
#13729 = SURFACE_STYLE_USAGE(.BOTH.,#13730);
#13730 = SURFACE_SIDE_STYLE('',(#13731));
#13731 = SURFACE_STYLE_FILL_AREA(#13732);
#13732 = FILL_AREA_STYLE('',(#13733));
#13733 = FILL_AREA_STYLE_COLOUR('',#13424);
#13734 = STYLED_ITEM('color',(#13735),#9549);
#13735 = PRESENTATION_STYLE_ASSIGNMENT((#13736));
#13736 = SURFACE_STYLE_USAGE(.BOTH.,#13737);
#13737 = SURFACE_SIDE_STYLE('',(#13738));
#13738 = SURFACE_STYLE_FILL_AREA(#13739);
#13739 = FILL_AREA_STYLE('',(#13740));
#13740 = FILL_AREA_STYLE_COLOUR('',#13424);
#13741 = STYLED_ITEM('color',(#13742),#9576);
#13742 = PRESENTATION_STYLE_ASSIGNMENT((#13743));
#13743 = SURFACE_STYLE_USAGE(.BOTH.,#13744);
#13744 = SURFACE_SIDE_STYLE('',(#13745));
#13745 = SURFACE_STYLE_FILL_AREA(#13746);
#13746 = FILL_AREA_STYLE('',(#13747));
#13747 = FILL_AREA_STYLE_COLOUR('',#12301);
#13748 = MECHANICAL_DESIGN_GEOMETRIC_PRESENTATION_REPRESENTATION('',(
    #13749,#13757,#13764,#13771,#13778,#13785,#13792,#13799,#13806,
    #13813,#13820,#13827,#13834,#13841,#13848),#764);
#13749 = STYLED_ITEM('color',(#13750),#103);
#13750 = PRESENTATION_STYLE_ASSIGNMENT((#13751));
#13751 = SURFACE_STYLE_USAGE(.BOTH.,#13752);
#13752 = SURFACE_SIDE_STYLE('',(#13753));
#13753 = SURFACE_STYLE_FILL_AREA(#13754);
#13754 = FILL_AREA_STYLE('',(#13755));
#13755 = FILL_AREA_STYLE_COLOUR('',#13756);
#13756 = COLOUR_RGB('',0.883000012551,0.711000022565,0.492000011028);
#13757 = STYLED_ITEM('color',(#13758),#136);
#13758 = PRESENTATION_STYLE_ASSIGNMENT((#13759));
#13759 = SURFACE_STYLE_USAGE(.BOTH.,#13760);
#13760 = SURFACE_SIDE_STYLE('',(#13761));
#13761 = SURFACE_STYLE_FILL_AREA(#13762);
#13762 = FILL_AREA_STYLE('',(#13763));
#13763 = FILL_AREA_STYLE_COLOUR('',#13756);
#13764 = STYLED_ITEM('color',(#13765),#162);
#13765 = PRESENTATION_STYLE_ASSIGNMENT((#13766));
#13766 = SURFACE_STYLE_USAGE(.BOTH.,#13767);
#13767 = SURFACE_SIDE_STYLE('',(#13768));
#13768 = SURFACE_STYLE_FILL_AREA(#13769);
#13769 = FILL_AREA_STYLE('',(#13770));
#13770 = FILL_AREA_STYLE_COLOUR('',#13756);
#13771 = STYLED_ITEM('color',(#13772),#182);
#13772 = PRESENTATION_STYLE_ASSIGNMENT((#13773));
#13773 = SURFACE_STYLE_USAGE(.BOTH.,#13774);
#13774 = SURFACE_SIDE_STYLE('',(#13775));
#13775 = SURFACE_STYLE_FILL_AREA(#13776);
#13776 = FILL_AREA_STYLE('',(#13777));
#13777 = FILL_AREA_STYLE_COLOUR('',#13756);
#13778 = STYLED_ITEM('color',(#13779),#365);
#13779 = PRESENTATION_STYLE_ASSIGNMENT((#13780));
#13780 = SURFACE_STYLE_USAGE(.BOTH.,#13781);
#13781 = SURFACE_SIDE_STYLE('',(#13782));
#13782 = SURFACE_STYLE_FILL_AREA(#13783);
#13783 = FILL_AREA_STYLE('',(#13784));
#13784 = FILL_AREA_STYLE_COLOUR('',#13756);
#13785 = STYLED_ITEM('color',(#13786),#390);
#13786 = PRESENTATION_STYLE_ASSIGNMENT((#13787));
#13787 = SURFACE_STYLE_USAGE(.BOTH.,#13788);
#13788 = SURFACE_SIDE_STYLE('',(#13789));
#13789 = SURFACE_STYLE_FILL_AREA(#13790);
#13790 = FILL_AREA_STYLE('',(#13791));
#13791 = FILL_AREA_STYLE_COLOUR('',#12301);
#13792 = STYLED_ITEM('color',(#13793),#416);
#13793 = PRESENTATION_STYLE_ASSIGNMENT((#13794));
#13794 = SURFACE_STYLE_USAGE(.BOTH.,#13795);
#13795 = SURFACE_SIDE_STYLE('',(#13796));
#13796 = SURFACE_STYLE_FILL_AREA(#13797);
#13797 = FILL_AREA_STYLE('',(#13798));
#13798 = FILL_AREA_STYLE_COLOUR('',#13756);
#13799 = STYLED_ITEM('color',(#13800),#436);
#13800 = PRESENTATION_STYLE_ASSIGNMENT((#13801));
#13801 = SURFACE_STYLE_USAGE(.BOTH.,#13802);
#13802 = SURFACE_SIDE_STYLE('',(#13803));
#13803 = SURFACE_STYLE_FILL_AREA(#13804);
#13804 = FILL_AREA_STYLE('',(#13805));
#13805 = FILL_AREA_STYLE_COLOUR('',#12301);
#13806 = STYLED_ITEM('color',(#13807),#461);
#13807 = PRESENTATION_STYLE_ASSIGNMENT((#13808));
#13808 = SURFACE_STYLE_USAGE(.BOTH.,#13809);
#13809 = SURFACE_SIDE_STYLE('',(#13810));
#13810 = SURFACE_STYLE_FILL_AREA(#13811);
#13811 = FILL_AREA_STYLE('',(#13812));
#13812 = FILL_AREA_STYLE_COLOUR('',#13756);
#13813 = STYLED_ITEM('color',(#13814),#486);
#13814 = PRESENTATION_STYLE_ASSIGNMENT((#13815));
#13815 = SURFACE_STYLE_USAGE(.BOTH.,#13816);
#13816 = SURFACE_SIDE_STYLE('',(#13817));
#13817 = SURFACE_STYLE_FILL_AREA(#13818);
#13818 = FILL_AREA_STYLE('',(#13819));
#13819 = FILL_AREA_STYLE_COLOUR('',#12301);
#13820 = STYLED_ITEM('color',(#13821),#495);
#13821 = PRESENTATION_STYLE_ASSIGNMENT((#13822));
#13822 = SURFACE_STYLE_USAGE(.BOTH.,#13823);
#13823 = SURFACE_SIDE_STYLE('',(#13824));
#13824 = SURFACE_STYLE_FILL_AREA(#13825);
#13825 = FILL_AREA_STYLE('',(#13826));
#13826 = FILL_AREA_STYLE_COLOUR('',#13756);
#13827 = STYLED_ITEM('color',(#13828),#521);
#13828 = PRESENTATION_STYLE_ASSIGNMENT((#13829));
#13829 = SURFACE_STYLE_USAGE(.BOTH.,#13830);
#13830 = SURFACE_SIDE_STYLE('',(#13831));
#13831 = SURFACE_STYLE_FILL_AREA(#13832);
#13832 = FILL_AREA_STYLE('',(#13833));
#13833 = FILL_AREA_STYLE_COLOUR('',#13756);
#13834 = STYLED_ITEM('color',(#13835),#704);
#13835 = PRESENTATION_STYLE_ASSIGNMENT((#13836));
#13836 = SURFACE_STYLE_USAGE(.BOTH.,#13837);
#13837 = SURFACE_SIDE_STYLE('',(#13838));
#13838 = SURFACE_STYLE_FILL_AREA(#13839);
#13839 = FILL_AREA_STYLE('',(#13840));
#13840 = FILL_AREA_STYLE_COLOUR('',#12301);
#13841 = STYLED_ITEM('color',(#13842),#730);
#13842 = PRESENTATION_STYLE_ASSIGNMENT((#13843));
#13843 = SURFACE_STYLE_USAGE(.BOTH.,#13844);
#13844 = SURFACE_SIDE_STYLE('',(#13845));
#13845 = SURFACE_STYLE_FILL_AREA(#13846);
#13846 = FILL_AREA_STYLE('',(#13847));
#13847 = FILL_AREA_STYLE_COLOUR('',#12301);
#13848 = STYLED_ITEM('color',(#13849),#755);
#13849 = PRESENTATION_STYLE_ASSIGNMENT((#13850));
#13850 = SURFACE_STYLE_USAGE(.BOTH.,#13851);
#13851 = SURFACE_SIDE_STYLE('',(#13852));
#13852 = SURFACE_STYLE_FILL_AREA(#13853);
#13853 = FILL_AREA_STYLE('',(#13854));
#13854 = FILL_AREA_STYLE_COLOUR('',#12301);
ENDSEC;
END-ISO-10303-21;
